Symbol,EntryDate,ExitDate,EntryPrice,ExitPrice
HINDPETRO,2015-05-28,2015-06-05,59.17316818237305,63.556373596191406
MARICO,2015-05-28,2015-06-05,176.92462158203125,189.5528717041016
SRF,2015-05-28,2015-06-05,192.06065368652344,205.63262939453125
UPL,2015-05-28,2015-06-05,312.6187744140625,331.44586181640625
COALINDIA,2015-05-28,2015-06-05,173.79432678222656,183.7682037353516
IDEA,2015-05-28,2015-06-05,100.8817901611328,106.60557556152344
HFCL,2015-06-05,2015-06-15,9.813108444213867,11.824796676635742
BAJAJ-AUTO,2015-06-05,2015-06-15,1696.4066162109375,1799.6881103515625
BAJFINANCE,2015-06-05,2015-06-15,431.9590148925781,457.6447448730469
ICICIBANK,2015-06-05,2015-06-15,239.1079864501953,251.8166656494141
GLENMARK,2015-06-05,2015-06-15,814.7708740234375,857.4303588867188
NBCC,2015-06-05,2015-06-15,28.35026741027832,29.75874137878418
M&MFIN,2015-06-15,2015-06-23,127.64055633544922,149.00856018066406
UNIONBANK,2015-06-15,2015-06-23,121.30193328857422,139.91493225097656
LICHSGFIN,2015-06-15,2015-06-23,325.3882141113281,372.9607849121094
BAJFINANCE,2015-06-15,2015-06-23,457.6447448730469,516.2467041015625
CYIENT,2015-06-15,2015-06-23,423.5140380859375,477.1583251953125
IOC,2015-06-15,2015-06-23,31.88937187194824,35.92406463623047
NBCC,2015-06-23,2015-07-01,31.43078994750977,38.88621520996094
IGL,2015-06-23,2015-07-01,32.242313385009766,37.17848587036133
SRF,2015-06-23,2015-07-01,213.2169647216797,235.086166381836
KEI,2015-06-23,2015-07-01,64.36219787597656,70.80810546875
LUPIN,2015-06-23,2015-07-01,1677.2542724609375,1775.1195068359375
BHEL,2015-06-23,2015-07-01,145.6740264892578,153.9794921875
HFCL,2015-07-01,2015-07-09,11.481338500976562,12.806107521057127
CGPOWER,2015-07-01,2015-07-09,55.83962631225586,62.06499099731445
BAJAJFINSV,2015-07-01,2015-07-09,154.9197998046875,170.12249755859375
HINDPETRO,2015-07-01,2015-07-09,68.73058319091797,74.91918182373047
CHOLAFIN,2015-07-01,2015-07-09,123.54193878173828,133.4326171875
IOC,2015-07-01,2015-07-09,35.35091018676758,37.76539993286133
COFORGE,2015-07-09,2015-07-17,329.31005859375,407.3890686035156
GRANULES,2015-07-09,2015-07-17,76.48680114746094,92.018798828125
APLAPOLLO,2015-07-09,2015-07-17,35.93761444091797,43.11008834838867
BSOFT,2015-07-09,2015-07-17,48.30742263793945,57.62126922607422
TATAELXSI,2015-07-09,2015-07-17,531.5111083984375,599.6321411132812
AARTIIND,2015-07-09,2015-07-17,77.98480987548828,87.16563415527344
TATAELXSI,2015-07-17,2015-07-27,599.6321411132812,753.9635620117188
KEI,2015-07-17,2015-07-27,81.56744384765625,96.30096435546876
GRANULES,2015-07-17,2015-07-27,92.018798828125,107.73847198486328
ABFRL,2015-07-17,2015-07-27,192.21290588378903,213.2577667236328
ASHOKLEY,2015-07-17,2015-07-27,59.4975471496582,64.0499496459961
INFY,2015-07-17,2015-07-27,394.7000427246094,419.6974792480469
UNIONBANK,2015-07-27,2015-08-04,135.4752960205078,178.37725830078125
BANKBARODA,2015-07-27,2015-08-04,138.66578674316406,173.94679260253906
HFCL,2015-07-27,2015-08-04,12.707977294921877,15.70097541809082
ADANIENT,2015-07-27,2015-08-04,41.531986236572266,49.8430290222168
BAJAJFINSV,2015-07-27,2015-08-04,170.8990936279297,201.7725372314453
PNB,2015-07-27,2015-08-04,129.03298950195312,151.9467315673828
COFORGE,2015-08-04,2015-08-12,406.6521911621094,463.9474487304688
GODREJPROP,2015-08-04,2015-08-12,261.25,295.1000061035156
DIVISLAB,2015-08-04,2015-08-12,894.4112548828125,1004.59765625
CUMMINSIND,2015-08-04,2015-08-12,859.2669067382812,950.8646850585938
CHAMBLFERT,2015-08-04,2015-08-12,48.59431457519531,53.13031005859375
AARTIIND,2015-08-04,2015-08-12,90.1294174194336,97.88622283935548
TATAELXSI,2015-08-12,2015-08-20,768.09619140625,946.342529296875
GRANULES,2015-08-12,2015-08-20,98.24415588378906,118.20441436767578
GLENMARK,2015-08-12,2015-08-20,997.1218872070312,1177.4482421875
BANKBARODA,2015-08-12,2015-08-20,160.28964233398438,183.0971069335937
KEI,2015-08-12,2015-08-20,99.64508819580078,111.03447723388672
CANBK,2015-08-12,2015-08-20,51.463809967041016,57.33133316040039
NMDC,2015-08-20,2015-08-28,4.406247615814209,4.692488670349121
PRESTIGE,2015-08-20,2015-08-28,192.8672332763672,201.3480529785156
PEL,2015-08-20,2015-08-28,411.6707458496094,425.5947570800781
MPHASIS,2015-08-20,2015-08-28,323.6000061035156,333.6200256347656
COALINDIA,2015-08-20,2015-08-28,158.60690307617188,162.0977325439453
M&MFIN,2015-08-20,2015-08-28,144.8134307861328,147.58197021484375
APLAPOLLO,2015-08-28,2015-09-07,40.8734016418457,45.71793746948242
NATIONALUM,2015-08-28,2015-09-07,17.26256561279297,18.803869247436523
CYIENT,2015-08-28,2015-09-07,440.3493347167969,472.9517211914063
TECHM,2015-08-28,2015-09-07,406.8234252929688,423.922119140625
BALKRISIND,2015-08-28,2015-09-07,288.6978454589844,300.1962585449219
INDUSTOWER,2015-08-28,2015-09-07,275.5016174316406,285.58648681640625
ABFRL,2015-09-07,2015-09-15,177.67373657226562,231.54263305664065
JSWENERGY,2015-09-07,2015-09-15,60.60502243041992,73.5854263305664
HFCL,2015-09-07,2015-09-15,12.070124626159668,14.37620449066162
NCC,2015-09-07,2015-09-15,48.1328239440918,54.76581573486328
NTPC,2015-09-07,2015-09-15,62.38912963867188,70.28474426269531
CONCOR,2015-09-07,2015-09-15,362.6909484863281,408.46527099609375
GRANULES,2015-09-15,2015-09-24,108.53099060058594,133.49313354492188
AARTIIND,2015-09-15,2015-09-24,96.54354095458984,114.49649810791016
TORNTPOWER,2015-09-15,2015-09-24,128.27264404296875,148.75038146972656
ZYDUSLIFE,2015-09-15,2015-09-24,322.3258361816406,367.74365234375
NCC,2015-09-15,2015-09-24,54.76581573486328,62.31520462036133
TRENT,2015-09-15,2015-09-24,116.55081939697266,128.74752807617188
JINDALSTEL,2015-09-24,2015-10-06,59.13302230834961,73.01471710205078
AARTIIND,2015-09-24,2015-10-06,114.49649810791016,132.007568359375
IRB,2015-09-24,2015-10-06,19.39130210876465,22.13589096069336
IDEA,2015-09-24,2015-10-06,83.36688995361328,94.98137664794922
VOLTAS,2015-09-24,2015-10-06,233.8862152099609,263.56011962890625
SHREECEM,2015-09-24,2015-10-06,10733.3876953125,12093.2705078125
VEDL,2015-10-06,2015-10-14,28.348182678222656,35.69157791137695
HINDALCO,2015-10-06,2015-10-14,70.89326477050781,83.74858093261719
NATIONALUM,2015-10-06,2015-10-14,20.288345336914062,22.98776626586914
HFCL,2015-10-06,2015-10-14,15.70097541809082,17.663597106933594
MUTHOOTFIN,2015-10-06,2015-10-14,135.9970245361328,150.15301513671875
TATASTEEL,2015-10-06,2015-10-14,8.0219087600708,8.757102966308594
COFORGE,2015-10-14,2015-10-23,389.1102294921875,458.972900390625
BSOFT,2015-10-14,2015-10-23,61.50031661987305,71.04890441894531
ABB,2015-10-14,2015-10-23,955.5387573242188,1087.0048828125
MPHASIS,2015-10-14,2015-10-23,316.5671081542969,356.3309020996094
JSL,2015-10-14,2015-10-23,41.3036994934082,46.319149017333984
ADANIENT,2015-10-14,2015-10-23,44.75053787231445,49.63193893432617
COFORGE,2015-10-23,2015-11-02,458.972900390625,515.2208251953125
OBEROIRLTY,2015-10-23,2015-11-02,260.82421875,291.9939880371094
MPHASIS,2015-10-23,2015-11-02,356.3309020996094,395.1846618652344
TVSMOTOR,2015-10-23,2015-11-02,235.8488006591797,257.9449462890625
BAJAJFINSV,2015-10-23,2015-11-02,182.12939453125,196.67007446289065
DIVISLAB,2015-10-23,2015-11-02,1004.6900024414062,1065.47802734375
TVSMOTOR,2015-11-02,2015-11-10,257.9449462890625,279.4756774902344
MOTHERSON,2015-11-02,2015-11-10,38.06480407714844,41.21809387207031
BSOFT,2015-11-02,2015-11-10,73.653076171875,78.80879974365234
BANKBARODA,2015-11-02,2015-11-10,147.36085510253906,157.46713256835938
PETRONET,2015-11-02,2015-11-10,69.39807891845703,73.6115951538086
JSL,2015-11-02,2015-11-10,48.53184509277344,51.3345947265625
GAIL,2015-11-10,2015-11-20,37.01634216308594,46.03010559082031
JINDALSTEL,2015-11-10,2015-11-20,70.69286346435547,86.74819946289062
GMRAIRPORT,2015-11-10,2015-11-20,10.495816230773926,12.70309066772461
HAVELLS,2015-11-10,2015-11-20,239.4644012451172,271.4452209472656
NAUKRI,2015-11-10,2015-11-20,708.0236206054688,789.0995483398438
BSOFT,2015-11-10,2015-11-20,78.80879974365234,87.75238037109375
HFCL,2015-11-20,2015-12-01,15.65190887451172,19.086498260498047
MANAPPURAM,2015-11-20,2015-12-01,17.926179885864258,21.743268966674805
GMRAIRPORT,2015-11-20,2015-12-01,12.70309066772461,14.820273399353027
DLF,2015-11-20,2015-12-01,93.73279571533205,108.07918548583984
TATAELXSI,2015-11-20,2015-12-01,794.332763671875,903.8321533203124
TRENT,2015-11-20,2015-12-01,138.49024963378906,153.7031707763672
JSL,2015-12-01,2015-12-09,22.913719177246094,26.10983657836914
INDHOTEL,2015-12-01,2015-12-09,82.91498565673828,92.61778259277344
SUNPHARMA,2015-12-01,2015-12-09,676.6190185546875,704.361083984375
ASTRAL,2015-12-01,2015-12-09,183.1727294921875,188.9803161621093
SJVN,2015-12-01,2015-12-09,15.249190330505373,15.682557106018066
M&MFIN,2015-12-01,2015-12-09,128.36671447753906,131.62867736816406
APLAPOLLO,2015-12-09,2015-12-17,55.616817474365234,72.88739013671875
TATAELXSI,2015-12-09,2015-12-17,833.0789794921875,1014.9317016601562
MANAPPURAM,2015-12-09,2015-12-17,20.52401351928711,23.32828521728516
TATASTEEL,2015-12-09,2015-12-17,7.998987197875977,9.06563663482666
JSWSTEEL,2015-12-09,2015-12-17,83.06025695800781,92.40382385253906
JSL,2015-12-09,2015-12-17,26.10983657836914,28.96176147460937
MCX,2015-12-17,2015-12-28,707.5313720703125,777.7810668945312
TRENT,2015-12-17,2015-12-28,152.1681671142578,167.24913024902344
BEL,2015-12-17,2015-12-28,30.49501609802246,33.08469009399414
KEI,2015-12-17,2015-12-28,103.02809143066406,111.64214324951172
OBEROIRLTY,2015-12-17,2015-12-28,241.0239105224609,260.2942810058594
BHARATFORG,2015-12-17,2015-12-28,390.8560180664063,421.3875122070313
HFCL,2015-12-28,2016-01-05,17.467334747314453,23.20800399780273
TORNTPOWER,2015-12-28,2016-01-05,142.93470764160156,164.5182647705078
ABFRL,2015-12-28,2016-01-05,220.4041442871093,241.7939910888672
NHPC,2015-12-28,2016-01-05,12.003545761108398,13.138209342956545
SOLARINDS,2015-12-28,2016-01-05,656.28857421875,708.7147216796875
TATASTEEL,2015-12-28,2016-01-05,8.959854125976562,9.672128677368164
TORNTPOWER,2016-01-05,2016-01-13,164.5182647705078,194.57960510253903
RELIANCE,2016-01-05,2016-01-13,209.30126953125,224.2312774658203
IGL,2016-01-05,2016-01-13,46.64176940917969,48.13376998901367
POWERGRID,2016-01-05,2016-01-13,51.82390213012695,53.22050857543945
ZYDUSLIFE,2016-01-05,2016-01-13,282.82421875,289.6333312988281
BAJAJFINSV,2016-01-05,2016-01-13,193.74302673339844,197.86978149414065
INFY,2016-01-13,2016-01-21,430.7537841796875,452.0847778320313
JSWSTEEL,2016-01-13,2016-01-21,88.51471710205078,90.42398834228516
IRB,2016-01-13,2016-01-21,19.97875022888184,20.344482421875
HAVELLS,2016-01-13,2016-01-21,262.3540344238281,267.0149841308594
LUPIN,2016-01-13,2016-01-21,1584.019775390625,1602.79638671875
MPHASIS,2016-01-13,2016-01-21,354.5108337402344,358.546630859375
TATAELXSI,2016-01-21,2016-02-01,772.4013061523438,1014.4586181640624
YESBANK,2016-01-21,2016-02-01,124.12081146240234,146.5244140625
PFC,2016-01-21,2016-02-01,34.50542449951172,40.15407943725586
UPL,2016-01-21,2016-02-01,229.6417999267578,266.3954467773437
MUTHOOTFIN,2016-01-21,2016-02-01,146.296142578125,168.01995849609375
COALINDIA,2016-01-21,2016-02-01,130.65745544433594,148.9503936767578
ABB,2016-02-01,2016-02-09,866.7230224609375,972.9808349609376
LUPIN,2016-02-01,2016-02-09,1618.6256103515625,1811.7138671875
BAJFINANCE,2016-02-01,2016-02-09,584.6511840820312,641.2254638671875
EICHERMOT,2016-02-01,2016-02-09,1480.8831787109375,1576.45947265625
CHOLAFIN,2016-02-01,2016-02-09,124.4316177368164,132.23756408691406
GRANULES,2016-02-01,2016-02-09,107.37068939208984,113.56682586669922
BANKBARODA,2016-02-09,2016-02-17,113.17240142822266,125.9190902709961
PHOENIXLTD,2016-02-09,2016-02-17,123.74137115478516,136.08935546875
POONAWALLA,2016-02-09,2016-02-17,73.86803436279297,81.12980651855469
CYIENT,2016-02-09,2016-02-17,316.8853759765625,339.3427124023437
TATASTEEL,2016-02-09,2016-02-17,8.303997039794922,8.859360694885254
VEDL,2016-02-09,2016-02-17,23.85164260864257,25.44175148010254
NMDC,2016-02-17,2016-02-25,4.40482234954834,6.626523494720459
ONGC,2016-02-17,2016-02-25,82.44075775146484,88.9833755493164
JSWSTEEL,2016-02-17,2016-02-25,92.37738037109376,99.269287109375
MARICO,2016-02-17,2016-02-25,198.4452209472656,210.44970703125
BSOFT,2016-02-17,2016-02-25,63.36793899536133,66.7086410522461
SHREECEM,2016-02-17,2016-02-25,9717.58203125,10125.0224609375
DLF,2016-02-25,2016-03-04,76.45296478271484,98.91214752197266
INDIANB,2016-02-25,2016-03-04,67.0009994506836,85.82630920410156
VEDL,2016-02-25,2016-03-04,23.80034446716309,29.8872184753418
SBIN,2016-02-25,2016-03-04,139.7645721435547,173.46273803710938
ICICIBANK,2016-02-25,2016-03-04,154.01885986328125,185.5801239013672
M&MFIN,2016-02-25,2016-03-04,110.5494155883789,132.1220703125
PHOENIXLTD,2016-03-04,2016-03-15,129.6179656982422,156.2648468017578
ASTRAL,2016-03-04,2016-03-15,155.69239807128906,177.7656707763672
NATIONALUM,2016-03-04,2016-03-15,21.368106842041016,23.15825843811035
MANAPPURAM,2016-03-04,2016-03-15,26.39128303527832,28.576807022094727
SAIL,2016-03-04,2016-03-15,33.884185791015625,36.591529846191406
PAGEIND,2016-03-04,2016-03-15,9635.00390625,10395.91796875
PERSISTENT,2016-03-15,2016-03-23,276.0509033203125,329.33026123046875
PRESTIGE,2016-03-15,2016-03-23,133.97544860839844,159.69564819335938
LTF,2016-03-15,2016-03-23,47.57862854003906,54.142677307128906
BEL,2016-03-15,2016-03-23,26.9760856628418,30.48301315307617
NCC,2016-03-15,2016-03-23,60.56967926025391,67.8135986328125
BOSCHLTD,2016-03-15,2016-03-23,16426.521484375,18319.345703125
HFCL,2016-03-23,2016-04-04,15.30845069885254,17.859861373901367
AARTIIND,2016-03-23,2016-04-04,110.4926300048828,125.12557220458984
ADANIENT,2016-03-23,2016-04-04,37.97998809814453,42.96752166748047
PEL,2016-03-23,2016-04-04,464.1616821289063,514.15771484375
GODREJCP,2016-03-23,2016-04-04,405.6407470703125,443.43896484375
NHPC,2016-03-23,2016-04-04,13.832643508911133,15.084460258483888
LTF,2016-04-04,2016-04-12,55.73006439208984,63.195072174072266
BIOCON,2016-04-04,2016-04-12,80.32403564453125,90.6420669555664
APLAPOLLO,2016-04-04,2016-04-12,65.38695526123047,73.69800567626953
ABFRL,2016-04-04,2016-04-12,145.58895874023438,159.38885498046875
POONAWALLA,2016-04-04,2016-04-12,74.15657806396484,80.88934326171875
BHEL,2016-04-04,2016-04-12,70.02561950683594,76.28807830810547
OBEROIRLTY,2016-04-12,2016-04-25,225.21157836914065,271.7015991210937
M&MFIN,2016-04-12,2016-04-25,142.45606994628906,163.17893981933594
TATACHEM,2016-04-12,2016-04-25,125.2385025024414,141.98587036132812
VEDL,2016-04-12,2016-04-25,30.981483459472656,34.879825592041016
NATIONALUM,2016-04-12,2016-04-25,22.9751205444336,25.733306884765625
CGPOWER,2016-04-12,2016-04-25,52.57024765014648,58.80739974975586
UPL,2016-04-25,2016-05-03,318.9570617675781,352.3058776855469
BIOCON,2016-04-25,2016-05-03,91.1400146484375,99.98056030273438
DABUR,2016-04-25,2016-05-03,245.0136108398437,266.6864318847656
VEDL,2016-04-25,2016-05-03,34.879825592041016,37.6154899597168
PEL,2016-04-25,2016-05-03,518.2611083984375,558.3995361328125
CHOLAFIN,2016-04-25,2016-05-03,151.86697387695312,163.46878051757812
CGPOWER,2016-05-03,2016-05-11,56.13433837890625,60.73794174194336
SHREECEM,2016-05-03,2016-05-11,11997.2783203125,12888.91015625
VOLTAS,2016-05-03,2016-05-11,278.04656982421875,298.4210205078125
KEI,2016-05-03,2016-05-11,99.42672729492188,106.5807876586914
ABFRL,2016-05-03,2016-05-11,139.87185668945312,149.9260711669922
SRF,2016-05-03,2016-05-11,257.3481750488281,275.6993408203125
MANAPPURAM,2016-05-11,2016-05-19,34.742340087890625,41.67410659790039
PEL,2016-05-11,2016-05-19,584.6473388671875,679.8286743164062
NESTLEIND,2016-05-11,2016-05-19,494.2877197265625,540.2052612304688
INDHOTEL,2016-05-11,2016-05-19,92.83829498291016,99.67436981201172
MUTHOOTFIN,2016-05-11,2016-05-19,174.90032958984375,187.7732696533203
CHAMBLFERT,2016-05-11,2016-05-19,51.77014923095703,55.311031341552734
LT,2016-05-19,2016-05-27,728.748046875,848.9302978515625
SBIN,2016-05-19,2016-05-27,159.0075225830078,180.3681182861328
BIOCON,2016-05-19,2016-05-27,101.06624603271484,114.19237518310548
MCX,2016-05-19,2016-05-27,754.9533081054688,851.1658935546875
PIDILITIND,2016-05-19,2016-05-27,590.061767578125,664.8065185546875
GODREJCP,2016-05-19,2016-05-27,426.4310607910156,477.2184143066406
MUTHOOTFIN,2016-05-27,2016-06-06,184.2117462158203,232.8714904785156
CGPOWER,2016-05-27,2016-06-06,59.54991912841797,69.89566802978516
HINDALCO,2016-05-27,2016-06-06,86.8678970336914,100.99927520751952
TATAMOTORS,2016-05-27,2016-06-06,401.2438354492188,457.4716491699219
CHOLAFIN,2016-05-27,2016-06-06,171.0423583984375,194.3328857421875
MPHASIS,2016-05-27,2016-06-06,389.210205078125,440.5272521972656
PNB,2016-06-06,2016-06-14,73.51490783691406,85.83104705810547
HINDCOPPER,2016-06-06,2016-06-14,44.68413543701172,51.4298095703125
JSWENERGY,2016-06-06,2016-06-14,62.26115798950195,70.85507202148438
INDIANB,2016-06-06,2016-06-14,81.41947937011719,91.4739227294922
COFORGE,2016-06-06,2016-06-14,440.4270935058594,494.536865234375
GMRAIRPORT,2016-06-06,2016-06-14,10.090398788452148,11.216559410095217
INDIANB,2016-06-14,2016-06-22,91.4739227294922,115.9468231201172
MFSL,2016-06-14,2016-06-22,431.7207946777344,502.6524353027344
PHOENIXLTD,2016-06-14,2016-06-22,150.25527954101562,168.55621337890625
MANAPPURAM,2016-06-14,2016-06-22,47.89598083496094,53.57502746582031
VEDL,2016-06-14,2016-06-22,39.23980331420898,43.343299865722656
BAJAJFINSV,2016-06-14,2016-06-22,186.7614898681641,201.88058471679688
BAJAJFINSV,2016-06-22,2016-06-30,201.88058471679688,231.3813323974609
ADANIENT,2016-06-22,2016-06-30,41.42058563232422,46.2747802734375
MUTHOOTFIN,2016-06-22,2016-06-30,229.6102905273437,251.4943389892578
PNB,2016-06-22,2016-06-30,92.60969543457033,101.10687255859376
GRASIM,2016-06-22,2016-06-30,629.1507568359375,686.3375854492188
DRREDDY,2016-06-22,2016-06-30,456.77935791015625,497.46881103515625
NBCC,2016-06-30,2016-07-11,37.81877136230469,45.55712890625
PNB,2016-06-30,2016-07-11,101.10687255859376,121.53829193115234
PFC,2016-06-30,2016-07-11,40.39692687988281,48.37376403808594
HINDCOPPER,2016-06-30,2016-07-11,51.19060134887695,59.22800827026367
MANAPPURAM,2016-06-30,2016-07-11,57.58373641967773,65.30892181396484
KEI,2016-06-30,2016-07-11,109.1601333618164,123.66291809082033
TATASTEEL,2016-07-11,2016-07-19,11.530389785766602,13.055434226989746
NATIONALUM,2016-07-11,2016-07-19,25.96805191040039,28.814258575439453
CANBK,2016-07-11,2016-07-19,41.63482666015625,45.50845336914063
JSWSTEEL,2016-07-11,2016-07-19,133.73973083496094,144.328125
MOTHERSON,2016-07-11,2016-07-19,44.18553161621094,47.66637802124024
VEDL,2016-07-11,2016-07-19,50.83220291137695,54.78182601928711
JINDALSTEL,2016-07-19,2016-07-27,68.272216796875,86.94580078125
JSL,2016-07-19,2016-07-27,16.029769897460938,18.93086051940918
MFSL,2016-07-19,2016-07-27,509.8801879882813,591.9774169921875
BIOCON,2016-07-19,2016-07-27,114.28216552734376,131.86529541015625
BAJFINANCE,2016-07-19,2016-07-27,844.7892456054688,957.231689453125
LTF,2016-07-19,2016-07-27,64.52503967285156,73.01968383789062
INDIANB,2016-07-27,2016-08-04,132.4302978515625,171.1513671875
JSL,2016-07-27,2016-08-04,18.93086051940918,23.06123161315918
MUTHOOTFIN,2016-07-27,2016-08-04,265.0108642578125,309.07928466796875
MANAPPURAM,2016-07-27,2016-08-04,65.3506851196289,71.48902130126953
HCLTECH,2016-07-27,2016-08-04,302.30474853515625,330.5291748046875
MOTHERSON,2016-07-27,2016-08-04,50.86308288574219,54.99906921386719
BRITANNIA,2016-08-04,2016-08-12,1283.8797607421875,1464.037841796875
BHARATFORG,2016-08-04,2016-08-12,340.62384033203125,387.3600158691406
ADANIPORTS,2016-08-04,2016-08-12,217.93673706054688,246.9598999023437
LICHSGFIN,2016-08-04,2016-08-12,425.5932922363281,466.4427490234375
JSL,2016-08-04,2016-08-12,23.06123161315918,25.12641716003418
TATACHEM,2016-08-04,2016-08-12,159.54090881347656,173.4506072998047
PEL,2016-08-12,2016-08-23,791.5179443359375,941.176025390625
IRB,2016-08-12,2016-08-23,18.30244255065918,20.835805892944336
ABFRL,2016-08-12,2016-08-23,147.1660919189453,166.9295196533203
TATACHEM,2016-08-12,2016-08-23,173.4506072998047,194.6129608154297
INDIANB,2016-08-12,2016-08-23,176.68911743164062,197.84507751464844
IGL,2016-08-12,2016-08-23,56.66667938232422,63.39323806762695
BALKRISIND,2016-08-23,2016-08-31,342.8202514648437,403.7252502441406
MFSL,2016-08-23,2016-08-31,510.7275695800781,578.0203857421875
TRENT,2016-08-23,2016-08-31,189.5251922607422,214.05145263671875
MUTHOOTFIN,2016-08-23,2016-08-31,286.9378356933594,322.46710205078125
BAJAJFINSV,2016-08-23,2016-08-31,267.3403015136719,295.7347717285156
BAJFINANCE,2016-08-23,2016-08-31,981.3936157226562,1076.2474365234375
PNB,2016-08-31,2016-09-09,121.7769775390625,138.29397583007812
PRESTIGE,2016-08-31,2016-09-09,179.8680419921875,200.6053161621093
CANBK,2016-08-31,2016-09-09,49.28544998168945,54.66986846923828
BHEL,2016-08-31,2016-09-09,83.35955810546875,92.31875610351562
GMRAIRPORT,2016-08-31,2016-09-09,12.2526273727417,13.423833847045898
GODREJCP,2016-08-31,2016-09-09,474.4693298339844,517.624267578125
MANAPPURAM,2016-09-09,2016-09-20,75.42769622802734,80.80335235595703
MCX,2016-09-09,2016-09-20,846.00390625,899.4736938476562
BIOCON,2016-09-09,2016-09-20,148.26478576660156,156.64817810058594
CIPLA,2016-09-09,2016-09-20,546.3988037109375,569.3975830078125
NAUKRI,2016-09-09,2016-09-20,806.023193359375,836.1739501953125
GRASIM,2016-09-09,2016-09-20,696.6729125976562,721.8804931640625
MCX,2016-09-20,2016-09-28,899.4736938476562,1111.619140625
JSL,2016-09-20,2016-09-28,22.1761531829834,26.060667037963867
SRF,2016-09-20,2016-09-28,313.0700378417969,345.6195678710937
EICHERMOT,2016-09-20,2016-09-28,2043.1168212890625,2248.82080078125
AUROPHARMA,2016-09-20,2016-09-28,768.5049438476562,828.9591064453125
HINDALCO,2016-09-20,2016-09-28,138.50828552246094,149.25787353515625
BALKRISIND,2016-09-28,2016-10-06,410.9093322753906,528.3546752929688
NAUKRI,2016-09-28,2016-10-06,824.297607421875,953.8197631835938
VEDL,2016-09-28,2016-10-06,59.7744369506836,67.53690338134766
TATACOMM,2016-09-28,2016-10-06,305.8843078613281,343.52862548828125
POONAWALLA,2016-09-28,2016-10-06,100.90311431884766,112.67999267578124
OBEROIRLTY,2016-09-28,2016-10-06,282.2431335449219,314.30517578125
JSL,2016-10-06,2016-10-18,28.27336502075196,40.2219352722168
AARTIIND,2016-10-06,2016-10-18,159.38739013671875,175.1804962158203
MANAPPURAM,2016-10-06,2016-10-18,77.94754028320312,85.42312622070312
TATASTEEL,2016-10-06,2016-10-18,14.056289672851562,15.321842193603516
MCX,2016-10-06,2016-10-18,1123.2198486328125,1211.447021484375
APLAPOLLO,2016-10-06,2016-10-18,82.82711029052734,89.32335662841797
ADANIPORTS,2016-10-18,2016-10-26,255.327377319336,291.76171875
ABFRL,2016-10-18,2016-10-26,141.05470275878906,161.01527404785156
FEDERALBNK,2016-10-18,2016-10-26,66.9230728149414,76.32393646240234
NCC,2016-10-18,2016-10-26,71.89676666259766,80.86737060546875
SJVN,2016-10-18,2016-10-26,16.36701774597168,18.367116928100582
BSOFT,2016-10-18,2016-10-26,70.81057739257812,77.99150848388672
COLPAL,2016-10-26,2016-11-04,779.70361328125,827.8174438476562
HINDALCO,2016-10-26,2016-11-04,142.88421630859375,151.11293029785156
VEDL,2016-10-26,2016-11-04,68.87055969238281,72.75178527832031
NMDC,2016-10-26,2016-11-04,10.484949111938477,11.046878814697266
M&M,2016-10-26,2016-11-04,601.0235595703125,630.1344604492188
ITC,2016-10-26,2016-11-04,180.7095184326172,188.50558471679688
BANKBARODA,2016-11-04,2016-11-15,129.78863525390625,158.69630432128906
INDIANB,2016-11-04,2016-11-15,178.24661254882812,216.9244079589844
PNB,2016-11-04,2016-11-15,125.69139862060548,147.69815063476562
BANKINDIA,2016-11-04,2016-11-15,96.784423828125,112.26992797851562
SBIN,2016-11-04,2016-11-15,226.5325622558593,259.5073547363281
UNIONBANK,2016-11-04,2016-11-15,119.60508728027344,131.9718780517578
PEL,2016-11-15,2016-11-23,661.15087890625,780.0093994140625
MFSL,2016-11-15,2016-11-23,492.8999938964844,548.6500244140625
PHOENIXLTD,2016-11-15,2016-11-23,145.95254516601562,160.75965881347656
LICHSGFIN,2016-11-15,2016-11-23,403.236083984375,441.9836730957031
ZYDUSLIFE,2016-11-15,2016-11-23,326.1745300292969,356.94830322265625
PFC,2016-11-15,2016-11-23,55.52608108520508,60.71520614624024
BALKRISIND,2016-11-23,2016-12-01,427.3382873535156,548.53955078125
TATAELXSI,2016-11-23,2016-12-01,494.7099914550781,591.6290283203125
PHOENIXLTD,2016-11-23,2016-12-01,160.75965881347656,187.4125213623047
SUPREMEIND,2016-11-23,2016-12-01,729.9534912109375,813.53662109375
KEI,2016-11-23,2016-12-01,110.40763854980467,122.7240219116211
BEL,2016-11-23,2016-12-01,33.215145111083984,36.803340911865234
NATIONALUM,2016-12-01,2016-12-09,33.1701774597168,38.68860626220703
TRENT,2016-12-01,2016-12-09,175.80599975585938,199.46652221679688
CHAMBLFERT,2016-12-01,2016-12-09,53.217506408691406,60.29363250732422
MCX,2016-12-01,2016-12-09,1078.2392578125,1182.1563720703125
TATAELXSI,2016-12-01,2016-12-09,591.6290283203125,647.9529418945312
SAIL,2016-12-01,2016-12-09,42.80997848510742,46.744102478027344
MPHASIS,2016-12-09,2016-12-19,425.5357971191406,464.5942687988281
PRESTIGE,2016-12-09,2016-12-19,147.7711944580078,159.66249084472656
IGL,2016-12-09,2016-12-19,73.99114227294922,77.66321563720703
APLAPOLLO,2016-12-09,2016-12-19,82.19097900390625,86.133056640625
GLENMARK,2016-12-09,2016-12-19,874.3289794921875,912.1390991210938
TCS,2016-12-09,2016-12-19,952.1993408203124,992.8203125
CHOLAFIN,2016-12-19,2016-12-27,165.89535522460938,183.3773956298828
NAUKRI,2016-12-19,2016-12-27,820.6071166992188,883.0921020507812
IOC,2016-12-19,2016-12-27,57.67039489746094,59.986289978027344
ITC,2016-12-19,2016-12-27,171.8159637451172,177.15211486816406
MARUTI,2016-12-19,2016-12-27,4711.916015625,4812.279296875
MUTHOOTFIN,2016-12-19,2016-12-27,229.1811981201172,233.686767578125
DLF,2016-12-27,2017-01-04,100.98159790039062,117.07335662841795
TITAN,2016-12-27,2017-01-04,303.4176940917969,344.9476013183594
SHRIRAMFIN,2016-12-27,2017-01-04,104.45672607421876,117.8247299194336
CHAMBLFERT,2016-12-27,2017-01-04,58.61880874633789,65.90428161621094
NATIONALUM,2016-12-27,2017-01-04,34.95994567871094,39.1062126159668
NCC,2016-12-27,2017-01-04,67.4994125366211,75.37067413330078
JSWSTEEL,2017-01-04,2017-01-12,144.53201293945312,167.09158325195312
YESBANK,2017-01-04,2017-01-12,222.8225555419922,253.9236755371093
JINDALSTEL,2017-01-04,2017-01-12,70.34705352783203,79.68384552001953
SAIL,2017-01-04,2017-01-12,42.76768112182617,48.43619537353516
HINDCOPPER,2017-01-04,2017-01-12,59.323692321777344,66.64347076416016
PEL,2017-01-04,2017-01-12,753.9029541015625,840.8065795898438
HAVELLS,2017-01-12,2017-01-20,342.2519226074219,377.2811584472656
FEDERALBNK,2017-01-12,2017-01-20,67.34191131591797,72.64737701416016
GRANULES,2017-01-12,2017-01-20,98.36929321289062,105.6875457763672
UPL,2017-01-12,2017-01-20,420.4085998535156,449.9668884277344
INDHOTEL,2017-01-12,2017-01-20,88.81192779541016,94.64725494384766
TATAELXSI,2017-01-12,2017-01-20,638.9064331054688,673.9102172851562
IDEA,2017-01-20,2017-01-31,43.11228561401367,66.38688659667969
JSL,2017-01-20,2017-01-31,40.32027816772461,47.155052185058594
TRENT,2017-01-20,2017-01-31,203.4017639160156,234.883529663086
BAJFINANCE,2017-01-20,2017-01-31,887.2044067382812,1013.4871215820312
ADANIENT,2017-01-20,2017-01-31,41.34056854248047,46.4881477355957
INDIANB,2017-01-20,2017-01-31,211.42990112304688,235.5710601806641
KEI,2017-01-31,2017-02-08,134.35617065429688,161.72592163085938
MANAPPURAM,2017-01-31,2017-02-08,66.79129028320312,78.76210021972656
TITAN,2017-01-31,2017-02-08,347.2494812011719,408.2015686035156
ASTRAL,2017-01-31,2017-02-08,171.68209838867188,200.485107421875
GRANULES,2017-01-31,2017-02-08,107.68345642089844,124.46427917480467
UNIONBANK,2017-01-31,2017-02-08,128.75738525390625,148.71389770507812
ZYDUSLIFE,2017-02-08,2017-02-16,339.2397155761719,391.0452270507813
BHARATFORG,2017-02-08,2017-02-16,454.690185546875,509.5638122558594
MANAPPURAM,2017-02-08,2017-02-16,78.76210021972656,85.7523422241211
INFY,2017-02-08,2017-02-16,380.7225341796875,411.4567260742188
KEI,2017-02-08,2017-02-16,161.72592163085938,174.38441467285156
TCS,2017-02-08,2017-02-16,987.84423828125,1064.75048828125
JINDALSTEL,2017-02-16,2017-02-27,91.44129180908205,123.2061538696289
RELIANCE,2017-02-16,2017-02-27,227.3468017578125,263.8500671386719
RECLTD,2017-02-16,2017-02-27,55.05415344238281,60.93783950805664
GMRAIRPORT,2017-02-16,2017-02-27,12.612998008728027,13.874298095703123
JSL,2017-02-16,2017-02-27,49.2694091796875,53.79315185546875
BALKRISIND,2017-02-16,2017-02-27,539.3932495117188,588.151611328125
NATIONALUM,2017-02-27,2017-03-07,40.50819396972656,46.53371047973633
JSL,2017-02-27,2017-03-07,53.79315185546875,59.49699401855469
INDUSTOWER,2017-02-27,2017-03-07,204.8252410888672,220.427978515625
HINDALCO,2017-02-27,2017-03-07,171.94622802734375,183.1715240478516
GMRAIRPORT,2017-02-27,2017-03-07,13.874298095703123,14.730179786682127
JUBLFOOD,2017-02-27,2017-03-07,97.8743133544922,103.78795623779295
JSL,2017-03-07,2017-03-16,59.49699401855469,75.47758483886719
ASTRAL,2017-03-07,2017-03-16,197.1214294433593,239.8247528076172
BAJFINANCE,2017-03-07,2017-03-16,1028.6370849609375,1137.228515625
SHRIRAMFIN,2017-03-07,2017-03-16,123.0453109741211,135.68971252441406
BEL,2017-03-07,2017-03-16,39.35801696777344,42.46962356567383
NBCC,2017-03-07,2017-03-16,50.101810455322266,54.03195571899414
PRESTIGE,2017-03-16,2017-03-24,173.92239379882812,194.5146484375
OBEROIRLTY,2017-03-16,2017-03-24,338.2545471191406,369.49072265625
M&MFIN,2017-03-16,2017-03-24,162.78599548339844,177.73348999023438
MCX,2017-03-16,2017-03-24,997.47900390625,1082.9952392578125
TORNTPOWER,2017-03-16,2017-03-24,167.7440643310547,180.9331970214844
RECLTD,2017-03-16,2017-03-24,65.13976287841797,69.90461730957031
TRENT,2017-03-24,2017-04-03,237.1954803466797,267.49664306640625
MUTHOOTFIN,2017-03-24,2017-04-03,300.54022216796875,331.93768310546875
ABB,2017-03-24,2017-04-03,1043.396728515625,1150.234130859375
INDUSTOWER,2017-03-24,2017-04-03,220.64122009277344,242.9109039306641
TORNTPOWER,2017-03-24,2017-04-03,180.9331970214844,197.3361358642578
KEI,2017-03-24,2017-04-03,171.06097412109375,185.3811798095703
MFSL,2017-04-03,2017-04-12,567.7000122070312,659.0499877929688
RECLTD,2017-04-03,2017-04-12,72.29708099365234,83.13359069824219
ABFRL,2017-04-03,2017-04-12,154.0660400390625,177.03302001953125
CONCOR,2017-04-03,2017-04-12,359.6991271972656,407.8629455566406
BPCL,2017-04-03,2017-04-12,130.61351013183594,146.756103515625
POONAWALLA,2017-04-03,2017-04-12,105.21646118164062,117.23565673828124
ADANIENT,2017-04-12,2017-04-21,60.99734878540039,77.85364532470703
HFCL,2017-04-12,2017-04-21,13.54209041595459,15.70097541809082
DLF,2017-04-12,2017-04-21,149.21022033691406,171.13232421875
PRESTIGE,2017-04-12,2017-04-21,216.3153686523437,245.6085662841797
PEL,2017-04-12,2017-04-21,977.0695190429688,1108.9222412109375
GMRAIRPORT,2017-04-12,2017-04-21,14.099530220031738,15.811294555664062
INDIANB,2017-04-21,2017-05-02,225.05796813964844,276.8014221191406
FEDERALBNK,2017-04-21,2017-05-02,85.95751953125,104.71273803710938
BANKINDIA,2017-04-21,2017-05-02,137.04673767089844,163.78201293945312
APLAPOLLO,2017-04-21,2017-05-02,122.51299285888672,142.90773010253906
CANBK,2017-04-21,2017-05-02,58.35615539550781,66.40248107910156
PNB,2017-04-21,2017-05-02,147.8890838623047,162.97396850585938
CHAMBLFERT,2017-05-02,2017-05-10,84.41107940673828,107.81674194335938
COFORGE,2017-05-02,2017-05-10,413.1222229003906,470.2921752929688
ABB,2017-05-02,2017-05-10,1232.2493896484375,1398.61279296875
CGPOWER,2017-05-02,2017-05-10,77.66735076904297,88.01309204101562
JSWENERGY,2017-05-02,2017-05-10,57.0911865234375,64.01551055908203
INDIANB,2017-05-02,2017-05-10,276.8014221191406,305.57177734375
TATASTEEL,2017-05-10,2017-05-18,15.772540092468262,17.532054901123047
PEL,2017-05-10,2017-05-18,1191.76953125,1320.17919921875
ABFRL,2017-05-10,2017-05-18,155.8896026611328,170.87234497070312
TCS,2017-05-10,2017-05-18,1014.595947265625,1103.22509765625
HEROMOTOCO,2017-05-10,2017-05-18,2539.381103515625,2744.282958984375
HINDCOPPER,2017-05-10,2017-05-18,61.14167785644531,65.6387939453125
VOLTAS,2017-05-18,2017-05-26,389.936767578125,469.411865234375
ITC,2017-05-18,2017-05-26,210.3421325683593,233.9573211669922
JINDALSTEL,2017-05-18,2017-05-26,111.94271850585938,123.50255584716795
TATAMOTORS,2017-05-18,2017-05-26,435.24615478515625,478.1297607421875
MOTHERSON,2017-05-18,2017-05-26,64.51813507080078,70.6195068359375
CESC,2017-05-18,2017-05-26,54.866607666015625,59.33364868164063
M&MFIN,2017-05-26,2017-06-05,173.60142517089844,207.1569976806641
TITAN,2017-05-26,2017-06-05,454.0955200195313,529.2904052734375
DIVISLAB,2017-05-26,2017-06-05,507.8253173828125,587.4961547851562
TATACOMM,2017-05-26,2017-06-05,369.2911682128906,417.5501708984375
AUROPHARMA,2017-05-26,2017-06-05,508.630126953125,566.3705444335938
COFORGE,2017-05-26,2017-06-05,446.1665344238281,495.8448486328125
GMRAIRPORT,2017-06-05,2017-06-13,15.045504570007324,16.982501983642578
ADANIENT,2017-06-05,2017-06-13,62.677642822265625,70.6257095336914
APLAPOLLO,2017-06-05,2017-06-13,141.7703857421875,157.1387481689453
PAGEIND,2017-06-05,2017-06-13,13467.337890625,14887.62109375
ZYDUSLIFE,2017-06-05,2017-06-13,449.878173828125,497.1033630371094
ASTRAL,2017-06-05,2017-06-13,267.4025573730469,294.356689453125
POONAWALLA,2017-06-13,2017-06-21,136.33067321777344,158.91513061523438
GMRAIRPORT,2017-06-13,2017-06-21,16.982501983642578,19.23482322692871
LTF,2017-06-13,2017-06-21,114.9704360961914,126.70123291015624
INDIGO,2017-06-13,2017-06-21,1105.314208984375,1206.56494140625
AUROPHARMA,2017-06-13,2017-06-21,578.3729858398438,627.09326171875
RELIANCE,2017-06-13,2017-06-21,279.91876220703125,302.8450622558594
GRASIM,2017-06-21,2017-06-30,837.9347534179688,919.2711181640624
NAUKRI,2017-06-21,2017-06-30,948.8151245117188,1005.9636840820312
IDEA,2017-06-21,2017-06-30,48.68974685668945,51.403106689453125
TATASTEEL,2017-06-21,2017-06-30,18.664201736450195,19.6773681640625
SUNPHARMA,2017-06-21,2017-06-30,490.5231018066406,516.2569580078125
ITC,2017-06-21,2017-06-30,237.37625122070312,248.670639038086
HFCL,2017-06-30,2017-07-10,11.677600860595703,14.964991569519045
JUBLFOOD,2017-06-30,2017-07-10,92.81388092041016,109.05435180664062
DIVISLAB,2017-06-30,2017-07-10,602.7689819335938,684.8611450195312
CHAMBLFERT,2017-06-30,2017-07-10,98.27024841308594,110.32897186279295
TATACONSUM,2017-06-30,2017-07-10,137.97300720214844,154.87933349609375
ASHOKLEY,2017-06-30,2017-07-10,75.06454467773438,84.1026840209961
BIOCON,2017-07-10,2017-07-18,157.73385620117188,202.30389404296875
JUBLFOOD,2017-07-10,2017-07-18,109.05435180664062,129.9531707763672
PHOENIXLTD,2017-07-10,2017-07-18,221.57725524902344,251.28778076171875
ACC,2017-07-10,2017-07-18,1470.5577392578125,1589.2431640625
HINDPETRO,2017-07-10,2017-07-18,162.03115844726562,174.9556427001953
BAJAJFINSV,2017-07-10,2017-07-18,409.0963745117188,440.6585083007813
HFCL,2017-07-18,2017-07-26,14.621533393859863,17.663597106933594
JSL,2017-07-18,2017-07-26,75.18256378173828,85.55765533447266
M&MFIN,2017-07-18,2017-07-26,195.64700317382807,221.5508728027344
BAJAJFINSV,2017-07-18,2017-07-26,440.6585083007813,494.0913391113281
BAJFINANCE,2017-07-18,2017-07-26,1482.0162353515625,1653.3104248046875
YESBANK,2017-07-18,2017-07-26,300.8420104980469,330.6114196777344
TRENT,2017-07-26,2017-08-03,252.20901489257807,274.531005859375
VOLTAS,2017-07-26,2017-08-03,469.9297790527344,506.8894958496094
CESC,2017-07-26,2017-08-03,59.373294830322266,63.58261489868164
HINDPETRO,2017-07-26,2017-08-03,176.07229614257812,188.5453491210937
TECHM,2017-07-26,2017-08-03,310.4864501953125,332.36376953125
PRESTIGE,2017-07-26,2017-08-03,248.0255279541016,264.025634765625
TITAN,2017-08-03,2017-08-11,537.811279296875,584.9860229492188
HINDPETRO,2017-08-03,2017-08-11,188.5453491210937,203.869384765625
TATASTEEL,2017-08-03,2017-08-11,20.52525329589844,21.899600982666016
IOC,2017-08-03,2017-08-11,76.67261505126953,81.575439453125
BRITANNIA,2017-08-03,2017-08-11,1736.3201904296875,1838.5108642578125
TORNTPOWER,2017-08-03,2017-08-11,155.14231872558594,163.92555236816406
GRANULES,2017-08-11,2017-08-22,104.17906188964844,121.542236328125
TATACONSUM,2017-08-11,2017-08-22,154.85081481933594,179.04037475585938
DLF,2017-08-11,2017-08-22,145.10568237304688,163.5295867919922
NATIONALUM,2017-08-11,2017-08-22,38.756046295166016,43.18973922729492
CONCOR,2017-08-11,2017-08-22,411.9002990722656,454.0347290039063
GMRAIRPORT,2017-08-11,2017-08-22,13.964390754699709,15.315784454345703
ADANIENT,2017-08-22,2017-08-31,57.004974365234375,71.08191680908203
LTF,2017-08-22,2017-08-31,147.370849609375,174.2011260986328
KEI,2017-08-22,2017-08-31,216.77462768554688,250.78042602539065
HFCL,2017-08-22,2017-08-31,15.406580924987791,17.614532470703125
GODREJPROP,2017-08-22,2017-08-31,510.0499877929688,579.5
JSL,2017-08-22,2017-08-31,83.836669921875,92.88414001464844
HFCL,2017-08-31,2017-09-08,17.614532470703125,26.25006675720215
JSL,2017-08-31,2017-09-08,92.88414001464844,108.17633819580078
NATIONALUM,2017-08-31,2017-09-08,44.80199813842773,50.289852142333984
EXIDEIND,2017-08-31,2017-09-08,181.9399261474609,203.0129547119141
OIL,2017-08-31,2017-09-08,81.2216796875,89.82381439208984
OBEROIRLTY,2017-08-31,2017-09-08,370.17083740234375,405.9734802246094
HFCL,2017-09-08,2017-09-18,26.25006675720215,35.27812957763672
KEI,2017-09-08,2017-09-18,269.89031982421875,329.6210021972656
DIVISLAB,2017-09-08,2017-09-18,658.6921997070312,785.62158203125
NAUKRI,2017-09-08,2017-09-18,957.7799072265624,1116.46826171875
APLAPOLLO,2017-09-08,2017-09-18,157.3989715576172,181.5237579345703
JSL,2017-09-08,2017-09-18,108.17633819580078,121.4033660888672
DIVISLAB,2017-09-18,2017-09-26,785.62158203125,904.562255859375
OIL,2017-09-18,2017-09-26,94.00985717773438,100.99118041992188
DRREDDY,2017-09-18,2017-09-26,352.3092041015625,372.53271484375
ONGC,2017-09-18,2017-09-26,106.64775848388672,111.18065643310548
CYIENT,2017-09-18,2017-09-26,417.1939697265625,433.7365417480469
INDHOTEL,2017-09-18,2017-09-26,102.31689453125,105.81907653808594
PHOENIXLTD,2017-09-26,2017-10-05,237.3406677246093,267.4366760253906
KEI,2017-09-26,2017-10-05,313.0590515136719,348.5347900390625
COFORGE,2017-09-26,2017-10-05,470.396484375,514.2118530273438
GAIL,2017-09-26,2017-10-05,72.87189483642578,78.7374496459961
APLAPOLLO,2017-09-26,2017-10-05,168.4575958251953,181.9382781982422
ASHOKLEY,2017-09-26,2017-10-05,92.1484146118164,99.45533752441406
GRANULES,2017-10-05,2017-10-13,109.849609375,130.39254760742188
BHARTIARTL,2017-10-05,2017-10-13,327.2337951660156,373.3254699707031
NBCC,2017-10-05,2017-10-13,65.19978332519531,73.81422424316406
INDUSTOWER,2017-10-05,2017-10-13,301.1688537597656,334.88427734375
SRF,2017-10-05,2017-10-13,302.0497741699219,335.025390625
COFORGE,2017-10-05,2017-10-13,514.2118530273438,570.284423828125
IDEA,2017-10-13,2017-10-24,47.574256896972656,59.39244842529297
BHARTIARTL,2017-10-13,2017-10-24,373.3254699707031,434.96881103515625
HFCL,2017-10-13,2017-10-24,25.51408767700196,29.390260696411133
TORNTPOWER,2017-10-13,2017-10-24,196.8627166748047,225.32376098632807
NCC,2017-10-13,2017-10-24,79.95999145507812,89.67888641357422
TORNTPHARM,2017-10-13,2017-10-24,583.6702880859375,632.3612060546875
PNB,2017-10-24,2017-11-01,131.9449462890625,189.89761352539065
BANKINDIA,2017-10-24,2017-11-01,128.02871704101562,176.85360717773438
UNIONBANK,2017-10-24,2017-11-01,117.32816314697266,160.41099548339844
SAIL,2017-10-24,2017-11-01,52.11649703979492,68.82592010498047
CANBK,2017-10-24,2017-11-01,57.43394088745117,74.7130355834961
SBIN,2017-10-24,2017-11-01,239.49961853027344,301.0570068359375
HINDCOPPER,2017-11-01,2017-11-09,72.62696838378906,96.387939453125
INDIANB,2017-11-01,2017-11-09,284.9325256347656,353.961669921875
TITAN,2017-11-01,2017-11-09,614.3317260742188,749.6880493164062
ADANIENT,2017-11-01,2017-11-09,71.37686920166016,82.79931640625
PAGEIND,2017-11-01,2017-11-09,18534.953125,21038.876953125
BIOCON,2017-11-01,2017-11-09,178.19326782226562,196.80059814453125
BALKRISIND,2017-11-09,2017-11-17,848.4942626953125,965.780029296875
BANKBARODA,2017-11-09,2017-11-17,151.82054138183594,168.3277587890625
PRESTIGE,2017-11-09,2017-11-17,271.67681884765625,297.9947509765625
SOLARINDS,2017-11-09,2017-11-17,1033.51806640625,1128.052978515625
VOLTAS,2017-11-09,2017-11-17,534.32861328125,579.5864868164062
SRF,2017-11-09,2017-11-17,317.56256103515625,344.0285949707031
ABFRL,2017-11-17,2017-11-27,149.43321228027344,170.7244873046875
GMRAIRPORT,2017-11-17,2017-11-27,15.315784454345703,17.02754783630371
TRENT,2017-11-17,2017-11-27,314.7303771972656,346.4848937988281
INDHOTEL,2017-11-17,2017-11-27,105.9641571044922,116.00634002685548
TATAELXSI,2017-11-17,2017-11-27,820.4111938476562,891.631591796875
PIIND,2017-11-17,2017-11-27,803.1533203125,868.59765625
BIOCON,2017-11-27,2017-12-05,203.64944458007807,251.78790283203125
KEI,2017-11-27,2017-12-05,353.38580322265625,393.1735229492188
SHRIRAMFIN,2017-11-27,2017-12-05,171.8140106201172,186.59744262695312
PHOENIXLTD,2017-11-27,2017-12-05,249.9819793701172,267.9715576171875
PIIND,2017-11-27,2017-12-05,868.59765625,927.127197265625
NCC,2017-11-27,2017-12-05,98.20500946044922,104.56645965576172
BALKRISIND,2017-12-05,2017-12-13,1015.3505859375,1133.6466064453125
BSOFT,2017-12-05,2017-12-13,86.12400817871094,94.72808074951172
MCX,2017-12-05,2017-12-13,819.0531005859375,891.2536010742188
TECHM,2017-12-05,2017-12-13,379.9142456054688,411.09759521484375
MARUTI,2017-12-05,2017-12-13,7908.78076171875,8485.8623046875
GAIL,2017-12-05,2017-12-13,84.44770812988281,89.86558532714844
MANAPPURAM,2017-12-13,2017-12-21,85.8997573852539,102.57850646972656
IRB,2017-12-13,2017-12-21,17.91961097717285,21.36303901672364
GMRAIRPORT,2017-12-13,2017-12-21,15.360830307006836,17.88343048095703
AARTIIND,2017-12-13,2017-12-21,214.1208953857422,247.2376403808593
JINDALSTEL,2017-12-13,2017-12-21,159.17010498046875,183.1295928955078
MUTHOOTFIN,2017-12-13,2017-12-21,360.14776611328125,411.77191162109375
GMRAIRPORT,2017-12-21,2018-01-01,17.88343048095703,20.09070587158203
JINDALSTEL,2017-12-21,2018-01-01,183.1295928955078,203.7298126220703
PERSISTENT,2017-12-21,2018-01-01,298.5202941894531,327.15435791015625
AARTIIND,2017-12-21,2018-01-01,247.2376403808593,270.4809265136719
NHPC,2017-12-21,2018-01-01,20.07918167114257,21.91693878173828
SUNPHARMA,2017-12-21,2018-01-01,494.0065612792969,536.8884887695312
JINDALSTEL,2018-01-01,2018-01-09,203.7298126220703,245.7700958251953
INDHOTEL,2018-01-01,2018-01-09,112.2642059326172,134.669677734375
ADANIENT,2018-01-01,2018-01-09,89.04680633544922,105.05431365966795
JSL,2018-01-01,2018-01-09,103.9968032836914,121.501708984375
COALINDIA,2018-01-01,2018-01-09,140.58438110351562,160.30255126953125
APLAPOLLO,2018-01-01,2018-01-09,192.1542816162109,218.14064025878903
GMRAIRPORT,2018-01-09,2018-01-17,19.09968376159668,21.71237564086914
INFY,2018-01-09,2018-01-17,435.83837890625,482.19085693359375
ICICIBANK,2018-01-09,2018-01-17,297.68133544921875,326.8685913085937
ABB,2018-01-09,2018-01-17,1239.146484375,1351.9471435546875
JINDALSTEL,2018-01-09,2018-01-17,245.7700958251953,266.4691467285156
MPHASIS,2018-01-09,2018-01-17,602.1080322265625,644.158935546875
COFORGE,2018-01-17,2018-01-25,645.8404541015625,836.1484985351562
JUBLFOOD,2018-01-17,2018-01-25,187.28140258789065,217.14324951171875
BIOCON,2018-01-17,2018-01-25,270.6652526855469,298.2325439453125
CYIENT,2018-01-17,2018-01-25,491.3417663574219,535.5474853515625
TCS,2018-01-17,2018-01-25,1277.768310546875,1383.697998046875
MPHASIS,2018-01-17,2018-01-25,644.158935546875,696.3102416992188
ASHOKLEY,2018-01-25,2018-02-05,99.29296875,105.01673126220705
TECHM,2018-01-25,2018-02-05,488.52545166015625,513.5045166015625
IOC,2018-01-25,2018-02-05,77.89533233642578,81.21129608154297
MPHASIS,2018-01-25,2018-02-05,696.3102416992188,723.7807006835938
EICHERMOT,2018-01-25,2018-02-05,2320.628662109375,2409.758544921875
AARTIIND,2018-01-25,2018-02-05,255.54644775390625,262.01806640625
JSL,2018-02-05,2018-02-14,99.6205825805664,120.37078094482422
PAGEIND,2018-02-05,2018-02-14,17867.673828125,21308.697265625
HFCL,2018-02-05,2018-02-14,25.8084774017334,29.390260696411133
NCC,2018-02-05,2018-02-14,99.39777374267578,111.4580307006836
BALKRISIND,2018-02-05,2018-02-14,993.3629150390624,1097.5654296875
CHAMBLFERT,2018-02-05,2018-02-14,120.71341705322266,133.27273559570312
INFY,2018-02-14,2018-02-22,459.4436645507813,485.8111267089844
TCS,2018-02-14,2018-02-22,1290.9285888671875,1352.287353515625
APOLLOHOSP,2018-02-14,2018-02-22,1163.3238525390625,1216.668212890625
VEDL,2018-02-14,2018-02-22,116.43626403808594,121.19327545166016
SJVN,2018-02-14,2018-02-22,22.42901039123535,23.314577102661133
NESTLEIND,2018-02-14,2018-02-22,654.9646606445312,680.05908203125
PHOENIXLTD,2018-02-22,2018-03-05,275.313232421875,316.567626953125
ASTRAL,2018-02-22,2018-03-05,338.88873291015625,385.2599792480469
NAUKRI,2018-02-22,2018-03-05,1123.8671875,1239.630615234375
BSOFT,2018-02-22,2018-03-05,112.0753936767578,122.2108917236328
VOLTAS,2018-02-22,2018-03-05,550.725830078125,592.0977172851562
COFORGE,2018-02-22,2018-03-05,752.4057006835938,804.910888671875
OBEROIRLTY,2018-03-05,2018-03-13,480.3276977539063,543.7367553710938
TRENT,2018-03-05,2018-03-13,312.508056640625,345.3490295410156
IOC,2018-03-05,2018-03-13,79.01319122314453,84.97173309326172
BPCL,2018-03-05,2018-03-13,137.7794647216797,148.04238891601562
ASHOKLEY,2018-03-05,2018-03-13,113.78501892089844,121.70085906982422
TITAN,2018-03-05,2018-03-13,779.563720703125,821.052490234375
JUBLFOOD,2018-03-13,2018-03-21,202.3965301513672,216.8632659912109
CHAMBLFERT,2018-03-13,2018-03-21,136.70956420898438,143.92269897460938
MARICO,2018-03-13,2018-03-21,278.90972900390625,293.5512084960937
COFORGE,2018-03-13,2018-03-21,826.4981689453125,868.6671752929688
M&MFIN,2018-03-13,2018-03-21,237.8524932861328,249.54837036132807
DIVISLAB,2018-03-13,2018-03-21,975.502685546875,1023.0790405273438
NMDC,2018-03-21,2018-04-02,12.2682466506958,16.10777473449707
CESC,2018-03-21,2018-04-02,58.97740936279297,66.16364288330078
ASTRAL,2018-03-21,2018-04-02,371.861328125,411.2991333007813
PIIND,2018-03-21,2018-04-02,801.059326171875,880.6734008789062
KEI,2018-03-21,2018-04-02,359.9517517089844,392.8795471191406
TITAN,2018-03-21,2018-04-02,840.6162719726562,909.8604736328124
GMRAIRPORT,2018-04-02,2018-04-10,15.72120189666748,18.73931121826172
BALKRISIND,2018-04-02,2018-04-10,1005.2214965820312,1188.1961669921875
PAGEIND,2018-04-02,2018-04-10,20752.669921875,23304.794921875
HINDCOPPER,2018-04-02,2018-04-10,62.30654144287109,69.8908462524414
INDIGO,2018-04-02,2018-04-10,1315.9556884765625,1465.6064453125
IRB,2018-04-02,2018-04-10,21.32047843933105,23.66929817199707
INDHOTEL,2018-04-10,2018-04-18,127.94332122802734,144.52243041992188
JSL,2018-04-10,2018-04-18,88.0162124633789,99.37472534179688
AARTIIND,2018-04-10,2018-04-18,281.0892639160156,314.7393493652344
NATIONALUM,2018-04-10,2018-04-18,47.85493087768555,53.01414489746094
GODREJPROP,2018-04-10,2018-04-18,717.2999877929688,789.0499877929688
TCS,2018-04-10,2018-04-18,1302.3665771484375,1400.5673828125
COFORGE,2018-04-18,2018-04-26,849.046142578125,1051.8406982421875
CYIENT,2018-04-18,2018-04-26,538.8157958984375,637.657958984375
CHAMBLFERT,2018-04-18,2018-04-26,151.4327850341797,176.04220581054688
MFSL,2018-04-18,2018-04-26,436.0,506.8500061035156
PERSISTENT,2018-04-18,2018-04-26,313.8002014160156,359.4336853027344
TATAELXSI,2018-04-18,2018-04-26,976.8480834960938,1117.269775390625
AXISBANK,2018-04-26,2018-05-07,490.9982299804688,533.1121826171875
EXIDEIND,2018-04-26,2018-05-07,226.7016448974609,244.3050537109375
CYIENT,2018-04-26,2018-05-07,637.657958984375,686.19970703125
LTF,2018-04-26,2018-05-07,143.54417419433594,153.93710327148438
HFCL,2018-04-26,2018-05-07,25.955677032470703,27.6239013671875
GODREJPROP,2018-04-26,2018-05-07,799.7000122070312,849.8499755859375
HINDPETRO,2018-05-07,2018-05-15,146.5517578125,159.60325622558594
PHOENIXLTD,2018-05-07,2018-05-15,301.2279357910156,327.36138916015625
MPHASIS,2018-05-07,2018-05-15,838.733642578125,910.7482299804688
ASIANPAINT,2018-05-07,2018-05-15,1151.608154296875,1245.8026123046875
ICICIBANK,2018-05-07,2018-05-15,275.9693908691406,293.5389709472656
NESTLEIND,2018-05-07,2018-05-15,819.74365234375,862.3416137695312
KEI,2018-05-15,2018-05-23,425.6603393554688,472.5040283203125
BAJFINANCE,2018-05-15,2018-05-23,1863.8023681640625,2036.7130126953125
BAJAJFINSV,2018-05-15,2018-05-23,538.1666870117188,577.3065185546875
COLPAL,2018-05-15,2018-05-23,990.8937377929688,1062.618408203125
JUBLFOOD,2018-05-15,2018-05-23,235.8345642089844,252.0304107666016
SBIN,2018-05-15,2018-05-23,233.42860412597656,247.7355194091797
TORNTPOWER,2018-05-23,2018-05-31,180.73194885253903,221.52333068847656
MCX,2018-05-23,2018-05-31,652.0586547851562,772.3325805664062
JSWENERGY,2018-05-23,2018-05-31,64.23601531982422,76.02030944824219
ASTRAL,2018-05-23,2018-05-31,403.0504150390625,461.5271606445313
NCC,2018-05-23,2018-05-31,92.99213409423828,105.98011016845705
IOC,2018-05-23,2018-05-31,63.9605827331543,72.54422760009766
HFCL,2018-05-31,2018-06-08,25.26875877380371,29.292133331298828
SAIL,2018-05-31,2018-06-08,64.25726318359375,70.9410400390625
SUNPHARMA,2018-05-31,2018-06-08,449.254150390625,494.0532531738281
TATAMOTORS,2018-05-31,2018-06-08,280.7558898925781,308.0364074707031
PNB,2018-05-31,2018-06-08,79.86392974853516,86.35615539550781
GODREJPROP,2018-05-31,2018-06-08,731.0499877929688,789.9000244140625
DRREDDY,2018-06-08,2018-06-18,324.1580505371094,374.9055786132813
GRANULES,2018-06-08,2018-06-18,75.94730377197266,85.39251708984375
LUPIN,2018-06-08,2018-06-18,778.6395263671875,867.2163696289062
HFCL,2018-06-08,2018-06-18,29.292133331298828,32.43232345581055
ZYDUSLIFE,2018-06-08,2018-06-18,334.107421875,367.2568359375
PAGEIND,2018-06-08,2018-06-18,23108.126953125,25102.5
BAJFINANCE,2018-06-18,2018-06-26,2198.15869140625,2319.867919921875
NESTLEIND,2018-06-18,2018-06-26,892.3850708007812,935.6146850585938
ULTRACEMCO,2018-06-18,2018-06-26,3562.9423828125,3728.588623046875
AMBUJACEM,2018-06-18,2018-06-26,180.72506713867188,188.78599548339844
ACC,2018-06-18,2018-06-26,1207.745361328125,1260.86962890625
TATAELXSI,2018-06-18,2018-06-26,1189.270263671875,1238.1427001953125
BALKRISIND,2018-06-26,2018-07-04,989.7371826171876,1058.881591796875
GODREJCP,2018-06-26,2018-07-04,758.16650390625,804.3405151367188
BAJAJ-AUTO,2018-06-26,2018-07-04,2312.593994140625,2450.019775390625
APOLLOHOSP,2018-06-26,2018-07-04,997.9716796875,1056.0498046875
DIVISLAB,2018-06-26,2018-07-04,982.61572265625,1038.482666015625
CGPOWER,2018-06-26,2018-07-04,54.20378875732422,57.22336196899414
ADANIENT,2018-07-04,2018-07-12,68.00737762451172,78.4894790649414
NAUKRI,2018-07-04,2018-07-12,1137.2564697265625,1284.0008544921875
MFSL,2018-07-04,2018-07-12,407.9500122070313,455.75
YESBANK,2018-07-04,2018-07-12,326.5797119140625,364.7804260253906
GRANULES,2018-07-04,2018-07-12,81.00726318359375,88.81403350830078
TRENT,2018-07-04,2018-07-12,308.5572509765625,337.6943359375
ADANIENT,2018-07-12,2018-07-20,78.4894790649414,102.89511108398438
BAJFINANCE,2018-07-12,2018-07-20,2370.62890625,2671.3505859375
FEDERALBNK,2018-07-12,2018-07-20,74.96719360351562,80.45601654052734
BAJAJFINSV,2018-07-12,2018-07-20,624.474365234375,664.6329956054688
TITAN,2018-07-12,2018-07-20,779.1300048828125,829.1959838867188
IGL,2018-07-12,2018-07-20,112.52014923095705,119.5339126586914
BANKBARODA,2018-07-20,2018-07-30,110.27738189697266,139.44012451171875
RECLTD,2018-07-20,2018-07-30,39.28947067260742,48.854488372802734
BANKINDIA,2018-07-20,2018-07-30,75.83343505859375,94.05168914794922
CANBK,2018-07-20,2018-07-30,42.88980865478516,52.40779495239258
SHRIRAMFIN,2018-07-20,2018-07-30,160.16824340820312,193.4065856933593
PFC,2018-07-20,2018-07-30,37.51683807373047,45.1308479309082
ABFRL,2018-07-30,2018-08-07,140.46328735351562,174.71661376953125
TORNTPHARM,2018-07-30,2018-08-07,689.7982177734375,780.5917358398438
DABUR,2018-07-30,2018-08-07,372.69830322265625,419.8243103027344
DRREDDY,2018-07-30,2018-08-07,356.49176025390625,389.5334777832031
APLAPOLLO,2018-07-30,2018-08-07,155.85006713867188,169.9759063720703
NMDC,2018-07-30,2018-08-07,14.330934524536133,15.629393577575684
APOLLOHOSP,2018-08-07,2018-08-16,944.2368774414062,1113.249755859375
BALKRISIND,2018-08-07,2018-08-16,1141.1820068359375,1300.65185546875
PAGEIND,2018-08-07,2018-08-16,27967.41015625,31119.55078125
DLF,2018-08-07,2018-08-16,177.0885772705078,195.9540100097656
SJVN,2018-08-07,2018-08-16,18.238832473754883,20.06609916687012
ABFRL,2018-08-07,2018-08-16,174.71661376953125,191.7200622558593
ZYDUSLIFE,2018-08-16,2018-08-27,314.8421630859375,366.6217346191406
CUMMINSIND,2018-08-16,2018-08-27,593.5313720703125,685.2020263671875
PEL,2018-08-16,2018-08-27,1324.6048583984375,1495.294921875
TATAPOWER,2018-08-16,2018-08-27,60.46604537963867,68.074951171875
GLENMARK,2018-08-16,2018-08-27,566.5733032226562,634.5233154296875
NAUKRI,2018-08-16,2018-08-27,1396.84619140625,1561.4718017578125
BOSCHLTD,2018-08-27,2018-09-04,17237.484375,19267.8203125
JSWSTEEL,2018-08-27,2018-09-04,325.4595031738281,357.7217102050781
CHAMBLFERT,2018-08-27,2018-09-04,130.68673706054688,138.9379119873047
WIPRO,2018-08-27,2018-09-04,105.06275939941406,111.2773895263672
UPL,2018-08-27,2018-09-04,412.8892517089844,437.302001953125
PHOENIXLTD,2018-08-27,2018-09-04,290.1424560546875,306.0170288085937
ABB,2018-09-04,2018-09-12,1119.1253662109375,1282.49951171875
AUROPHARMA,2018-09-04,2018-09-12,650.79052734375,743.5614624023438
MUTHOOTFIN,2018-09-04,2018-09-12,357.1756591796875,402.95599365234375
ADANIENT,2018-09-04,2018-09-12,133.27767944335938,147.00347900390625
NMDC,2018-09-04,2018-09-12,15.431206703186035,16.66816520690918
OFSS,2018-09-04,2018-09-12,2994.604736328125,3234.20166015625
BPCL,2018-09-12,2018-09-24,108.08978271484376,118.84539794921876
OIL,2018-09-12,2018-09-24,91.88292694091795,99.31694793701172
ONGC,2018-09-12,2018-09-24,112.4481201171875,121.46600341796876
TCS,2018-09-12,2018-09-24,1831.108154296875,1969.51953125
DIVISLAB,2018-09-12,2018-09-24,1207.214111328125,1292.85009765625
TATACONSUM,2018-09-12,2018-09-24,211.9324645996093,222.0697784423828
KEI,2018-09-24,2018-10-03,327.8232421875,362.108642578125
CYIENT,2018-09-24,2018-10-03,598.4959106445312,650.1673583984375
GODREJPROP,2018-09-24,2018-10-03,565.9000244140625,608.4500122070312
RECLTD,2018-09-24,2018-10-03,42.72146987915039,45.85859680175781
BEL,2018-09-24,2018-10-03,22.545795440673828,24.19973945617676
SIEMENS,2018-09-24,2018-10-03,887.884521484375,946.439453125
YESBANK,2018-10-03,2018-10-11,207.06253051757807,233.77870178222656
AARTIIND,2018-10-03,2018-10-11,286.3598327636719,304.4730834960937
PIIND,2018-10-03,2018-10-11,693.786865234375,736.81884765625
MCX,2018-10-03,2018-10-11,653.837646484375,686.2191772460938
APOLLOHOSP,2018-10-03,2018-10-11,1050.4417724609375,1099.321044921875
NAUKRI,2018-10-03,2018-10-11,1362.94287109375,1418.9593505859375
ADANIENT,2018-10-11,2018-10-22,136.43975830078125,166.3538360595703
COFORGE,2018-10-11,2018-10-22,977.2384643554688,1152.2015380859375
PRESTIGE,2018-10-11,2018-10-22,165.37322998046875,189.8277740478516
MOTHERSON,2018-10-11,2018-10-22,55.33411407470703,62.47633743286133
FEDERALBNK,2018-10-11,2018-10-22,67.6706314086914,75.73795318603516
TATAPOWER,2018-10-11,2018-10-22,56.05377578735352,62.67218399047852
CANBK,2018-10-22,2018-10-30,38.271183013916016,46.41263961791992
UNIONBANK,2018-10-22,2018-10-30,55.98535919189453,67.68246459960938
GODREJPROP,2018-10-22,2018-10-30,511.7999877929688,607.0499877929688
INDIANB,2018-10-22,2018-10-30,195.8983917236328,230.15484619140625
KEI,2018-10-22,2018-10-30,250.558334350586,292.1624755859375
DIVISLAB,2018-10-22,2018-10-30,1226.6768798828125,1410.5762939453125
KEI,2018-10-30,2018-11-07,292.1624755859375,370.0659790039063
NBCC,2018-10-30,2018-11-07,32.9356689453125,39.53514099121094
YESBANK,2018-10-30,2018-11-07,177.18324279785156,210.176986694336
TORNTPOWER,2018-10-30,2018-11-07,196.05474853515625,228.3360137939453
CUMMINSIND,2018-10-30,2018-11-07,597.2122802734375,690.6572265625
UPL,2018-10-30,2018-11-07,398.6170654296875,456.70703125
JUBLFOOD,2018-11-07,2018-11-16,206.26370239257807,234.4729156494141
BPCL,2018-11-07,2018-11-16,93.4039306640625,104.17568969726562
PIDILITIND,2018-11-07,2018-11-16,984.82958984375,1089.2362060546875
LAURUSLABS,2018-11-07,2018-11-16,68.74405670166016,75.23771667480469
EICHERMOT,2018-11-07,2018-11-16,1990.0748291015625,2173.23828125
INDIGO,2018-11-07,2018-11-16,958.197998046875,1046.12255859375
IRB,2018-11-16,2018-11-27,12.625385284423828,14.355149269104004
CGPOWER,2018-11-16,2018-11-27,35.640846252441406,39.006927490234375
MOTHERSON,2018-11-16,2018-11-27,54.1840934753418,58.68732452392578
NAUKRI,2018-11-16,2018-11-27,1343.482177734375,1450.2767333984375
COLPAL,2018-11-16,2018-11-27,1003.51025390625,1083.128173828125
GODREJPROP,2018-11-16,2018-11-27,629.3499755859375,675.7000122070312
PRESTIGE,2018-11-27,2018-12-05,171.23060607910156,202.9092559814453
LTF,2018-11-27,2018-12-05,114.9546890258789,126.104736328125
OBEROIRLTY,2018-11-27,2018-12-05,417.4775390625,457.5640258789063
MPHASIS,2018-11-27,2018-12-05,778.189697265625,847.7969970703125
WIPRO,2018-11-27,2018-12-05,110.81571197509766,119.4806900024414
KEI,2018-11-27,2018-12-05,347.8148193359375,373.1113586425781
HEROMOTOCO,2018-12-05,2018-12-13,2442.141357421875,2654.75390625
CYIENT,2018-12-05,2018-12-13,517.8134765625,560.5039672851562
ABFRL,2018-12-05,2018-12-13,180.9758453369141,195.8107452392578
GLENMARK,2018-12-05,2018-12-13,610.6229248046875,659.8721313476562
MANAPPURAM,2018-12-05,2018-12-13,72.98552703857422,78.63375091552734
MUTHOOTFIN,2018-12-05,2018-12-13,399.6062316894531,429.932861328125
PFC,2018-12-13,2018-12-21,45.39431381225586,51.69103240966797
BANKINDIA,2018-12-13,2018-12-21,78.65727233886719,89.17830657958984
BPCL,2018-12-13,2018-12-21,108.33238220214844,121.1905746459961
CGPOWER,2018-12-13,2018-12-21,38.56142044067383,43.01652526855469
HINDPETRO,2018-12-13,2018-12-21,112.11138153076172,124.51010131835938
IDEA,2018-12-13,2018-12-21,21.04361724853516,23.093713760375977
PRESTIGE,2018-12-21,2019-01-01,202.7627868652344,230.0972137451172
RECLTD,2018-12-21,2019-01-01,47.66679763793945,52.56854248046875
PFC,2018-12-21,2019-01-01,51.69103240966797,56.591407775878906
BANKINDIA,2018-12-21,2019-01-01,89.17830657958984,96.8755111694336
ADANIPORTS,2018-12-21,2019-01-01,348.1980895996094,375.1011657714844
CUMMINSIND,2018-12-21,2019-01-01,701.567138671875,752.5692749023438
NAUKRI,2019-01-01,2019-01-09,1410.529052734375,1596.4757080078125
GODREJPROP,2019-01-01,2019-01-09,660.2999877929688,742.0999755859375
INDUSTOWER,2019-01-01,2019-01-09,210.6316070556641,233.20069885253903
HFCL,2019-01-01,2019-01-09,21.01253700256348,22.68959617614746
CHAMBLFERT,2019-01-01,2019-01-09,126.56114196777344,136.05860900878906
NBCC,2019-01-01,2019-01-09,35.46444320678711,37.99320983886719
INFY,2019-01-09,2019-01-17,581.452392578125,630.6879272460938
YESBANK,2019-01-09,2019-01-17,181.46560668945312,196.11328125
APOLLOHOSP,2019-01-09,2019-01-17,1242.7235107421875,1326.608154296875
CHAMBLFERT,2019-01-09,2019-01-17,136.05860900878906,144.61062622070312
RECLTD,2019-01-09,2019-01-17,52.65568923950195,55.923526763916016
COFORGE,2019-01-09,2019-01-17,1075.3603515625,1130.7821044921875
RELIANCE,2019-01-17,2019-01-25,497.5625,546.4874877929688
YESBANK,2019-01-17,2019-01-25,196.11328125,213.7294158935547
PHOENIXLTD,2019-01-17,2019-01-25,276.9147644042969,295.67333984375
COFORGE,2019-01-17,2019-01-25,1130.7821044921875,1197.908203125
WIPRO,2019-01-17,2019-01-25,119.10781860351562,125.51775360107422
GRANULES,2019-01-17,2019-01-25,87.54736328125,91.91502380371094
JUBLFOOD,2019-01-25,2019-02-04,235.8016815185547,274.90673828125
PERSISTENT,2019-01-25,2019-02-04,261.5478210449219,301.7052917480469
AARTIIND,2019-01-25,2019-02-04,367.1279602050781,408.3601989746094
MPHASIS,2019-01-25,2019-02-04,791.8618774414062,874.1091918945312
ASTRAL,2019-01-25,2019-02-04,459.5977478027344,504.2571411132813
INDHOTEL,2019-01-25,2019-02-04,126.87306213378906,137.70716857910156
JSL,2019-02-04,2019-02-12,25.863983154296875,31.81368064880371
MANAPPURAM,2019-02-04,2019-02-12,81.28134155273438,92.44537353515624
SRF,2019-02-04,2019-02-12,384.2960205078125,430.068115234375
JINDALSTEL,2019-02-04,2019-02-12,129.282470703125,139.45909118652344
TECHM,2019-02-04,2019-02-12,625.4127197265625,672.1632080078125
BAJAJ-AUTO,2019-02-04,2019-02-12,2217.90576171875,2377.250732421875
YESBANK,2019-02-12,2019-02-21,168.03451538085938,209.3983764648437
TATAMOTORS,2019-02-12,2019-02-21,150.86280822753906,168.6522979736328
PFC,2019-02-12,2019-02-21,52.56044769287109,58.198524475097656
JINDALSTEL,2019-02-12,2019-02-21,139.45909118652344,153.63717651367188
GMRAIRPORT,2019-02-12,2019-02-21,13.243647575378418,14.54999542236328
OBEROIRLTY,2019-02-12,2019-02-21,436.4426574707031,477.0191955566406
POONAWALLA,2019-02-21,2019-03-01,87.74911499023438,109.04981994628906
MOTHERSON,2019-02-21,2019-03-01,49.299537658691406,58.50962448120117
CGPOWER,2019-02-21,2019-03-01,30.888734817504883,36.234859466552734
APLAPOLLO,2019-02-21,2019-03-01,112.07083892822266,129.3271942138672
IRB,2019-02-21,2019-03-01,11.600688934326172,13.259944915771484
GRANULES,2019-02-21,2019-03-01,88.82589721679688,101.18851470947266
KEI,2019-03-01,2019-03-12,346.04656982421875,425.669189453125
JSL,2019-03-01,2019-03-12,35.255653381347656,42.33628845214844
INDIANB,2019-03-01,2019-03-12,205.8076629638672,241.2747344970703
CGPOWER,2019-03-01,2019-03-12,36.234859466552734,42.22450637817383
NCC,2019-03-01,2019-03-12,80.71907806396484,93.17906188964844
LTF,2019-03-01,2019-03-12,111.9376220703125,128.77198791503906
PRESTIGE,2019-03-12,2019-03-20,200.956787109375,247.27886962890625
GODREJPROP,2019-03-12,2019-03-20,709.0999755859375,811.6500244140625
INDIGO,2019-03-12,2019-03-20,1265.734375,1419.25341796875
PNB,2019-03-12,2019-03-20,81.53472137451172,89.31585693359375
INDUSINDBK,2019-03-12,2019-03-20,1507.2705078125,1645.9368896484375
BANKINDIA,2019-03-12,2019-03-20,84.21382904052734,91.59222412109376
GMRAIRPORT,2019-03-20,2019-04-01,15.315784454345703,17.568105697631836
NMDC,2019-03-20,2019-04-01,10.077046394348145,11.526093482971191
JINDALSTEL,2019-03-20,2019-04-01,162.47996520996094,180.46192932128903
BHEL,2019-03-20,2019-04-01,64.67385864257812,71.65542602539062
JSWENERGY,2019-03-20,2019-04-01,61.971588134765625,68.16410827636719
CHOLAFIN,2019-03-20,2019-04-01,269.37628173828125,296.2884216308594
GODREJPROP,2019-04-01,2019-04-09,814.7000122070312,911.7999877929688
PRESTIGE,2019-04-01,2019-04-09,235.5153045654297,261.3853759765625
TATAMOTORS,2019-04-01,2019-04-09,186.19332885742188,204.6287841796875
SAIL,2019-04-01,2019-04-09,46.57489013671875,49.78986740112305
ABB,2019-04-01,2019-04-09,1154.7008056640625,1234.043701171875
LUPIN,2019-04-01,2019-04-09,741.0347900390625,784.1215209960938
TATAMOTORS,2019-04-09,2019-04-18,204.6287841796875,234.7914276123047
INDIGO,2019-04-09,2019-04-18,1386.7054443359375,1549.5452880859375
TVSMOTOR,2019-04-09,2019-04-18,466.6956176757813,501.42327880859375
HDFCLIFE,2019-04-09,2019-04-18,377.0344543457031,401.33056640625
BHEL,2019-04-09,2019-04-18,67.59857177734375,71.74977111816406
CIPLA,2019-04-09,2019-04-18,506.7136840820313,534.859130859375
MCX,2019-04-18,2019-04-30,718.0026245117188,790.216796875
HINDPETRO,2019-04-18,2019-04-30,136.54307556152344,149.1679229736328
ULTRACEMCO,2019-04-18,2019-04-30,4147.4150390625,4494.83740234375
HCLTECH,2019-04-18,2019-04-30,463.9044799804688,497.8564147949219
ONGC,2019-04-18,2019-04-30,112.6974868774414,118.73233795166016
TCS,2019-04-18,2019-04-30,1930.6297607421875,2029.67333984375
FEDERALBNK,2019-04-30,2019-05-09,88.02875518798828,92.29969787597656
INDUSTOWER,2019-04-30,2019-05-09,210.87252807617188,220.56431579589844
TRENT,2019-04-30,2019-05-09,352.4996643066406,366.3241271972656
POONAWALLA,2019-04-30,2019-05-09,122.1240463256836,126.09039306640624
BEL,2019-04-30,2019-05-09,25.574859619140625,26.396543502807617
TATACHEM,2019-04-30,2019-05-09,218.3559417724609,222.8392333984375
TATACONSUM,2019-05-09,2019-05-17,189.0401306152344,224.06871032714844
SRF,2019-05-09,2019-05-17,474.54339599609375,547.9281005859375
CHAMBLFERT,2019-05-09,2019-05-17,122.13472747802734,139.71145629882812
BAJFINANCE,2019-05-09,2019-05-17,2916.75732421875,3240.448974609375
MANAPPURAM,2019-05-09,2019-05-17,100.1480484008789,108.75243377685548
TITAN,2019-05-09,2019-05-17,1069.054443359375,1152.3465576171875
ADANIENT,2019-05-17,2019-05-27,117.78050231933594,155.19776916503906
KEI,2019-05-17,2019-05-27,381.1669616699219,480.2409057617188
BANKBARODA,2019-05-17,2019-05-27,102.94083404541016,129.26068115234375
BEL,2019-05-17,2019-05-27,26.98345947265625,33.160743713378906
NCC,2019-05-17,2019-05-27,85.5947265625,103.6526870727539
BANKINDIA,2019-05-17,2019-05-27,74.42152404785156,89.6337661743164
NAUKRI,2019-05-27,2019-06-04,1893.399658203125,2210.723876953125
APOLLOHOSP,2019-05-27,2019-06-04,1175.459228515625,1306.3599853515625
TRENT,2019-05-27,2019-06-04,370.78363037109375,408.3426818847656
PFC,2019-05-27,2019-06-04,62.75639343261719,68.31542205810547
TATACONSUM,2019-05-27,2019-06-04,224.5728912353516,243.86460876464844
PHOENIXLTD,2019-05-27,2019-06-04,303.5953674316406,329.18463134765625
MOTHERSON,2019-06-04,2019-06-13,41.868106842041016,45.49533462524414
PERSISTENT,2019-06-04,2019-06-13,280.1333923339844,294.4974060058594
TORNTPOWER,2019-06-04,2019-06-13,210.01524353027344,220.23016357421875
GODREJPROP,2019-06-04,2019-06-13,878.5999755859375,921.0
RECLTD,2019-06-04,2019-06-13,70.169921875,73.33264923095703
JINDALSTEL,2019-06-04,2019-06-13,159.6641082763672,166.82725524902344
NMDC,2019-06-13,2019-06-21,11.575324058532717,12.17159938812256
OBEROIRLTY,2019-06-13,2019-06-21,517.791748046875,544.3526000976562
PIIND,2019-06-13,2019-06-21,1120.0733642578125,1172.8897705078125
UNIONBANK,2019-06-13,2019-06-21,64.91444396972656,67.63782501220703
GODREJPROP,2019-06-13,2019-06-21,921.0,959.1500244140624
TRENT,2019-06-13,2019-06-21,389.21630859375,405.1714172363281
TORNTPOWER,2019-06-21,2019-07-01,213.1259765625,253.3540496826172
GODREJPROP,2019-06-21,2019-07-01,959.1500244140624,1096.25
OBEROIRLTY,2019-06-21,2019-07-01,544.3526000976562,606.00146484375
TRENT,2019-06-21,2019-07-01,405.1714172363281,450.1133728027344
UNIONBANK,2019-06-21,2019-07-01,67.63782501220703,74.55785369873047
JSL,2019-06-21,2019-07-01,32.10871124267578,34.81311798095703
SJVN,2019-07-01,2019-07-09,17.500246047973633,18.62345314025879
PRESTIGE,2019-07-01,2019-07-09,258.74957275390625,269.3904724121094
INDUSINDBK,2019-07-01,2019-07-09,1377.15380859375,1433.350341796875
BHARTIARTL,2019-07-01,2019-07-09,335.9215393066406,349.2234191894531
BANKBARODA,2019-07-01,2019-07-09,111.19445037841795,115.45880889892578
LTF,2019-07-01,2019-07-09,102.6240692138672,106.47191619873048
RECLTD,2019-07-09,2019-07-17,64.81217956542969,72.43574523925781
SUNPHARMA,2019-07-09,2019-07-17,362.4758605957031,403.4232177734375
INFY,2019-07-09,2019-07-17,627.4595336914062,696.431884765625
GODREJPROP,2019-07-09,2019-07-17,899.2999877929688,989.9000244140624
HDFCLIFE,2019-07-09,2019-07-17,450.1203308105469,491.0089416503906
TATACOMM,2019-07-09,2019-07-17,258.7660827636719,280.3898620605469
INDIGO,2019-07-17,2019-07-25,1460.6737060546875,1579.8004150390625
ASIANPAINT,2019-07-17,2019-07-25,1339.426513671875,1435.3330078125
CGPOWER,2019-07-17,2019-07-25,19.35495948791504,20.295482635498047
PHOENIXLTD,2019-07-17,2019-07-25,325.4374694824219,340.3028869628906
POWERGRID,2019-07-17,2019-07-25,84.92474365234375,87.02745056152344
TORNTPHARM,2019-07-17,2019-07-25,743.4432373046875,761.4937744140625
GRANULES,2019-07-25,2019-08-02,82.54724884033203,90.1886978149414
TRENT,2019-07-25,2019-08-02,407.0408630371094,440.43499755859375
CHOLAFIN,2019-07-25,2019-08-02,244.71731567382807,261.9620361328125
BAJFINANCE,2019-07-25,2019-08-02,2995.768310546875,3183.981201171875
VOLTAS,2019-07-25,2019-08-02,564.1851196289062,595.79931640625
TATACONSUM,2019-07-25,2019-08-02,242.08457946777344,255.5550842285156
KEI,2019-08-02,2019-08-13,412.70166015625,472.5782470703125
AUROPHARMA,2019-08-02,2019-08-13,528.8900146484375,581.0899047851562
COFORGE,2019-08-02,2019-08-13,1109.0848388671875,1214.7935791015625
PRESTIGE,2019-08-02,2019-08-13,253.23388671875,276.1752319335937
SRF,2019-08-02,2019-08-13,515.4747314453125,555.6925048828125
RELIANCE,2019-08-02,2019-08-13,528.28515625,568.6084594726562
DIXON,2019-08-13,2019-08-22,397.2458801269531,459.03173828125
MFSL,2019-08-13,2019-08-22,396.0,439.5499877929688
APOLLOHOSP,2019-08-13,2019-08-22,1296.7508544921875,1422.84716796875
MARUTI,2019-08-13,2019-08-22,5507.0322265625,5961.29052734375
INDIGO,2019-08-13,2019-08-22,1502.44287109375,1621.0999755859375
PERSISTENT,2019-08-13,2019-08-22,252.04283142089844,270.8144836425781
NBCC,2019-08-22,2019-08-30,17.690303802490234,21.37956428527832
INDIANB,2019-08-22,2019-08-30,150.0288543701172,179.26339721679688
PEL,2019-08-22,2019-08-30,862.6695556640625,1015.6939697265624
OBEROIRLTY,2019-08-22,2019-08-30,476.6897277832031,558.7368774414062
MCX,2019-08-22,2019-08-30,771.2202758789062,899.22802734375
DLF,2019-08-22,2019-08-30,139.03775024414062,161.84976196289062
CGPOWER,2019-08-30,2019-09-11,10.39524745941162,13.810829162597656
YESBANK,2019-08-30,2019-09-11,59.95000076293945,71.5999984741211
JSL,2019-08-30,2019-09-11,30.63357353210449,35.944053649902344
RBLBANK,2019-08-30,2019-09-11,320.0240478515625,369.9544067382813
TATAMOTORS,2019-08-30,2019-09-11,115.97950744628906,133.5205535888672
TVSMOTOR,2019-08-30,2019-09-11,341.4244079589844,389.7917175292969
TATACOMM,2019-09-11,2019-09-19,250.9662322998047,288.9818115234375
ASTRAL,2019-09-11,2019-09-19,575.83349609375,642.3316650390625
COLPAL,2019-09-11,2019-09-19,1100.906005859375,1182.895263671875
GODREJCP,2019-09-11,2019-09-19,592.8726806640625,636.253662109375
HAL,2019-09-11,2019-09-19,296.5399780273437,317.43572998046875
PAGEIND,2019-09-11,2019-09-19,17367.453125,18516.03515625
BPCL,2019-09-19,2019-09-27,140.28237915039062,173.5017852783203
ASHOKLEY,2019-09-19,2019-09-27,53.42361831665039,65.77326202392578
SIEMENS,2019-09-19,2019-09-27,1199.72509765625,1466.8978271484375
HINDPETRO,2019-09-19,2019-09-27,132.47096252441406,161.41928100585938
BAJFINANCE,2019-09-19,2019-09-27,3306.063720703125,3989.83447265625
TATACOMM,2019-09-19,2019-09-27,288.9818115234375,348.6623229980469
NAUKRI,2019-09-27,2019-10-09,2013.754638671875,2349.634033203125
BIOCON,2019-09-27,2019-10-09,214.9315643310547,230.1078491210937
NMDC,2019-09-27,2019-10-09,10.010798454284668,10.55783462524414
SIEMENS,2019-09-27,2019-10-09,1466.8978271484375,1543.836669921875
DIXON,2019-09-27,2019-10-09,569.7417602539062,598.3863525390625
BPCL,2019-09-27,2019-10-09,173.5017852783203,182.014389038086
ADANIENT,2019-10-09,2019-10-17,137.6471710205078,160.96798706054688
TATAMOTORS,2019-10-09,2019-10-17,120.15357208251952,138.6387481689453
MOTHERSON,2019-10-09,2019-10-17,37.67101287841797,42.401702880859375
ONGC,2019-10-09,2019-10-17,88.86233520507812,99.84212493896484
EICHERMOT,2019-10-09,2019-10-17,1747.6888427734375,1963.5225830078125
OIL,2019-10-09,2019-10-17,70.48548889160156,78.71562194824219
GRANULES,2019-10-17,2019-10-27,95.71265411376952,123.01714324951172
IRB,2019-10-17,2019-10-27,6.24688720703125,7.586513042449951
HINDCOPPER,2019-10-17,2019-10-27,31.6031551361084,38.25645446777344
AARTIIND,2019-10-17,2019-10-27,371.9833984375,431.5341491699219
BHEL,2019-10-17,2019-10-27,44.10268783569336,51.12351989746094
YESBANK,2019-10-17,2019-10-27,47.400001525878906,54.75
JINDALSTEL,2019-10-27,2019-11-05,105.91578674316406,132.44415283203125
YESBANK,2019-10-27,2019-11-05,54.75,68.30000305175781
TATAMOTORS,2019-10-27,2019-11-05,146.78811645507812,170.93809509277344
RBLBANK,2019-10-27,2019-11-05,253.5642547607422,292.5403137207031
SBIN,2019-10-27,2019-11-05,265.24267578125,300.4451904296875
MOTHERSON,2019-10-27,2019-11-05,43.70070266723633,49.05180740356445
DLF,2019-11-05,2019-11-14,177.44277954101562,201.0729217529297
MFSL,2019-11-05,2019-11-14,428.7000122070313,479.3500061035156
PERSISTENT,2019-11-05,2019-11-14,283.8978576660156,315.39715576171875
DIXON,2019-11-05,2019-11-14,588.7451171875,650.6904907226562
IGL,2019-11-05,2019-11-14,171.3075714111328,187.46490478515625
MOTHERSON,2019-11-05,2019-11-14,49.05180740356445,52.87126159667969
IDEA,2019-11-14,2019-11-22,2.950000047683716,6.550000190734863
GLENMARK,2019-11-14,2019-11-22,276.31549072265625,337.0549621582031
BHARTIARTL,2019-11-14,2019-11-22,349.41619873046875,405.4674072265625
IRB,2019-11-14,2019-11-22,6.749835014343262,7.765129566192627
RBLBANK,2019-11-14,2019-11-22,311.0257873535156,351.4200134277344
ADANIGREEN,2019-11-14,2019-11-22,95.0500030517578,106.6999969482422
POONAWALLA,2019-11-22,2019-12-02,40.54359817504883,54.23942565917969
LTF,2019-11-22,2019-12-02,85.16082000732422,105.84463500976562
ADANIGREEN,2019-11-22,2019-12-02,106.6999969482422,131.3000030517578
IDEA,2019-11-22,2019-12-02,6.550000190734863,7.800000190734863
TATACOMM,2019-11-22,2019-12-02,340.9372863769531,396.4255676269531
INDUSTOWER,2019-11-22,2019-12-02,194.4384613037109,222.5146942138672
TATAELXSI,2019-12-02,2019-12-10,752.3270874023438,800.89501953125
DIXON,2019-12-02,2019-12-10,652.554931640625,688.6773071289062
ASTRAL,2019-12-02,2019-12-10,618.1748046875,646.1062622070312
NMDC,2019-12-02,2019-12-10,11.54250431060791,12.03483772277832
ICICIBANK,2019-12-02,2019-12-10,493.8658447265625,511.0724792480469
INFY,2019-12-02,2019-12-10,621.587646484375,641.1945190429688
PRESTIGE,2019-12-10,2019-12-18,308.32012939453125,353.206787109375
BHARATFORG,2019-12-10,2019-12-18,424.8512573242188,479.6910400390625
MOTHERSON,2019-12-10,2019-12-18,51.06816482543945,57.000919342041016
COFORGE,2019-12-10,2019-12-18,1338.8526611328125,1492.3636474609375
TATASTEEL,2019-12-10,2019-12-18,16.17446517944336,17.89228630065918
TATAMOTORS,2019-12-10,2019-12-18,158.7140350341797,173.72080993652344
ADANIGREEN,2019-12-18,2019-12-27,135.10000610351562,151.0
JINDALSTEL,2019-12-18,2019-12-27,144.30038452148438,159.3182830810547
APLAPOLLO,2019-12-18,2019-12-27,161.0041046142578,175.989990234375
PHOENIXLTD,2019-12-18,2019-12-27,384.0296936035156,417.7464599609375
AARTIIND,2019-12-18,2019-12-27,377.8105773925781,410.6593933105469
DIXON,2019-12-18,2019-12-27,722.3070068359375,778.9781494140625
ADANIGREEN,2019-12-27,2020-01-06,151.0,200.6000061035156
HINDCOPPER,2019-12-27,2020-01-06,38.15861129760742,43.63779830932617
CGPOWER,2019-12-27,2020-01-06,10.989261627197266,11.97928524017334
IRB,2019-12-27,2020-01-06,6.5242133140563965,7.045962333679199
GMRAIRPORT,2019-12-27,2020-01-06,18.96454429626465,20.360984802246094
CDSL,2019-12-27,2020-01-06,106.51244354248048,114.26658630371094
TATACONSUM,2020-01-06,2020-01-14,300.2964782714844,374.8654479980469
IRB,2020-01-06,2020-01-14,7.045962333679199,8.64881420135498
HAL,2020-01-06,2020-01-14,310.4562683105469,365.4830017089844
DLF,2020-01-06,2020-01-14,212.67144775390625,245.0124969482422
JSL,2020-01-06,2020-01-14,37.61586380004883,42.87717056274414
SAIL,2020-01-06,2020-01-14,38.507423400878906,43.6216926574707
IRB,2020-01-14,2020-01-22,8.64881420135498,10.740509033203123
GRANULES,2020-01-14,2020-01-22,128.5505828857422,146.3476104736328
PRESTIGE,2020-01-14,2020-01-22,333.1426696777344,379.0104675292969
PEL,2020-01-14,2020-01-22,740.4412231445312,824.02490234375
IGL,2020-01-14,2020-01-22,187.5311279296875,208.367919921875
BHARTIARTL,2020-01-14,2020-01-22,452.40966796875,495.9300231933594
CGPOWER,2020-01-22,2020-01-30,8.365697860717773,9.999238967895508
AARTIIND,2020-01-22,2020-01-30,423.2481384277344,479.8976135253906
GODREJPROP,2020-01-22,2020-01-30,960.25,1087.949951171875
NAUKRI,2020-01-22,2020-01-30,2488.527587890625,2776.273681640625
SOLARINDS,2020-01-22,2020-01-30,1142.2115478515625,1272.7891845703125
ASTRAL,2020-01-22,2020-01-30,607.1807861328125,671.3030395507812
BSOFT,2020-01-30,2020-02-07,65.86730194091797,85.66712951660156
ADANIGREEN,2020-01-30,2020-02-07,180.4499969482422,213.0
SHRIRAMFIN,2020-01-30,2020-02-07,150.62353515625,176.52244567871094
TRENT,2020-01-30,2020-02-07,578.434326171875,658.4909057617188
AUROPHARMA,2020-01-30,2020-02-07,464.2582092285156,528.3504028320312
ABFRL,2020-01-30,2020-02-07,226.3676605224609,257.2203063964844
BALKRISIND,2020-02-07,2020-02-17,1049.2554931640625,1217.0716552734375
MUTHOOTFIN,2020-02-07,2020-02-17,693.375,796.2946166992188
TRENT,2020-02-07,2020-02-17,658.4909057617188,745.206298828125
UPL,2020-02-07,2020-02-17,513.756591796875,562.8524780273438
GRANULES,2020-02-07,2020-02-17,159.30563354492188,172.0245361328125
TORNTPOWER,2020-02-07,2020-02-17,266.5164489746094,286.91375732421875
MFSL,2020-02-17,2020-02-26,491.9500122070313,588.1500244140625
IDEA,2020-02-17,2020-02-26,3.400000095367432,4.0
GMRAIRPORT,2020-02-17,2020-02-26,20.315937042236328,21.982654571533203
MUTHOOTFIN,2020-02-17,2020-02-26,796.2946166992188,856.4791259765625
HAVELLS,2020-02-17,2020-02-26,583.00146484375,625.608154296875
MCX,2020-02-17,2020-02-26,1189.8021240234375,1275.4385986328125
GODREJCP,2020-02-26,2020-03-05,586.9052734375,635.126708984375
SUNPHARMA,2020-02-26,2020-03-05,356.33819580078125,385.0582580566406
PIDILITIND,2020-02-26,2020-03-05,1502.8392333984375,1594.8280029296875
POWERGRID,2020-02-26,2020-03-05,76.7902603149414,80.96341705322266
BIOCON,2020-02-26,2020-03-05,294.4099426269531,308.4036560058594
CIPLA,2020-02-26,2020-03-05,404.4660034179688,422.0931701660156
IDEA,2020-03-05,2020-03-16,3.5999999046325684,5.699999809265137
YESBANK,2020-03-05,2020-03-16,36.79999923706055,37.09999847412109
HINDPETRO,2020-03-05,2020-03-16,107.50730895996094,108.0878677368164
INDUSTOWER,2020-03-05,2020-03-16,181.9383087158203,177.44703674316406
DIXON,2020-03-05,2020-03-16,817.8521728515625,774.9002685546875
ZYDUSLIFE,2020-03-05,2020-03-16,251.98306274414065,237.954833984375
ADANIGREEN,2020-03-16,2020-03-24,117.6999969482422,141.3000030517578
ZYDUSLIFE,2020-03-16,2020-03-24,237.954833984375,269.0194702148437
ONGC,2020-03-16,2020-03-24,42.47175216674805,47.407325744628906
OIL,2020-03-16,2020-03-24,36.213077545166016,38.22062301635742
HINDUNILVR,2020-03-16,2020-03-24,1800.78271484375,1880.486572265625
CGPOWER,2020-03-16,2020-03-24,5.346127510070801,5.445129871368408
PEL,2020-03-24,2020-04-01,319.4476928710937,479.9274291992188
SHRIRAMFIN,2020-03-24,2020-04-01,69.98260498046875,89.71890258789062
KEI,2020-03-24,2020-04-01,218.2651214599609,278.8943176269531
MFSL,2020-03-24,2020-04-01,303.20001220703125,382.3999938964844
NMDC,2020-03-24,2020-04-01,7.41101598739624,9.189191818237305
GODREJCP,2020-03-24,2020-04-01,433.8462524414063,535.6578369140625
GLENMARK,2020-04-01,2020-04-15,199.7054443359375,313.2490234375
CGPOWER,2020-04-01,2020-04-15,5.247125148773193,7.9201884269714355
TATACOMM,2020-04-01,2020-04-15,222.51834106445312,335.5675048828125
CIPLA,2020-04-01,2020-04-15,399.4756774902344,571.9140014648438
LUPIN,2020-04-01,2020-04-15,563.6572265625,788.8573608398438
IRB,2020-04-01,2020-04-15,4.799150943756104,6.693429470062256
AUROPHARMA,2020-04-15,2020-04-23,499.25970458984375,610.1793823242188
CESC,2020-04-15,2020-04-23,39.72895050048828,48.22737884521485
RELIANCE,2020-04-15,2020-04-23,512.896240234375,611.4967041015625
MUTHOOTFIN,2020-04-15,2020-04-23,645.423828125,763.0621948242188
POONAWALLA,2020-04-15,2020-04-23,17.404083251953125,20.37068748474121
LAURUSLABS,2020-04-15,2020-04-23,77.92505645751953,90.92874145507812
TATACOMM,2020-04-23,2020-05-04,351.53564453125,444.4243469238281
AARTIIND,2020-04-23,2020-05-04,462.1740417480469,539.934326171875
SHRIRAMFIN,2020-04-23,2020-05-04,92.88680267333984,107.86760711669922
RBLBANK,2020-04-23,2020-05-04,104.98283386230467,119.43771362304688
OFSS,2020-04-23,2020-05-04,1540.1214599609375,1751.4884033203125
ONGC,2020-04-23,2020-05-04,51.08612060546875,58.06449508666992
COFORGE,2020-05-04,2020-05-12,1106.05224609375,1339.619384765625
IDEA,2020-05-04,2020-05-12,4.150000095367432,4.949999809265137
INDUSTOWER,2020-05-04,2020-05-12,142.7880859375,164.67532348632812
MPHASIS,2020-05-04,2020-05-12,620.3446044921875,713.8212280273438
PERSISTENT,2020-05-04,2020-05-12,223.7662048339844,251.8243560791016
VEDL,2020-05-04,2020-05-12,35.817813873291016,39.894649505615234
BHEL,2020-05-12,2020-05-20,21.2602653503418,25.66064643859864
TATAPOWER,2020-05-12,2020-05-20,26.587141036987305,31.12755584716797
IDEA,2020-05-12,2020-05-20,4.949999809265137,5.650000095367432
CDSL,2020-05-12,2020-05-20,103.277587890625,115.38451385498048
TATACOMM,2020-05-12,2020-05-20,393.0811767578125,438.3479309082031
ADANIPORTS,2020-05-12,2020-05-20,284.3407897949219,315.7987365722656
JINDALSTEL,2020-05-20,2020-05-29,93.81253814697266,120.0938949584961
EICHERMOT,2020-05-20,2020-05-29,1320.69140625,1598.1890869140625
MCX,2020-05-20,2020-05-29,1051.5347900390625,1247.0338134765625
INDHOTEL,2020-05-20,2020-05-29,61.12215042114258,72.08790588378906
HEROMOTOCO,2020-05-20,2020-05-29,1740.1351318359375,2030.1431884765625
ABFRL,2020-05-20,2020-05-29,101.57713317871094,118.18629455566406
IDEA,2020-05-29,2020-06-08,6.550000190734863,12.0
NCC,2020-05-29,2020-06-08,21.15531349182129,28.80625534057617
HFCL,2020-05-29,2020-06-08,9.420856475830078,12.693364143371582
BANKINDIA,2020-05-29,2020-06-08,28.6481876373291,38.57712936401367
TATAMOTORS,2020-05-29,2020-06-08,86.46287536621094,114.73722076416016
NBCC,2020-05-29,2020-06-08,10.7392578125,14.246587753295898
POONAWALLA,2020-06-08,2020-06-16,15.12968635559082,20.123470306396484
TATACOMM,2020-06-08,2020-06-16,445.7432556152344,545.6033325195312
ADANIGREEN,2020-06-08,2020-06-16,297.75,363.4500122070313
RBLBANK,2020-06-08,2020-06-16,130.73521423339844,159.20094299316406
GRANULES,2020-06-08,2020-06-16,178.26126098632812,212.5875701904297
BANKINDIA,2020-06-08,2020-06-16,38.57712936401367,45.3178825378418
POONAWALLA,2020-06-16,2020-06-24,20.123470306396484,26.79833221435547
IRB,2020-06-16,2020-06-24,6.232786178588867,8.089460372924805
BHEL,2020-06-16,2020-06-24,28.03388404846192,35.94468307495117
TRENT,2020-06-16,2020-06-24,518.25537109375,661.17431640625
CHOLAFIN,2020-06-16,2020-06-24,153.59629821777344,194.4532012939453
BAJFINANCE,2020-06-16,2020-06-24,2330.96240234375,2892.216796875
CGPOWER,2020-06-24,2020-07-02,7.029167175292969,9.256720542907717
TATAPOWER,2020-06-24,2020-07-02,40.48922348022461,46.6211166381836
HFCL,2020-06-24,2020-07-02,13.833783149719238,15.767538070678713
PEL,2020-06-24,2020-07-02,635.6668701171875,712.35791015625
ABB,2020-06-24,2020-07-02,848.2335815429688,941.6238403320312
HAL,2020-06-24,2020-07-02,315.9137878417969,350.5731506347656
IRB,2020-07-02,2020-07-10,8.944941520690918,11.47377872467041
HAL,2020-07-02,2020-07-10,350.5731506347656,426.1320190429688
HINDCOPPER,2020-07-02,2020-07-10,32.04344940185547,38.10968780517578
SAIL,2020-07-02,2020-07-10,26.81766891479492,31.71704864501953
PERSISTENT,2020-07-02,2020-07-10,309.9673767089844,353.080078125
LAURUSLABS,2020-07-02,2020-07-10,103.20459747314452,117.46815490722656
WIPRO,2020-07-10,2020-07-20,106.34615325927734,129.6647186279297
INFY,2020-07-10,2020-07-20,711.1356201171875,849.7972412109375
CYIENT,2020-07-10,2020-07-20,227.170639038086,269.3283996582031
BPCL,2020-07-10,2020-07-20,146.59999084472656,170.3418731689453
OFSS,2020-07-10,2020-07-20,2246.324462890625,2599.607666015625
MUTHOOTFIN,2020-07-10,2020-07-20,1012.3435668945312,1148.14111328125
MCX,2020-07-20,2020-07-28,1352.9525146484375,1594.93212890625
GMRAIRPORT,2020-07-20,2020-07-28,17.973522186279297,21.12677383422852
PERSISTENT,2020-07-20,2020-07-28,365.0946960449219,427.8698120117188
LAURUSLABS,2020-07-20,2020-07-28,128.10690307617188,149.30577087402344
MPHASIS,2020-07-20,2020-07-28,926.7969360351562,1073.3128662109375
CDSL,2020-07-20,2020-07-28,149.73110961914062,171.1144561767578
LAURUSLABS,2020-07-28,2020-08-05,149.30577087402344,202.0770721435547
CGPOWER,2020-07-28,2020-08-05,8.118192672729492,10.345746040344238
TORNTPHARM,2020-07-28,2020-08-05,1082.38671875,1349.770751953125
HFCL,2020-07-28,2020-08-05,11.255444526672363,13.337949752807615
TATACOMM,2020-07-28,2020-08-05,654.2717895507812,757.5232543945312
POONAWALLA,2020-07-28,2020-08-05,25.41391563415528,29.319944381713867
HAL,2020-08-05,2020-08-13,436.4869079589844,582.8341064453125
CGPOWER,2020-08-05,2020-08-13,10.345746040344238,13.068310737609863
INDHOTEL,2020-08-05,2020-08-13,74.66033935546875,93.70928192138672
BHARATFORG,2020-08-05,2020-08-13,389.2769470214844,488.13714599609375
ASHOKLEY,2020-08-05,2020-08-13,45.17617416381836,56.33192443847656
YESBANK,2020-08-05,2020-08-13,12.850000381469728,15.850000381469728
CGPOWER,2020-08-13,2020-08-21,13.068310737609863,16.68189811706543
NTPC,2020-08-13,2020-08-21,68.50213623046875,83.18396759033203
BSOFT,2020-08-13,2020-08-21,138.9158477783203,164.3458251953125
AARTIIND,2020-08-13,2020-08-21,492.93310546875,579.7387084960938
JSL,2020-08-13,2020-08-21,43.270538330078125,50.30200958251953
ADANIENT,2020-08-13,2020-08-21,200.2504425048828,232.76931762695312
CGPOWER,2020-08-21,2020-08-31,16.68189811706543,22.17652702331543
INDUSINDBK,2020-08-21,2020-08-31,495.9372863769531,608.586669921875
ADANIGREEN,2020-08-21,2020-08-31,376.5499877929688,452.75
IDEA,2020-08-21,2020-08-31,8.5,10.199999809265137
ADANIENT,2020-08-21,2020-08-31,232.76931762695312,278.8543701171875
TATAMOTORS,2020-08-21,2020-08-31,120.15357208251952,142.31588745117188
ADANIGREEN,2020-08-31,2020-09-08,452.75,564.4000244140625
DIXON,2020-08-31,2020-09-08,1616.188232421875,1917.6156005859373
GRANULES,2020-08-31,2020-09-08,308.9123229980469,353.56304931640625
TATAELXSI,2020-08-31,2020-09-08,1044.1124267578125,1184.195068359375
ASTRAL,2020-08-31,2020-09-08,626.4969482421875,706.7318115234375
IDEA,2020-08-31,2020-09-08,10.199999809265137,11.300000190734863
ADANIGREEN,2020-09-08,2020-09-16,564.4000244140625,675.5499877929688
TRENT,2020-09-08,2020-09-16,632.3809814453125,752.047607421875
PERSISTENT,2020-09-08,2020-09-16,479.3541870117188,563.0222778320312
ASHOKLEY,2020-09-08,2020-09-16,62.278587341308594,72.74286651611328
BSOFT,2020-09-08,2020-09-16,164.91517639160156,189.49110412597656
MPHASIS,2020-09-08,2020-09-16,1047.59521484375,1196.6920166015625
APOLLOHOSP,2020-09-16,2020-09-24,1665.6920166015625,1924.01904296875
DRREDDY,2020-09-16,2020-09-24,874.3934936523438,949.874755859375
PERSISTENT,2020-09-16,2020-09-24,563.0222778320312,569.7533569335938
PAGEIND,2020-09-16,2020-09-24,17907.099609375,17936.23046875
HCLTECH,2020-09-16,2020-09-24,673.9296875,673.1184692382812
OFSS,2020-09-16,2020-09-24,2435.103515625,2412.37646484375
INDUSINDBK,2020-09-24,2020-10-05,473.4364318847656,580.919189453125
HFCL,2020-09-24,2020-10-05,14.23045253753662,17.35420799255371
ADANIGREEN,2020-09-24,2020-10-05,616.9500122070312,749.4500122070312
ADANIENT,2020-09-24,2020-10-05,269.7769775390625,325.7872619628906
JINDALSTEL,2020-09-24,2020-10-05,162.2329559326172,194.34361267089844
MANAPPURAM,2020-09-24,2020-10-05,127.30425262451172,150.8573760986328
COFORGE,2020-10-05,2020-10-13,2212.49560546875,2639.314208984375
JSL,2020-10-05,2020-10-13,43.66390609741211,51.8263053894043
WIPRO,2020-10-05,2020-10-13,159.9022979736328,180.01278686523438
LAURUSLABS,2020-10-05,2020-10-13,290.28131103515625,321.617919921875
INFY,2020-10-05,2020-10-13,953.8505859375,1053.0830078125
HCLTECH,2020-10-05,2020-10-13,703.7730712890625,768.839111328125
OBEROIRLTY,2020-10-13,2020-10-21,376.9346923828125,464.93365478515625
GODREJPROP,2020-10-13,2020-10-21,885.2999877929688,1041.8499755859375
POONAWALLA,2020-10-13,2020-10-21,33.02820587158203,38.61530685424805
ABFRL,2020-10-13,2020-10-21,131.35000610351562,150.8000030517578
JSL,2020-10-13,2020-10-21,51.8263053894043,58.366058349609375
JSWSTEEL,2020-10-13,2020-10-21,275.2117614746094,306.53436279296875
CGPOWER,2020-10-21,2020-10-29,24.80008888244629,29.65120506286621
ADANIGREEN,2020-10-21,2020-10-29,692.3499755859375,815.6500244140625
KOTAKBANK,2020-10-21,2020-10-29,1389.1031494140625,1566.1680908203125
COLPAL,2020-10-21,2020-10-29,1295.6494140625,1401.1451416015625
BHARTIARTL,2020-10-21,2020-10-29,405.3272705078125,436.0895690917969
IGL,2020-10-21,2020-10-29,169.20948791503906,180.96568298339844
INDUSINDBK,2020-10-29,2020-11-06,568.510009765625,713.3173828125
CHOLAFIN,2020-10-29,2020-11-06,247.1176300048828,299.97967529296875
SHRIRAMFIN,2020-10-29,2020-11-06,103.55258178710938,125.3710479736328
SBIN,2020-10-29,2020-11-06,177.61280822753906,206.32077026367188
HINDPETRO,2020-10-29,2020-11-06,99.13502502441406,113.3484344482422
POONAWALLA,2020-10-29,2020-11-06,36.340911865234375,41.334693908691406
CGPOWER,2020-11-06,2020-11-14,31.581750869750977,37.86840057373047
EICHERMOT,2020-11-06,2020-11-14,2065.81640625,2453.571044921875
YESBANK,2020-11-06,2020-11-14,12.300000190734863,14.550000190734863
ADANIGREEN,2020-11-06,2020-11-14,860.0,1008.5999755859376
BAJAJFINSV,2020-11-06,2020-11-14,627.5394897460938,732.2650146484375
BAJFINANCE,2020-11-06,2020-11-14,3726.336669921875,4311.8369140625
SUPREMEIND,2020-11-14,2020-11-24,1340.297607421875,1644.7457275390625
BAJAJFINSV,2020-11-14,2020-11-24,732.2650146484375,884.411865234375
INDUSTOWER,2020-11-14,2020-11-24,159.4261474609375,192.4366149902344
ADANIGREEN,2020-11-14,2020-11-24,1008.5999755859376,1205.1500244140625
SHRIRAMFIN,2020-11-14,2020-11-24,130.1299285888672,153.5362548828125
M&MFIN,2020-11-14,2020-11-24,134.9694061279297,156.29769897460938
CGPOWER,2020-11-24,2020-12-03,37.422889709472656,47.17462539672852
SAIL,2020-11-24,2020-12-03,37.3040657043457,46.63007736206055
BANKBARODA,2020-11-24,2020-12-03,42.96461868286133,53.46504211425781
TATACHEM,2020-11-24,2020-12-03,341.8138427734375,423.6854248046875
LTF,2020-11-24,2020-12-03,65.54570770263672,81.01305389404297
HFCL,2020-11-24,2020-12-03,17.899625778198242,21.96546936035156
YESBANK,2020-12-03,2020-12-11,15.449999809265137,19.450000762939453
CHAMBLFERT,2020-12-03,2020-12-11,179.77703857421875,214.13543701171875
NCC,2020-12-03,2020-12-11,44.41666030883789,52.85490036010742
INDIANB,2020-12-03,2020-12-11,65.37419891357422,77.07698822021484
VEDL,2020-12-03,2020-12-11,62.412086486816406,72.3367919921875
CANBK,2020-12-03,2020-12-11,19.914417266845703,22.685592651367188
HINDCOPPER,2020-12-11,2020-12-21,43.34426498413086,56.25948715209961
PAGEIND,2020-12-11,2020-12-21,22490.2890625,26260.080078125
KEI,2020-12-11,2020-12-21,416.5845031738281,469.8887023925781
HAVELLS,2020-12-11,2020-12-21,805.7063598632812,858.9202270507812
MPHASIS,2020-12-11,2020-12-21,1213.099609375,1282.0482177734375
HFCL,2020-12-11,2020-12-21,21.66797065734864,22.70922470092773
SAIL,2020-12-21,2020-12-30,47.5755729675293,59.95296859741211
BSOFT,2020-12-21,2020-12-30,192.65704345703125,242.1810760498047
VEDL,2020-12-21,2020-12-30,65.99188232421875,80.01486206054688
TATAELXSI,2020-12-21,2020-12-30,1507.2501220703125,1798.78173828125
CANBK,2020-12-21,2020-12-30,19.769519805908203,23.42819595336914
PERSISTENT,2020-12-21,2020-12-30,631.9976196289062,739.4053955078125
SHRIRAMFIN,2020-12-30,2021-01-07,155.00570678710938,194.9486846923828
LICHSGFIN,2020-12-30,2021-01-07,327.7649230957031,395.7195434570313
IDEA,2020-12-30,2021-01-07,10.199999809265137,11.949999809265137
ASHOKLEY,2020-12-30,2021-01-07,87.4020767211914,102.38397216796876
DIXON,2020-12-30,2021-01-07,2669.06298828125,3125.12255859375
RBLBANK,2020-12-30,2021-01-07,229.4032745361328,265.713134765625
TATAMOTORS,2021-01-07,2021-01-15,195.5352935791016,258.69293212890625
TATAELXSI,2021-01-07,2021-01-15,1941.8759765625,2290.480224609375
HFCL,2021-01-07,2021-01-15,27.32048416137696,31.63424491882324
IDEA,2021-01-07,2021-01-15,11.949999809265137,13.649999618530272
DLF,2021-01-07,2021-01-15,238.64987182617188,271.7633361816406
BANKBARODA,2021-01-07,2021-01-15,60.66401672363281,68.91763305664062
BAJAJ-AUTO,2021-01-15,2021-01-25,3210.254150390625,3738.063720703125
CYIENT,2021-01-15,2021-01-25,448.2150573730469,520.5048828125
HAVELLS,2021-01-15,2021-01-25,955.56201171875,1092.9056396484375
UPL,2021-01-15,2021-01-25,500.3189086914063,563.128173828125
ADANIGREEN,2021-01-15,2021-01-25,947.75,1031.0999755859375
HEROMOTOCO,2021-01-15,2021-01-25,2779.3193359375,3015.296630859375
NCC,2021-01-25,2021-02-03,55.63673782348633,71.91048431396484
POONAWALLA,2021-01-25,2021-02-03,43.75742721557617,55.42607116699219
CUMMINSIND,2021-01-25,2021-02-03,570.69921875,713.9116821289062
INDUSINDBK,2021-01-25,2021-02-03,820.0276489257812,1012.5890502929688
SHRIRAMFIN,2021-01-25,2021-02-03,179.17291259765625,218.59376525878903
SBIN,2021-01-25,2021-02-03,264.4425964355469,316.2110595703125
POONAWALLA,2021-02-03,2021-02-11,55.42607116699219,92.50862884521484
DIXON,2021-02-03,2021-02-11,3170.35400390625,3881.151611328125
INDIANB,2021-02-03,2021-02-11,91.42523193359376,110.92987060546876
HINDCOPPER,2021-02-03,2021-02-11,61.64083480834961,72.45243835449219
MFSL,2021-02-03,2021-02-11,700.6500244140625,817.75
NCC,2021-02-03,2021-02-11,71.91048431396484,83.59420013427734
BANKINDIA,2021-02-11,2021-02-19,54.4725456237793,76.78990173339844
POONAWALLA,2021-02-11,2021-02-19,92.50862884521484,123.8557586669922
UNIONBANK,2021-02-11,2021-02-19,29.77849578857422,36.16279220581055
MOTHERSON,2021-02-11,2021-02-19,71.4686508178711,85.1007080078125
ADANIENT,2021-02-11,2021-02-19,656.9609985351562,779.9542846679688
BANKBARODA,2021-02-11,2021-02-19,70.79761505126953,83.63655853271484
HINDCOPPER,2021-02-19,2021-03-01,84.095703125,153.9064178466797
NBCC,2021-02-19,2021-03-01,23.497234344482425,30.580724716186523
BHEL,2021-02-19,2021-03-01,39.94952392578125,48.255859375
TATACHEM,2021-02-19,2021-03-01,575.5198974609375,691.6752319335938
SAIL,2021-02-19,2021-03-01,57.02462005615234,68.46446990966797
ABFRL,2021-02-19,2021-03-01,166.0,192.8500061035156
APLAPOLLO,2021-03-01,2021-03-09,540.7881469726562,656.572265625
TATACOMM,2021-03-01,2021-03-09,1054.891357421875,1230.186279296875
IRB,2021-03-01,2021-03-09,10.51149559020996,11.875733375549316
ABFRL,2021-03-01,2021-03-09,192.8500061035156,217.4499969482422
JSWENERGY,2021-03-01,2021-03-09,72.34780883789062,81.5008316040039
BHEL,2021-03-01,2021-03-09,48.255859375,54.23839569091797
COFORGE,2021-03-09,2021-03-18,2436.75439453125,2711.865234375
OBEROIRLTY,2021-03-09,2021-03-18,521.9436645507812,569.6568603515625
DIXON,2021-03-09,2021-03-18,3895.517333984375,4232.96142578125
DALBHARAT,2021-03-09,2021-03-18,1423.1607666015625,1541.7451171875
PERSISTENT,2021-03-09,2021-03-18,830.6392211914062,899.0931396484375
JSWSTEEL,2021-03-09,2021-03-18,381.18658447265625,401.6411743164063
NMDC,2021-03-18,2021-03-26,15.471296310424805,19.18536376953125
CGPOWER,2021-03-18,2021-03-26,56.97585678100586,67.22260284423828
ADANIENT,2021-03-18,2021-03-26,868.8823852539062,985.840576171875
PRESTIGE,2021-03-18,2021-03-26,274.7353210449219,304.9755249023437
APLAPOLLO,2021-03-18,2021-03-26,603.5921630859375,660.086181640625
TATASTEEL,2021-03-18,2021-03-26,29.09109878540039,31.65000915527344
JSWSTEEL,2021-03-26,2021-04-07,422.5703430175781,533.7180786132812
JINDALSTEL,2021-03-26,2021-04-07,320.31622314453125,384.1423645019531
LAURUSLABS,2021-03-26,2021-04-07,350.5941772460937,414.96185302734375
ADANIENT,2021-03-26,2021-04-07,985.840576171875,1162.6495361328125
HINDCOPPER,2021-03-26,2021-04-07,120.59099578857422,142.1163787841797
SRF,2021-03-26,2021-04-07,1041.7969970703125,1222.86328125
ZYDUSLIFE,2021-04-07,2021-04-16,446.0632019042969,509.2481689453125
GLENMARK,2021-04-07,2021-04-16,495.8905334472656,563.0889892578125
JSWENERGY,2021-04-07,2021-04-16,87.05106353759766,97.22649383544922
CIPLA,2021-04-07,2021-04-16,811.8407592773438,905.6873779296876
JSWSTEEL,2021-04-07,2021-04-16,533.7180786132812,587.915771484375
WIPRO,2021-04-07,2021-04-16,210.6687469482422,225.67529296875
INDHOTEL,2021-04-16,2021-04-27,94.95681762695312,108.39183807373048
HFCL,2021-04-16,2021-04-27,25.237979888916016,28.510486602783203
JSL,2021-04-16,2021-04-27,74.0516357421875,82.01734924316406
TATASTEEL,2021-04-16,2021-04-27,36.74306869506836,40.354434967041016
AARTIIND,2021-04-16,2021-04-27,704.1697387695312,772.1781616210938
SAIL,2021-04-16,2021-04-27,79.99166107177734,87.4581298828125
SAIL,2021-04-27,2021-05-05,87.4581298828125,113.78726196289062
TATAELXSI,2021-04-27,2021-05-05,3084.34765625,3734.68310546875
BHEL,2021-04-27,2021-05-05,47.76143264770508,56.1172103881836
CGPOWER,2021-04-27,2021-05-05,68.16312408447266,79.54839324951172
PERSISTENT,2021-04-27,2021-05-05,949.1630249023438,1095.7247314453125
HFCL,2021-04-27,2021-05-05,28.510486602783203,32.62591552734375
CHAMBLFERT,2021-05-05,2021-05-14,197.5265655517578,246.8055725097656
GODREJCP,2021-05-05,2021-05-14,691.2060546875,831.4775390625
BHEL,2021-05-05,2021-05-14,56.1172103881836,67.24176788330078
UPL,2021-05-05,2021-05-14,613.4424438476562,711.677490234375
COFORGE,2021-05-05,2021-05-14,2729.178955078125,3160.148193359375
HFCL,2021-05-05,2021-05-14,32.62591552734375,36.89009094238281
ADANIGREEN,2021-05-14,2021-05-24,1088.050048828125,1360.949951171875
KEI,2021-05-14,2021-05-24,504.3557434082031,608.5663452148438
HFCL,2021-05-14,2021-05-24,36.89009094238281,44.32760620117188
BSOFT,2021-05-14,2021-05-24,244.42349243164065,284.3099060058594
INDIANB,2021-05-14,2021-05-24,112.85792541503906,129.94129943847656
INDHOTEL,2021-05-14,2021-05-24,108.29586791992188,124.3699188232422
ABB,2021-05-24,2021-06-01,1460.568603515625,1675.887939453125
SOLARINDS,2021-05-24,2021-06-01,1297.91796875,1477.9676513671875
CONCOR,2021-05-24,2021-06-01,594.5524291992188,649.7659912109375
RELIANCE,2021-05-24,2021-06-01,897.7429809570312,980.59326171875
COFORGE,2021-05-24,2021-06-01,3116.3740234375,3398.80224609375
CDSL,2021-05-24,2021-06-01,425.6505432128906,463.7194213867188
BSOFT,2021-06-01,2021-06-09,297.0010681152344,361.2200622558594
TATAPOWER,2021-06-01,2021-06-09,101.12691497802734,120.45360565185548
PEL,2021-06-01,2021-06-09,937.124755859375,1110.0048828125
JSWENERGY,2021-06-01,2021-06-09,122.68942260742188,141.531005859375
LAURUSLABS,2021-06-01,2021-06-09,526.1572265625,603.0305786132812
IDEA,2021-06-01,2021-06-09,8.5,9.649999618530272
NBCC,2021-06-09,2021-06-17,29.73819923400879,34.57494354248047
APLAPOLLO,2021-06-09,2021-06-17,677.5564575195312,774.2371215820312
JSWENERGY,2021-06-09,2021-06-17,141.531005859375,156.81851196289062
IRB,2021-06-09,2021-06-17,12.729609489440918,14.064400672912598
GMRAIRPORT,2021-06-09,2021-06-17,23.78451156616211,25.90169334411621
HFCL,2021-06-09,2021-06-17,48.79012298583984,52.75680160522461
HFCL,2021-06-17,2021-06-25,52.75680160522461,64.16099548339844
BEL,2021-06-17,2021-06-25,45.908878326416016,54.971282958984375
INDHOTEL,2021-06-17,2021-06-25,124.9307861328125,141.91867065429688
IRB,2021-06-17,2021-06-25,14.064400672912598,15.929184913635254
IDEA,2021-06-17,2021-06-25,9.449999809265137,10.600000381469728
PEL,2021-06-17,2021-06-25,1128.0750732421875,1263.6934814453125
HFCL,2021-06-25,2021-07-05,64.16099548339844,86.37437438964844
TATAELXSI,2021-06-25,2021-07-05,3684.468994140625,4281.234375
NATIONALUM,2021-06-25,2021-07-05,60.10820770263672,66.65505981445312
IGL,2021-06-25,2021-07-05,227.812744140625,252.56968688964844
PERSISTENT,2021-06-25,2021-07-05,1274.750732421875,1412.2178955078125
NAUKRI,2021-06-25,2021-07-05,4883.39208984375,5398.375
CDSL,2021-07-05,2021-07-13,499.3624572753906,602.5926513671875
JSL,2021-07-05,2021-07-13,104.53770446777344,122.53429412841795
CESC,2021-07-05,2021-07-13,63.19832611083984,71.57427215576172
IRB,2021-07-05,2021-07-13,15.50715446472168,17.474992752075195
DALBHARAT,2021-07-05,2021-07-13,1931.0294189453125,2153.491943359375
OFSS,2021-07-05,2021-07-13,3097.9130859375,3454.106201171875
JSWENERGY,2021-07-13,2021-07-22,163.6832733154297,211.54188537597656
CYIENT,2021-07-13,2021-07-22,794.2992553710938,956.3756713867188
JSL,2021-07-13,2021-07-22,122.53429412841795,142.94029235839844
CDSL,2021-07-13,2021-07-22,602.5926513671875,685.3113403320312
PRESTIGE,2021-07-13,2021-07-22,300.5211486816406,340.90740966796875
HAVELLS,2021-07-13,2021-07-22,1011.6430053710938,1127.988525390625
POONAWALLA,2021-07-22,2021-07-30,143.08924865722656,171.5686492919922
JSWENERGY,2021-07-22,2021-07-30,211.54188537597656,247.97183227539065
VEDL,2021-07-22,2021-07-30,129.76182556152344,149.04339599609375
HINDALCO,2021-07-22,2021-07-30,382.53955078125,432.4106140136719
TATASTEEL,2021-07-22,2021-07-30,53.71597671508789,60.52225112915039
SUNPHARMA,2021-07-22,2021-07-30,660.58935546875,743.8717651367188
PEL,2021-07-30,2021-08-09,1238.3712158203125,1503.0191650390625
TATACHEM,2021-07-30,2021-08-09,729.4982299804688,808.9815673828125
LAURUSLABS,2021-07-30,2021-08-09,633.8589477539062,694.67578125
CHOLAFIN,2021-07-30,2021-08-09,472.0813903808594,516.6848754882812
EICHERMOT,2021-07-30,2021-08-09,2443.623046875,2651.978759765625
KOTAKBANK,2021-07-30,2021-08-09,1649.8155517578125,1775.5355224609375
APOLLOHOSP,2021-08-09,2021-08-17,3955.122802734375,4860.79931640625
CUMMINSIND,2021-08-09,2021-08-17,864.8250122070312,970.251953125
POONAWALLA,2021-08-09,2021-08-17,170.5797882080078,191.0988006591797
TATAELXSI,2021-08-09,2021-08-17,4172.9580078125,4609.9248046875
TECHM,2021-08-09,2021-08-17,1158.5645751953125,1272.17578125
TATACONSUM,2021-08-09,2021-08-17,745.515380859375,811.7476806640625
HAL,2021-08-17,2021-08-26,497.5955200195313,601.46142578125
ADANIGREEN,2021-08-17,2021-08-26,936.8499755859376,1046.449951171875
DALBHARAT,2021-08-17,2021-08-26,1825.8280029296875,2002.7489013671875
BAJAJFINSV,2021-08-17,2021-08-26,1471.489990234375,1593.4598388671875
BAJFINANCE,2021-08-17,2021-08-26,6328.05322265625,6843.2236328125
OIL,2021-08-17,2021-08-26,89.89002227783203,96.75698852539062
IDEA,2021-08-26,2021-09-03,5.900000095367432,7.25
EXIDEIND,2021-08-26,2021-09-03,153.64552307128906,185.2439422607422
PRESTIGE,2021-08-26,2021-09-03,347.0940246582031,418.413330078125
NATIONALUM,2021-08-26,2021-09-03,64.48641967773438,76.84358978271484
HAVELLS,2021-08-26,2021-09-03,1190.3985595703125,1401.4862060546875
SHREECEM,2021-08-26,2021-09-03,26198.216796875,30030.62109375
JSWENERGY,2021-09-03,2021-09-14,250.37741088867188,302.2202453613281
IDEA,2021-09-03,2021-09-14,7.25,8.699999809265137
HFCL,2021-09-03,2021-09-14,68.22683715820312,78.738525390625
CDSL,2021-09-03,2021-09-14,576.869140625,652.6724243164062
VOLTAS,2021-09-03,2021-09-14,1073.273193359375,1210.0750732421875
SOLARINDS,2021-09-03,2021-09-14,1754.6729736328125,1972.1217041015625
GMRAIRPORT,2021-09-14,2021-09-22,27.0278549194336,32.65865707397461
GODREJPROP,2021-09-14,2021-09-22,1615.800048828125,1951.0999755859373
IDEA,2021-09-14,2021-09-22,8.699999809265137,10.399999618530272
CGPOWER,2021-09-14,2021-09-22,88.60710906982422,100.28938293457033
ITC,2021-09-14,2021-09-22,192.50050354003903,216.9082489013672
INDIGO,2021-09-14,2021-09-22,1943.0,2188.300048828125
OBEROIRLTY,2021-09-22,2021-09-30,738.5224609375,948.55908203125
CGPOWER,2021-09-22,2021-09-30,100.28938293457033,121.72339630126952
OIL,2021-09-22,2021-09-30,117.73109436035156,141.1687774658203
IRB,2021-09-22,2021-09-30,16.827228546142578,19.982641220092773
GODREJPROP,2021-09-22,2021-09-30,1951.0999755859373,2311.89990234375
TATAPOWER,2021-09-22,2021-09-30,134.86898803710938,155.31700134277344
CHAMBLFERT,2021-09-30,2021-10-08,313.4974365234375,401.8261413574219
AARTIIND,2021-09-30,2021-10-08,920.3080444335938,1097.91650390625
MCX,2021-09-30,2021-10-08,1615.8040771484375,1872.8870849609373
PAGEIND,2021-09-30,2021-10-08,30473.369140625,35289.62890625
HINDCOPPER,2021-09-30,2021-10-08,107.88096618652344,124.61012268066406
TATAMOTORS,2021-09-30,2021-10-08,331.2919311523437,380.5857238769531
TATAPOWER,2021-10-08,2021-10-19,173.02560424804688,224.78163146972656
VEDL,2021-10-08,2021-10-19,154.34536743164062,194.7622833251953
TATAMOTORS,2021-10-08,2021-10-19,380.5857238769531,478.9247741699219
UNIONBANK,2021-10-08,2021-10-19,33.52871322631836,40.53804397583008
NATIONALUM,2021-10-08,2021-10-19,79.60296630859375,94.37338256835938
HINDCOPPER,2021-10-08,2021-10-19,124.61012268066406,146.34329223632812
IRB,2021-10-19,2021-10-27,20.04643440246582,25.82726287841797
CGPOWER,2021-10-19,2021-10-27,129.04957580566406,156.6712188720703
INDIANB,2021-10-19,2021-10-27,144.80294799804688,172.37149047851562
BANKBARODA,2021-10-19,2021-10-27,81.93998718261719,94.09113311767578
ICICIBANK,2021-10-19,2021-10-27,724.6446533203125,809.5233154296875
UNIONBANK,2021-10-19,2021-10-27,40.53804397583008,45.13652038574219
CANBK,2021-10-27,2021-11-04,36.3693962097168,41.44082260131836
ABFRL,2021-10-27,2021-11-04,254.6000061035156,289.79998779296875
TVSMOTOR,2021-10-27,2021-11-04,613.9585571289062,695.283447265625
ABB,2021-10-27,2021-11-04,1860.4261474609373,2084.058837890625
OBEROIRLTY,2021-10-27,2021-11-04,915.9468383789062,1015.2099609375
APLAPOLLO,2021-10-27,2021-11-04,781.017333984375,853.670166015625
ADANIENT,2021-11-04,2021-11-15,1486.729736328125,1746.3546142578125
SOLARINDS,2021-11-04,2021-11-15,2306.35693359375,2667.729736328125
APOLLOHOSP,2021-11-04,2021-11-15,4387.37109375,5022.36474609375
MUTHOOTFIN,2021-11-04,2021-11-15,1454.02490234375,1627.641357421875
MCX,2021-11-04,2021-11-15,1730.268798828125,1919.111328125
BEL,2021-11-04,2021-11-15,63.79503631591797,70.36891174316406
BSOFT,2021-11-15,2021-11-24,405.352783203125,469.7388610839844
IDEA,2021-11-15,2021-11-24,10.100000381469728,11.0
POWERGRID,2021-11-15,2021-11-24,117.01287841796876,126.33414459228516
ADANIGREEN,2021-11-15,2021-11-24,1305.050048828125,1391.3499755859375
CHAMBLFERT,2021-11-15,2021-11-24,329.2671203613281,350.90997314453125
VEDL,2021-11-15,2021-11-24,170.35467529296875,181.4037322998047
IDEA,2021-11-24,2021-12-02,11.0,12.800000190734863
SUPREMEIND,2021-11-24,2021-12-02,2110.61474609375,2333.535400390625
OIL,2021-11-24,2021-12-02,112.1161117553711,120.84453582763672
PERSISTENT,2021-11-24,2021-12-02,2001.8714599609373,2140.976806640625
TECHM,2021-11-24,2021-12-02,1397.8978271484375,1481.102783203125
HCLTECH,2021-11-24,2021-12-02,984.2949829101562,1041.6671142578125
IDEA,2021-12-02,2021-12-10,12.800000190734863,16.399999618530273
HFCL,2021-12-02,2021-12-10,71.54480743408203,86.2512435913086
YESBANK,2021-12-02,2021-12-10,12.600000381469728,14.449999809265137
GRANULES,2021-12-02,2021-12-10,298.9012756347656,340.60498046875
JINDALSTEL,2021-12-02,2021-12-10,349.80865478515625,390.712646484375
INDIANB,2021-12-02,2021-12-10,130.74575805664062,145.75830078125
NMDC,2021-12-10,2021-12-20,22.386707305908203,25.93659400939941
WIPRO,2021-12-10,2021-12-20,306.9848022460937,320.30792236328125
POWERGRID,2021-12-10,2021-12-20,125.93022918701172,130.40440368652344
PIDILITIND,2021-12-10,2021-12-20,2294.4365234375,2373.161865234375
APLAPOLLO,2021-12-10,2021-12-20,975.2200317382812,1006.7952880859376
JSL,2021-12-10,2021-12-20,170.23023986816406,174.8031463623047
GMRAIRPORT,2021-12-20,2021-12-28,35.76686096191406,41.758033752441406
BSOFT,2021-12-20,2021-12-28,450.70257568359375,520.4862670898438
SRF,2021-12-20,2021-12-28,2052.09228515625,2363.1728515625
CGPOWER,2021-12-20,2021-12-28,164.6904296875,187.3124542236328
TECHM,2021-12-20,2021-12-28,1452.38330078125,1641.46875
HINDCOPPER,2021-12-20,2021-12-28,110.13768005371094,122.05905151367188
POONAWALLA,2021-12-28,2022-01-05,195.74647521972656,225.8575134277344
EICHERMOT,2021-12-28,2022-01-05,2410.39501953125,2700.178955078125
BAJAJFINSV,2021-12-28,2022-01-05,1607.6431884765625,1796.1119384765625
BAJFINANCE,2021-12-28,2022-01-05,6818.2470703125,7572.6162109375
CHAMBLFERT,2021-12-28,2022-01-05,358.9566650390625,396.87786865234375
FEDERALBNK,2021-12-28,2022-01-05,79.3977279663086,87.29872131347656
POONAWALLA,2022-01-05,2022-01-13,225.8575134277344,279.6025085449219
ADANIGREEN,2022-01-05,2022-01-13,1399.6500244140625,1661.800048828125
INDHOTEL,2022-01-05,2022-01-13,180.7012634277344,208.94049072265625
OIL,2022-01-05,2022-01-13,107.6966323852539,122.5846939086914
IRB,2022-01-05,2022-01-13,21.925939559936523,24.69367218017578
RBLBANK,2022-01-05,2022-01-13,130.98187255859375,146.47276306152344
MOTHERSON,2022-01-13,2022-01-21,94.65174102783205,119.28156280517578
ADANIGREEN,2022-01-13,2022-01-21,1661.800048828125,1934.550048828125
TATAELXSI,2022-01-13,2022-01-21,6258.75341796875,7039.85693359375
CHOLAFIN,2022-01-13,2022-01-21,584.8550415039062,649.1058349609375
HAL,2022-01-13,2022-01-21,621.914306640625,668.283935546875
HEROMOTOCO,2022-01-13,2022-01-21,2301.025634765625,2439.87158203125
CANBK,2022-01-21,2022-02-01,39.05001068115234,46.86544799804688
BANKBARODA,2022-01-21,2022-02-01,85.01216125488281,97.3467254638672
IRB,2022-01-21,2022-02-01,22.828887939453125,26.126615524291992
SUNPHARMA,2022-01-21,2022-02-01,779.3673095703125,859.3517456054688
LICHSGFIN,2022-01-21,2022-02-01,326.7743835449219,359.8277893066406
INDIANB,2022-01-21,2022-02-01,126.7424087524414,139.2528839111328
INDIGO,2022-02-01,2022-02-09,1950.9000244140625,2253.800048828125
IRB,2022-02-01,2022-02-09,26.126615524291992,29.419431686401367
VEDL,2022-02-01,2022-02-09,191.7947692871093,213.6315460205078
HINDCOPPER,2022-02-01,2022-02-09,124.31575775146484,136.72772216796875
NATIONALUM,2022-02-01,2022-02-09,95.81150817871094,105.31241607666016
PIIND,2022-02-01,2022-02-09,2408.81591796875,2610.995849609375
JSWENERGY,2022-02-09,2022-02-17,303.9876403808594,331.7255249023437
ADANIGREEN,2022-02-09,2022-02-17,1919.800048828125,2047.5999755859373
CUMMINSIND,2022-02-09,2022-02-17,886.9951171875,937.4249267578124
ONGC,2022-02-09,2022-02-17,133.22268676757812,139.56077575683594
LAURUSLABS,2022-02-09,2022-02-17,520.6810302734375,543.6420288085938
MAXHEALTH,2022-02-09,2022-02-17,363.4163818359375,378.7144470214844
DIXON,2022-02-17,2022-02-25,4187.2294921875,4427.51904296875
TORNTPHARM,2022-02-17,2022-02-25,1252.31396484375,1307.020751953125
SUPREMEIND,2022-02-17,2022-02-25,1913.68017578125,1991.3931884765625
ABB,2022-02-17,2022-02-25,2034.8193359375,2110.0400390625
COALINDIA,2022-02-17,2022-02-25,125.05345916748048,129.22219848632812
MUTHOOTFIN,2022-02-17,2022-02-25,1244.773193359375,1279.98095703125
GAIL,2022-02-25,2022-03-08,77.70343780517578,90.73086547851562
COALINDIA,2022-02-25,2022-03-08,129.22219848632812,149.54042053222656
CYIENT,2022-02-25,2022-03-08,757.8282470703125,856.20556640625
ONGC,2022-02-25,2022-03-08,130.97178649902344,147.06613159179688
BSOFT,2022-02-25,2022-03-08,388.9671020507813,434.8952026367188
HINDCOPPER,2022-02-25,2022-03-08,111.41322326660156,124.31575775146484
INDIGO,2022-03-08,2022-03-16,1598.800048828125,1899.800048828125
ASHOKLEY,2022-03-08,2022-03-16,92.00450897216795,107.01428985595705
CDSL,2022-03-08,2022-03-16,643.4103393554688,748.3157958984375
MCX,2022-03-08,2022-03-16,1205.386962890625,1376.3048095703125
M&MFIN,2022-03-08,2022-03-16,126.57654571533205,144.2812042236328
TVSMOTOR,2022-03-08,2022-03-16,524.98193359375,598.115478515625
LTF,2022-03-16,2022-03-25,64.20441436767578,80.20731353759766
KEI,2022-03-16,2022-03-25,1000.4010620117188,1186.1363525390625
TATAELXSI,2022-03-16,2022-03-25,7052.27294921875,8249.71484375
JINDALSTEL,2022-03-16,2022-03-25,460.5461120605469,524.464111328125
ANGELONE,2022-03-16,2022-03-25,1334.7247314453125,1514.5836181640625
AUROPHARMA,2022-03-16,2022-03-25,625.3466186523438,703.9194946289062
NCC,2022-03-25,2022-04-04,56.71491622924805,66.44817352294922
DALBHARAT,2022-03-25,2022-04-04,1339.7806396484375,1552.999267578125
HDFCBANK,2022-03-25,2022-04-04,1379.5784912109375,1597.376220703125
HFCL,2022-03-25,2022-04-04,71.14733123779297,81.4815902709961
CHAMBLFERT,2022-03-25,2022-04-04,383.3104553222656,433.53314208984375
GODREJCP,2022-03-25,2022-04-04,668.5106811523438,752.2637329101562
ADANIGREEN,2022-04-04,2022-04-12,2110.449951171875,2792.39990234375
AMBUJACEM,2022-04-04,2022-04-12,308.91180419921875,356.4900817871094
POONAWALLA,2022-04-04,2022-04-12,275.2020568847656,312.581298828125
YESBANK,2022-04-04,2022-04-12,13.100000381469728,14.649999618530272
APLAPOLLO,2022-04-04,2022-04-12,933.6970825195312,1034.80712890625
BEL,2022-04-04,2022-04-12,70.39208984375,77.75367736816406
NHPC,2022-04-12,2022-04-22,28.163175582885746,32.24480056762695
ANGELONE,2022-04-12,2022-04-22,1608.55517578125,1792.00634765625
MAXHEALTH,2022-04-12,2022-04-22,368.2499694824219,409.5098876953125
COALINDIA,2022-04-12,2022-04-22,147.05006408691406,159.818115234375
RELIANCE,2022-04-12,2022-04-22,1165.9918212890625,1256.023193359375
BIOCON,2022-04-12,2022-04-22,344.0777282714844,370.09423828125
SHRIRAMFIN,2022-04-22,2022-05-02,186.923095703125,207.54705810546875
INDHOTEL,2022-04-22,2022-05-02,239.1152801513672,259.7611999511719
HEROMOTOCO,2022-04-22,2022-05-02,2080.44189453125,2255.501220703125
PHOENIXLTD,2022-04-22,2022-05-02,505.1781005859375,539.4051513671875
TATACHEM,2022-04-22,2022-05-02,930.2858276367188,987.4489135742188
INDUSINDBK,2022-04-22,2022-05-02,931.5016479492188,988.0313110351562
ABB,2022-05-02,2022-05-11,2035.385498046875,2252.33349609375
POWERGRID,2022-05-02,2022-05-11,150.0662078857422,155.0240936279297
SIEMENS,2022-05-02,2022-05-11,2222.0546875,2291.5712890625
PETRONET,2022-05-02,2022-05-11,182.24996948242188,186.9365081787109
KOTAKBANK,2022-05-02,2022-05-11,1769.8837890625,1805.39404296875
INDUSTOWER,2022-05-02,2022-05-11,193.05535888671875,196.8843231201172
TATAELXSI,2022-05-11,2022-05-19,6718.98779296875,8076.9619140625
KEI,2022-05-11,2022-05-19,1076.5579833984375,1214.8759765625
EICHERMOT,2022-05-11,2022-05-19,2321.720458984375,2575.6943359375
TVSMOTOR,2022-05-11,2022-05-19,612.1365356445312,670.32470703125
OIL,2022-05-11,2022-05-19,125.00080871582033,136.73558044433594
PIIND,2022-05-11,2022-05-19,2434.897705078125,2638.20556640625
ASHOKLEY,2022-05-19,2022-05-27,113.87062072753906,129.9922637939453
TORNTPHARM,2022-05-19,2022-05-27,1252.24169921875,1418.7288818359375
HDFCLIFE,2022-05-19,2022-05-27,523.7102661132812,592.4552001953125
DRREDDY,2022-05-19,2022-05-27,745.8394165039062,833.3501586914062
ZYDUSLIFE,2022-05-19,2022-05-27,329.2015991210937,363.36083984375
INDIGO,2022-05-19,2022-05-27,1661.699951171875,1821.8499755859373
OIL,2022-05-27,2022-06-06,123.58356475830078,158.1075897216797
CAMS,2022-05-27,2022-06-06,1983.8917236328125,2280.0224609375
APLAPOLLO,2022-05-27,2022-06-06,860.25244140625,962.0059814453124
ANGELONE,2022-05-27,2022-06-06,1258.753173828125,1376.8572998046875
PEL,2022-05-27,2022-06-06,878.7597045898438,959.0619506835938
M&MFIN,2022-05-27,2022-06-06,161.98587036132812,176.14959716796875
OBEROIRLTY,2022-06-06,2022-06-14,751.5574951171875,776.7421264648438
TVSMOTOR,2022-06-06,2022-06-14,719.2838134765625,740.2098999023438
TORNTPOWER,2022-06-06,2022-06-14,434.5787963867188,446.1258544921875
EICHERMOT,2022-06-06,2022-06-14,2578.220947265625,2645.905029296875
AUROPHARMA,2022-06-06,2022-06-14,516.9413452148438,530.0504150390625
BIOCON,2022-06-06,2022-06-14,314.07012939453125,321.7075500488281
TATASTEEL,2022-06-14,2022-06-22,42.033912658691406,79.5581283569336
COFORGE,2022-06-14,2022-06-22,3098.224365234375,3356.18603515625
HINDPETRO,2022-06-14,2022-06-22,127.59870910644533,133.88919067382812
CGPOWER,2022-06-14,2022-06-22,167.31396484375,175.23416137695312
IGL,2022-06-14,2022-06-22,153.7432403564453,160.78575134277344
INDUSTOWER,2022-06-14,2022-06-22,201.3999938964844,209.0
GRANULES,2022-06-22,2022-06-30,236.5621490478516,269.5858154296875
BOSCHLTD,2022-06-22,2022-06-30,12669.1708984375,14358.427734375
TVSMOTOR,2022-06-22,2022-06-30,734.2874145507812,831.0704345703125
ONGC,2022-06-22,2022-06-30,110.73068237304688,124.4437255859375
OIL,2022-06-22,2022-06-30,127.52347564697266,142.57461547851562
ADANIGREEN,2022-06-22,2022-06-30,1736.0999755859375,1929.5999755859373
CANBK,2022-06-30,2022-07-08,33.94770431518555,39.53853988647461
M&MFIN,2022-06-30,2022-07-08,165.6212158203125,186.81961059570312
ABB,2022-06-30,2022-07-08,2282.9931640625,2568.950439453125
JUBLFOOD,2022-06-30,2022-07-08,508.8438720703125,572.5790405273438
GODREJCP,2022-06-30,2022-07-08,739.4761962890625,829.964599609375
TRENT,2022-06-30,2022-07-08,1071.837646484375,1201.6575927734375
HFCL,2022-07-08,2022-07-18,57.53395080566406,67.81851196289062
JSL,2022-07-08,2022-07-18,101.58743286132812,112.55257415771484
GRANULES,2022-07-08,2022-07-18,276.5173034667969,305.4810791015625
JSWENERGY,2022-07-08,2022-07-18,209.8835601806641,231.4405059814453
SHRIRAMFIN,2022-07-08,2022-07-18,216.0159606933593,235.6951904296875
ADANIGREEN,2022-07-08,2022-07-18,1921.0,2093.25
INDUSINDBK,2022-07-18,2022-07-26,825.9150390625,933.199951171875
VEDL,2022-07-18,2022-07-26,151.1851043701172,166.26673889160156
CGPOWER,2022-07-18,2022-07-26,201.22227478027344,220.42874145507807
BAJAJFINSV,2022-07-18,2022-07-26,1223.582763671875,1329.7598876953125
BANKBARODA,2022-07-18,2022-07-26,102.0255889892578,110.0553741455078
COFORGE,2022-07-18,2022-07-26,3297.360107421875,3547.22607421875
YESBANK,2022-07-26,2022-08-03,13.699999809265137,16.450000762939453
JSWENERGY,2022-07-26,2022-08-03,220.31594848632807,261.5509948730469
BAJFINANCE,2022-07-26,2022-08-03,6206.78515625,7229.18603515625
IRB,2022-07-26,2022-08-03,20.44883346557617,23.795631408691406
BAJAJFINSV,2022-07-26,2022-08-03,1329.7598876953125,1522.62646484375
TATASTEEL,2022-07-26,2022-08-03,90.13297271728516,101.6191177368164
IGL,2022-08-03,2022-08-12,157.95074462890625,193.65841674804688
JSWENERGY,2022-08-03,2022-08-12,261.5509948730469,316.48162841796875
TATACHEM,2022-08-03,2022-08-12,909.09912109375,1084.4832763671875
TATAELXSI,2022-08-03,2022-08-12,8686.853515625,10060.341796875
APLAPOLLO,2022-08-03,2022-08-12,969.8255615234376,1108.5487060546875
SOLARINDS,2022-08-03,2022-08-12,2781.447265625,3147.81201171875
ADANIGREEN,2022-08-12,2022-08-23,2176.0,2412.89990234375
KALYANKJIL,2022-08-12,2022-08-23,69.58882141113281,76.95061492919922
EICHERMOT,2022-08-12,2022-08-23,3140.310302734375,3389.37109375
SOLARINDS,2022-08-12,2022-08-23,3147.81201171875,3393.166748046875
YESBANK,2022-08-12,2022-08-23,15.300000190734863,16.299999237060547
RBLBANK,2022-08-12,2022-08-23,96.79338836669922,102.71346282958984
ABB,2022-08-23,2022-09-01,2845.77880859375,3377.2109375
RBLBANK,2022-08-23,2022-09-01,102.71346282958984,120.52306365966795
BHEL,2022-08-23,2022-09-01,52.45846557617188,59.47930145263672
GMRAIRPORT,2022-08-23,2022-09-01,34.04999923706055,38.400001525878906
SJVN,2022-08-23,2022-09-01,25.80830955505371,28.65043258666992
ASHOKLEY,2022-08-23,2022-09-01,136.8319091796875,151.8540496826172
ANGELONE,2022-09-01,2022-09-09,1253.8236083984375,1507.4364013671875
ASTRAL,2022-09-01,2022-09-09,1627.990966796875,1936.4725341796875
SHREECEM,2022-09-01,2022-09-09,21381.1796875,24272.90625
DIXON,2022-09-01,2022-09-09,4067.82666015625,4535.61962890625
CDSL,2022-09-01,2022-09-09,610.8118286132812,678.8848876953125
AMBUJACEM,2022-09-01,2022-09-09,406.199462890625,450.7049560546875
AMBUJACEM,2022-09-09,2022-09-19,450.7049560546875,559.936767578125
KALYANKJIL,2022-09-09,2022-09-19,82.02427673339844,97.19554138183594
ACC,2022-09-09,2022-09-19,2346.8828125,2620.202880859375
ADANIENT,2022-09-09,2022-09-19,3446.361083984375,3773.35205078125
UNIONBANK,2022-09-09,2022-09-19,41.0936279296875,44.29817962646485
INDUSINDBK,2022-09-09,2022-09-19,1112.4599609375,1199.13623046875
COFORGE,2022-09-19,2022-09-27,3110.87109375,3328.423828125
BRITANNIA,2022-09-19,2022-09-27,3486.415283203125,3711.3798828125
CIPLA,2022-09-19,2022-09-27,1010.9554443359376,1071.8292236328125
MARICO,2022-09-19,2022-09-27,495.7343444824219,519.2554321289062
ASIANPAINT,2022-09-19,2022-09-27,3246.798828125,3397.96533203125
HINDUNILVR,2022-09-19,2022-09-27,2488.55029296875,2585.033935546875
ZYDUSLIFE,2022-09-27,2022-10-06,352.70166015625,414.2666015625
BHEL,2022-09-27,2022-10-06,55.6790885925293,63.54083633422852
JINDALSTEL,2022-09-27,2022-10-06,396.5345153808594,450.6526184082031
ANGELONE,2022-09-27,2022-10-06,1296.687744140625,1467.38232421875
SOLARINDS,2022-09-27,2022-10-06,3577.966064453125,4043.59765625
PERSISTENT,2022-09-27,2022-10-06,1560.4111328125,1745.678466796875
FEDERALBNK,2022-10-06,2022-10-14,119.24152374267578,128.61509704589844
ANGELONE,2022-10-06,2022-10-14,1467.38232421875,1571.303955078125
AXISBANK,2022-10-06,2022-10-14,752.9685668945312,798.240478515625
CGPOWER,2022-10-06,2022-10-14,238.59567260742188,251.91148376464844
HCLTECH,2022-10-06,2022-10-14,879.2802734375,913.9209594726562
M&MFIN,2022-10-06,2022-10-14,192.42588806152344,199.7289428710937
INDIANB,2022-10-14,2022-10-24,182.37831115722656,221.7845458984375
CANBK,2022-10-14,2022-10-24,42.46974563598633,50.66401672363281
PNB,2022-10-14,2022-10-24,34.97990417480469,40.10248565673828
AXISBANK,2022-10-14,2022-10-24,798.240478515625,906.8829956054688
UNIONBANK,2022-10-14,2022-10-24,40.622371673583984,46.04182815551758
NHPC,2022-10-14,2022-10-24,34.873085021972656,39.51975631713867
BANKINDIA,2022-10-24,2022-11-02,48.77537155151367,58.05458831787109
MAXHEALTH,2022-10-24,2022-11-02,410.1576843261719,463.177734375
BHEL,2022-10-24,2022-11-02,65.92921447753906,74.28854370117188
SUPREMEIND,2022-10-24,2022-11-02,2017.8065185546875,2245.74853515625
CUMMINSIND,2022-10-24,2022-11-02,1164.8568115234375,1292.8819580078125
IGL,2022-10-24,2022-11-02,177.0409698486328,194.91363525390625
UNIONBANK,2022-11-02,2022-11-11,48.91650390625,63.0070915222168
BANKINDIA,2022-11-02,2022-11-11,58.05458831787109,70.9979019165039
M&MFIN,2022-11-02,2022-11-11,186.0357208251953,213.18194580078125
PNB,2022-11-02,2022-11-11,38.29738998413086,43.66390228271485
ADANIENT,2022-11-02,2022-11-11,3575.6796875,4003.2294921875
JSL,2022-11-02,2022-11-11,144.56297302246094,159.90432739257812
UNIONBANK,2022-11-11,2022-11-21,63.0070915222168,71.77247619628906
JSL,2022-11-11,2022-11-21,159.90432739257812,177.6550750732422
NCC,2022-11-11,2022-11-21,68.9492416381836,75.41474914550781
HAL,2022-11-11,2022-11-21,1196.129150390625,1290.32958984375
CYIENT,2022-11-11,2022-11-21,716.9447021484375,772.7402954101562
NBCC,2022-11-11,2022-11-21,22.569658279418945,24.158611297607425
BHEL,2022-11-21,2022-11-29,71.70113372802734,80.65755462646484
HINDPETRO,2022-11-21,2022-11-29,135.5714111328125,150.18011474609375
NBCC,2022-11-21,2022-11-29,24.158611297607425,26.752824783325195
PNB,2022-11-21,2022-11-29,46.44472885131836,51.225807189941406
PERSISTENT,2022-11-21,2022-11-29,1798.0819091796875,1982.5137939453125
PFC,2022-11-21,2022-11-29,87.20276641845703,96.0981216430664
JSL,2022-11-29,2022-12-07,167.0341033935547,199.7820587158203
M&MFIN,2022-11-29,2022-12-07,205.87887573242188,230.4786529541016
KALYANKJIL,2022-11-29,2022-12-07,98.4390869140625,109.28280639648438
BANKINDIA,2022-11-29,2022-12-07,79.70609283447266,88.36669158935547
INDIANB,2022-11-29,2022-12-07,254.1251678466797,277.2188415527344
JINDALSTEL,2022-11-29,2022-12-07,512.3313598632812,557.9437255859375
YESBANK,2022-12-07,2022-12-15,17.450000762939453,22.450000762939453
NCC,2022-12-07,2022-12-15,76.81399536132812,86.02973937988281
RBLBANK,2022-12-07,2022-12-15,151.35682678222656,167.63705444335938
IRB,2022-12-07,2022-12-15,27.57398796081543,30.537500381469727
KALYANKJIL,2022-12-07,2022-12-15,109.28280639648438,118.33582305908205
JSL,2022-12-07,2022-12-15,199.7820587158203,215.36929321289065
DIVISLAB,2022-12-15,2022-12-23,3291.496337890625,3421.57373046875
ZYDUSLIFE,2022-12-15,2022-12-23,399.9275817871094,411.3792114257813
NESTLEIND,2022-12-15,2022-12-23,1926.365234375,1964.906494140625
CIPLA,2022-12-15,2022-12-23,1074.8533935546875,1091.779052734375
APOLLOHOSP,2022-12-15,2022-12-23,4601.923828125,4658.66796875
LUPIN,2022-12-15,2022-12-23,744.3597412109375,750.208740234375
YESBANK,2022-12-23,2023-01-02,17.450000762939453,21.64999961853028
POONAWALLA,2022-12-23,2023-01-02,243.72569274902344,300.5223999023437
JSL,2022-12-23,2023-01-02,204.10910034179688,249.1006317138672
UNIONBANK,2022-12-23,2023-01-02,63.66685485839844,76.7206802368164
RBLBANK,2022-12-23,2023-01-02,149.28480529785156,178.9345703125
SAIL,2022-12-23,2023-01-02,72.3143310546875,86.10923767089844
MFSL,2023-01-02,2023-01-10,683.5499877929688,770.2000122070312
ZYDUSLIFE,2023-01-02,2023-01-10,411.1834716796875,447.642822265625
HAVELLS,2023-01-02,2023-01-10,1085.307373046875,1165.1820068359375
CGPOWER,2023-01-02,2023-01-10,267.9003601074219,286.9088134765625
ASTRAL,2023-01-02,2023-01-10,1466.380615234375,1559.117431640625
ABB,2023-01-02,2023-01-10,2659.09326171875,2819.53466796875
MCX,2023-01-10,2023-01-18,1439.1356201171875,1596.9100341796875
ADANIGREEN,2023-01-10,2023-01-18,1895.199951171875,2096.89990234375
OIL,2023-01-10,2023-01-18,127.3194808959961,138.74517822265625
APLAPOLLO,2023-01-10,2023-01-18,1097.5369873046875,1180.81689453125
LT,2023-01-10,2023-01-18,2052.8662109375,2208.63525390625
MFSL,2023-01-10,2023-01-18,770.2000122070312,828.3499755859375
PERSISTENT,2023-01-18,2023-01-27,1945.58837890625,2262.73779296875
COFORGE,2023-01-18,2023-01-27,3786.884033203125,4142.15185546875
TATAMOTORS,2023-01-18,2023-01-27,405.8786010742188,442.8489074707031
BAJAJ-AUTO,2023-01-18,2023-01-27,3474.50439453125,3789.095458984375
KEI,2023-01-18,2023-01-27,1461.2281494140625,1567.17041015625
TATAELXSI,2023-01-18,2023-01-27,6154.19091796875,6548.6728515625
IDEA,2023-01-27,2023-02-06,6.400000095367432,8.25
INDUSTOWER,2023-01-27,2023-02-06,137.0,162.0500030517578
M&MFIN,2023-01-27,2023-02-06,216.68931579589844,251.6190795898437
DALBHARAT,2023-01-27,2023-02-06,1678.6134033203125,1868.60595703125
VOLTAS,2023-01-27,2023-02-06,738.3223876953125,819.3450317382812
ITC,2023-01-27,2023-02-06,322.7333374023437,357.6183776855469
OIL,2023-02-06,2023-02-14,128.1228485107422,153.41415405273438
AUROPHARMA,2023-02-06,2023-02-14,410.58502197265625,467.7701110839844
ADANIENT,2023-02-06,2023-02-14,1570.494873046875,1747.246826171875
CUMMINSIND,2023-02-06,2023-02-14,1399.6666259765625,1548.061767578125
CGPOWER,2023-02-06,2023-02-14,304.3332214355469,332.4004211425781
IRB,2023-02-06,2023-02-14,26.36590003967285,28.693315505981445
IRB,2023-02-14,2023-02-22,28.693315505981445,33.57991409301758
KALYANKJIL,2023-02-14,2023-02-22,104.70655822753906,117.39073181152344
TORNTPOWER,2023-02-14,2023-02-22,432.5437622070313,481.4458312988281
TECHM,2023-02-14,2023-02-22,949.4088745117188,1056.0244140625
SOLARINDS,2023-02-14,2023-02-22,3648.07470703125,3939.255859375
SUPREMEIND,2023-02-14,2023-02-22,2517.946044921875,2690.6552734375
ADANIENT,2023-02-22,2023-03-02,1402.88037109375,1604.99658203125
ADANIPORTS,2023-02-22,2023-03-02,541.1248168945312,616.0970458984375
DIXON,2023-02-22,2023-03-02,2641.61962890625,2946.671875
NBCC,2023-02-22,2023-03-02,21.14283943176269,23.47763061523437
AMBUJACEM,2023-02-22,2023-03-02,332.453125,367.4430236816406
NMDC,2023-02-22,2023-03-02,31.438411712646484,34.25503921508789
ADANIGREEN,2023-03-02,2023-03-13,535.0,716.7999877929688
ADANIENT,2023-03-02,2023-03-13,1604.99658203125,1871.77197265625
JSWENERGY,2023-03-02,2023-03-13,226.2984771728516,255.9640045166016
JSL,2023-03-02,2023-03-13,274.3254089355469,303.8280334472656
ADANIPORTS,2023-03-02,2023-03-13,616.0970458984375,673.7603149414062
PFC,2023-03-02,2023-03-13,110.0327377319336,119.61990356445312
ADANIGREEN,2023-03-13,2023-03-21,716.7999877929688,891.0499877929688
BPCL,2023-03-13,2023-03-21,144.73681640625,160.8660430908203
KALYANKJIL,2023-03-13,2023-03-21,107.14390563964844,116.94305419921876
TITAN,2023-03-13,2023-03-21,2309.0048828125,2489.259765625
NCC,2023-03-13,2023-03-21,94.08747863769533,101.13198852539062
HINDPETRO,2023-03-13,2023-03-21,143.72586059570312,154.1156768798828
AUROPHARMA,2023-03-21,2023-03-29,465.8840942382813,507.3999633789063
INDIANB,2023-03-21,2023-03-29,258.72491455078125,276.08074951171875
ANGELONE,2023-03-21,2023-03-29,1053.62109375,1122.5726318359375
DALBHARAT,2023-03-21,2023-03-29,1806.4642333984373,1911.56982421875
KEI,2023-03-21,2023-03-29,1611.6080322265625,1698.1312255859375
MANAPPURAM,2023-03-21,2023-03-29,111.42890167236328,116.97405242919922
GODREJPROP,2023-03-29,2023-04-11,1021.7000122070312,1233.800048828125
PRESTIGE,2023-03-29,2023-04-11,399.2471923828125,459.3933715820313
DLF,2023-03-29,2023-04-11,347.8015441894531,399.841064453125
CHOLAFIN,2023-03-29,2023-04-11,745.49072265625,838.1973876953125
CDSL,2023-03-29,2023-04-11,435.924560546875,488.7090759277344
TATAMOTORS,2023-03-29,2023-04-11,406.6736450195313,455.8680725097656
DIVISLAB,2023-04-11,2023-04-20,2863.023193359375,3132.7138671875
YESBANK,2023-04-11,2023-04-20,15.199999809265137,16.5
POONAWALLA,2023-04-11,2023-04-20,286.3603515625,309.18798828125
PAGEIND,2023-04-11,2023-04-20,35473.80078125,38187.3828125
INDIANB,2023-04-11,2023-04-20,270.48516845703125,290.5913391113281
PHOENIXLTD,2023-04-11,2023-04-20,639.071044921875,685.869873046875
IDEA,2023-04-20,2023-04-28,6.050000190734863,6.949999809265137
INDUSTOWER,2023-04-20,2023-04-28,137.6999969482422,155.0
PERSISTENT,2023-04-20,2023-04-28,2120.900634765625,2341.986083984375
GLENMARK,2023-04-20,2023-04-28,509.9247741699219,561.0018920898438
COFORGE,2023-04-20,2023-04-28,3710.537109375,4071.572998046875
KEI,2023-04-20,2023-04-28,1734.45703125,1891.1868896484373
BSOFT,2023-04-28,2023-05-09,266.8675842285156,301.3808898925781
CHOLAFIN,2023-04-28,2023-05-09,868.3519287109375,980.4472045898438
M&MFIN,2023-04-28,2023-05-09,248.8804168701172,277.4200134277344
ABB,2023-04-28,2023-05-09,3396.84423828125,3783.541748046875
INDHOTEL,2023-04-28,2023-05-09,337.1951904296875,372.147705078125
INDIGO,2023-04-28,2023-05-09,2020.949951171875,2207.85009765625
ASTRAL,2023-05-09,2023-05-17,1541.9991455078125,1712.90625
CYIENT,2023-05-09,2023-05-17,1122.4766845703125,1242.61083984375
GLENMARK,2023-05-09,2023-05-17,556.7703247070312,606.2045288085938
DLF,2023-05-09,2023-05-17,426.1814575195313,463.5216979980469
MAXHEALTH,2023-05-09,2023-05-17,479.6717224121094,520.8319702148438
EXIDEIND,2023-05-09,2023-05-17,187.0883331298828,203.0496368408203
ADANIENT,2023-05-17,2023-05-25,1896.8369140625,2533.892333984375
DIXON,2023-05-17,2023-05-25,2958.21044921875,3594.33935546875
CGPOWER,2023-05-17,2023-05-25,334.7576904296875,371.42779541015625
BALKRISIND,2023-05-17,2023-05-25,2177.681396484375,2416.106201171875
ADANIGREEN,2023-05-17,2023-05-25,875.4000244140625,970.6500244140624
LAURUSLABS,2023-05-17,2023-05-25,310.9578552246094,332.4461975097656
RBLBANK,2023-05-25,2023-06-02,145.09141540527344,166.8970489501953
CYIENT,2023-05-25,2023-06-02,1259.7935791015625,1408.4049072265625
PFC,2023-05-25,2023-06-02,124.85259246826172,139.3796844482422
HINDCOPPER,2023-05-25,2023-06-02,101.94286346435548,112.7962875366211
DIXON,2023-05-25,2023-06-02,3594.33935546875,3962.27978515625
AUROPHARMA,2023-05-25,2023-06-02,602.3289794921875,659.5751953125
TORNTPOWER,2023-06-02,2023-06-12,547.3667602539062,663.238037109375
HAL,2023-06-02,2023-06-12,1551.05419921875,1804.72021484375
PRESTIGE,2023-06-02,2023-06-12,488.4947509765625,560.2516479492188
ANGELONE,2023-06-02,2023-06-12,1277.629638671875,1452.829833984375
APLAPOLLO,2023-06-02,2023-06-12,1127.7303466796875,1256.94580078125
JSL,2023-06-02,2023-06-12,287.8710632324219,315.3604736328125
KALYANKJIL,2023-06-12,2023-06-20,108.78539276123048,127.23960876464844
LTF,2023-06-12,2023-06-20,104.35691833496094,118.09959411621094
JINDALSTEL,2023-06-12,2023-06-20,523.0753784179688,591.0712280273438
HDFCLIFE,2023-06-12,2023-06-20,580.5053100585938,641.5183715820312
M&MFIN,2023-06-12,2023-06-20,278.7652893066406,307.7853088378906
ASHOKLEY,2023-06-12,2023-06-20,142.61683654785156,156.05276489257812
MFSL,2023-06-20,2023-06-28,703.2000122070312,797.0
PEL,2023-06-20,2023-06-28,829.6368408203125,939.3150634765624
KALYANKJIL,2023-06-20,2023-06-28,127.23960876464844,141.21705627441406
SHRIRAMFIN,2023-06-20,2023-06-28,282.1631164550781,307.7353515625
AUROPHARMA,2023-06-20,2023-06-28,677.9436645507812,735.488525390625
ANGELONE,2023-06-20,2023-06-28,1555.966552734375,1673.2774658203125
PNB,2023-06-28,2023-07-07,49.81163024902344,59.69488906860352
SJVN,2023-06-28,2023-07-07,39.184364318847656,46.28683853149414
KALYANKJIL,2023-06-28,2023-07-07,141.21705627441406,161.71070861816406
HINDPETRO,2023-06-28,2023-07-07,169.44851684570312,192.6524353027344
BANKBARODA,2023-06-28,2023-07-07,179.4894561767578,203.3240966796875
UNIONBANK,2023-06-28,2023-07-07,66.6357650756836,75.40115356445312
RBLBANK,2023-07-07,2023-07-17,182.2399444580078,223.6311950683593
MPHASIS,2023-07-07,2023-07-17,1837.7913818359373,2078.833251953125
NATIONALUM,2023-07-07,2023-07-17,76.40025329589844,85.89266967773438
KALYANKJIL,2023-07-07,2023-07-17,161.71070861816406,180.06544494628906
BSOFT,2023-07-07,2023-07-17,346.7958374023437,377.4801025390625
NCC,2023-07-07,2023-07-17,122.89273834228516,132.7839813232422
SJVN,2023-07-17,2023-07-25,44.88566970825195,57.78606796264648
ADANIGREEN,2023-07-17,2023-07-25,965.2999877929688,1088.050048828125
SUPREMEIND,2023-07-17,2023-07-25,3329.671142578125,3719.503173828125
GLENMARK,2023-07-17,2023-07-25,699.34814453125,780.6433715820312
NHPC,2023-07-17,2023-07-25,43.872066497802734,47.63525772094727
NTPC,2023-07-17,2023-07-25,176.52059936523438,189.9134521484375
HINDCOPPER,2023-07-25,2023-08-02,123.45147705078124,145.55479431152344
RECLTD,2023-07-25,2023-08-02,159.50047302246094,181.8759613037109
BSOFT,2023-07-25,2023-08-02,371.6795043945313,418.5265502929688
CIPLA,2023-07-25,2023-08-02,1045.8819580078125,1158.477294921875
NCC,2023-07-25,2023-08-02,132.73573303222656,146.7282257080078
NTPC,2023-07-25,2023-08-02,189.9134521484375,207.376220703125
ANGELONE,2023-08-02,2023-08-10,1451.0556640625,1705.0750732421875
DIXON,2023-08-02,2023-08-10,4123.2724609375,4796.265625
JSWENERGY,2023-08-02,2023-08-10,289.89483642578125,335.4447326660156
TRENT,2023-08-02,2023-08-10,1689.74072265625,1894.150390625
POONAWALLA,2023-08-02,2023-08-10,388.95208740234375,431.2727966308594
INDIANB,2023-08-02,2023-08-10,336.1470031738281,372.2308654785156
KALYANKJIL,2023-08-10,2023-08-21,181.0940704345703,219.3583221435547
RECLTD,2023-08-10,2023-08-21,200.684310913086,224.34629821777344
SUPREMEIND,2023-08-10,2023-08-21,3821.56298828125,4270.2392578125
JSWENERGY,2023-08-10,2023-08-21,335.4447326660156,360.0636291503906
INDIANB,2023-08-10,2023-08-21,372.2308654785156,398.8781433105469
ADANIPORTS,2023-08-10,2023-08-21,799.3703002929688,854.48388671875
IDEA,2023-08-21,2023-08-29,7.550000190734863,8.899999618530273
BHEL,2023-08-21,2023-08-29,100.86526489257812,114.55377197265624
SOLARINDS,2023-08-21,2023-08-29,4360.86767578125,4890.2255859375
HINDCOPPER,2023-08-21,2023-08-29,135.4943084716797,150.41156005859375
SJVN,2023-08-21,2023-08-29,53.58256912231445,59.33218765258789
GMRAIRPORT,2023-08-21,2023-08-29,55.400001525878906,61.04999923706055
IDEA,2023-08-29,2023-09-06,8.899999618530273,10.649999618530272
NBCC,2023-08-29,2023-09-06,33.14107894897461,39.403839111328125
NMDC,2023-08-29,2023-09-06,36.93169021606445,43.74519348144531
BHEL,2023-08-29,2023-09-06,114.55377197265624,135.4362335205078
PERSISTENT,2023-08-29,2023-09-06,2529.78857421875,2951.440673828125
CYIENT,2023-08-29,2023-09-06,1565.6278076171875,1797.86181640625
SJVN,2023-09-06,2023-09-14,59.96028900146485,74.74502563476562
BANKINDIA,2023-09-06,2023-09-14,90.78273010253906,104.86212158203124
PNB,2023-09-06,2023-09-14,64.93301391601562,72.8396224975586
CHOLAFIN,2023-09-06,2023-09-14,1102.0380859375,1205.4742431640625
CANBK,2023-09-06,2023-09-14,65.07469940185547,71.07201385498047
GLENMARK,2023-09-06,2023-09-14,789.5046997070312,861.6399536132812
RECLTD,2023-09-14,2023-09-25,231.4833374023437,253.9742889404297
PNB,2023-09-14,2023-09-25,72.8396224975586,79.26374053955078
MCX,2023-09-14,2023-09-25,1753.4002685546875,1899.7972412109373
UNIONBANK,2023-09-14,2023-09-25,92.0665283203125,99.42211151123048
INDIANB,2023-09-14,2023-09-25,391.7396240234375,421.3694458007813
PFC,2023-09-14,2023-09-25,209.27456665039065,222.89930725097656
JSL,2023-09-25,2023-10-04,440.2111206054688,493.262939453125
KALYANKJIL,2023-09-25,2023-10-04,203.7433013916016,225.8936462402344
KEI,2023-09-25,2023-10-04,2410.426513671875,2649.83740234375
GRANULES,2023-09-25,2023-10-04,332.8637084960937,358.5951843261719
DIXON,2023-09-25,2023-10-04,4887.80224609375,5214.5859375
SOLARINDS,2023-09-25,2023-10-04,4609.13330078125,4901.5673828125
KALYANKJIL,2023-10-04,2023-10-12,225.8936462402344,273.9359741210937
PRESTIGE,2023-10-04,2023-10-12,625.4501953125,723.3563232421875
ANGELONE,2023-10-04,2023-10-12,1823.81689453125,2068.02294921875
BSOFT,2023-10-04,2023-10-12,483.1194458007813,534.5873413085938
NBCC,2023-10-04,2023-10-12,37.987152099609375,42.00660705566406
BOSCHLTD,2023-10-04,2023-10-12,18517.279296875,20210.052734375
SUPREMEIND,2023-10-12,2023-10-20,4137.0205078125,4677.6845703125
ANGELONE,2023-10-12,2023-10-20,2068.02294921875,2313.06689453125
MCX,2023-10-12,2023-10-20,2097.187255859375,2316.94775390625
IRB,2023-10-12,2023-10-20,31.84213638305664,34.80879592895508
KALYANKJIL,2023-10-12,2023-10-20,273.9359741210937,299.4288330078125
BAJAJ-AUTO,2023-10-12,2023-10-20,5065.431640625,5445.04638671875
ANGELONE,2023-10-20,2023-10-31,2313.06689453125,2548.474609375
CDSL,2023-10-20,2023-10-31,666.2737426757812,722.3277587890625
TRENT,2023-10-20,2023-10-31,2034.7540283203125,2153.22265625
SOLARINDS,2023-10-20,2023-10-31,5265.34716796875,5496.42626953125
PERSISTENT,2023-10-20,2023-10-31,2926.594970703125,3051.88720703125
CANBK,2023-10-20,2023-10-31,71.9093017578125,74.83980560302734
HINDPETRO,2023-10-31,2023-11-08,155.9732208251953,188.5909881591797
KALYANKJIL,2023-10-31,2023-11-08,288.0543518066406,347.1219177246094
IOC,2023-10-31,2023-11-08,81.91880798339844,94.47604370117188
PHOENIXLTD,2023-10-31,2023-11-08,906.3749389648438,1044.9012451171875
IDEA,2023-10-31,2023-11-08,11.850000381469728,13.649999618530272
TRENT,2023-10-31,2023-11-08,2153.22265625,2451.16845703125
SOLARINDS,2023-11-08,2023-11-17,5989.310546875,7385.0263671875
PFC,2023-11-08,2023-11-17,246.62095642089844,295.9358215332031
CAMS,2023-11-08,2023-11-17,2376.76318359375,2782.166259765625
YESBANK,2023-11-08,2023-11-17,17.950000762939453,20.799999237060547
BHEL,2023-11-08,2023-11-17,125.19483184814452,141.73094177246094
COFORGE,2023-11-08,2023-11-17,5035.83935546875,5590.72998046875
ADANIGREEN,2023-11-17,2023-11-28,936.0999755859376,1052.800048828125
CGPOWER,2023-11-17,2023-11-28,387.2501525878906,429.3934020996094
SJVN,2023-11-17,2023-11-28,74.19646453857422,82.1321792602539
HINDPETRO,2023-11-17,2023-11-28,195.2026824951172,215.8249053955078
BHEL,2023-11-17,2023-11-28,141.73094177246094,155.9190216064453
ADANIENT,2023-11-17,2023-11-28,2207.90966796875,2422.523193359375
ADANIGREEN,2023-11-28,2023-12-06,1052.800048828125,1563.449951171875
CESC,2023-11-28,2023-12-06,90.97093963623048,111.89190673828124
ADANIPORTS,2023-11-28,2023-12-06,834.1212158203125,1013.6011352539062
ADANIENT,2023-11-28,2023-12-06,2422.523193359375,2882.787353515625
HAL,2023-11-28,2023-12-06,2247.832275390625,2668.109130859375
RECLTD,2023-11-28,2023-12-06,321.8539123535156,380.28216552734375
GMRAIRPORT,2023-12-06,2023-12-14,61.34999847412109,77.1500015258789
SJVN,2023-12-06,2023-12-14,82.22954559326172,94.8877410888672
TATAPOWER,2023-12-06,2023-12-14,292.79400634765625,333.8538513183594
PFC,2023-12-06,2023-12-14,359.3219299316406,401.5559997558594
SAIL,2023-12-06,2023-12-14,97.81531524658205,109.23612213134766
RBLBANK,2023-12-06,2023-12-14,251.35142517089844,280.2618103027344
HINDCOPPER,2023-12-14,2023-12-22,183.82041931152344,225.94903564453125
HFCL,2023-12-14,2023-12-22,67.666259765625,81.89864349365234
OIL,2023-12-14,2023-12-22,207.1839141845703,238.38282775878903
CYIENT,2023-12-14,2023-12-22,2084.17236328125,2349.95849609375
VOLTAS,2023-12-14,2023-12-22,849.6990966796875,944.1543579101562
NATIONALUM,2023-12-14,2023-12-22,98.10063934326172,108.31063842773438
NATIONALUM,2023-12-22,2024-01-02,108.31063842773438,130.847900390625
HINDCOPPER,2023-12-22,2024-01-02,225.94903564453125,268.9252319335937
IDEA,2023-12-22,2024-01-02,13.600000381469728,16.049999237060547
NMDC,2023-12-22,2024-01-02,60.15348815917969,70.32222747802734
BHEL,2023-12-22,2024-01-02,178.1503448486328,201.8304443359375
CESC,2023-12-22,2024-01-02,112.03295135498048,126.56009674072266
NCC,2024-01-02,2024-01-10,165.752197265625,191.9209899902344
PHOENIXLTD,2024-01-02,2024-01-10,1116.07421875,1284.23291015625
NBCC,2024-01-02,2024-01-10,53.20172119140625,61.05656433105469
JSWENERGY,2024-01-02,2024-01-10,407.6069946289063,463.2735290527344
PRESTIGE,2024-01-02,2024-01-10,1200.4488525390625,1362.7930908203125
ADANIPORTS,2024-01-02,2024-01-10,1073.79296875,1209.162109375
OFSS,2024-01-10,2024-01-18,4201.81787109375,6345.64990234375
BANKINDIA,2024-01-10,2024-01-18,115.56832122802734,131.35874938964844
IOC,2024-01-10,2024-01-18,125.31124114990234,138.70144653320312
SJVN,2024-01-10,2024-01-18,89.6071548461914,99.169189453125
ONGC,2024-01-10,2024-01-18,198.51182556152344,218.587646484375
TECHM,2024-01-10,2024-01-18,1207.4827880859375,1318.656005859375
NBCC,2024-01-18,2024-01-30,57.55818939208984,83.86202239990234
IRB,2024-01-18,2024-01-30,46.51358413696289,67.43974304199219
SJVN,2024-01-18,2024-01-30,99.169189453125,126.13018798828124
NHPC,2024-01-18,2024-01-30,68.35127258300781,84.21337890625
HFCL,2024-01-18,2024-01-30,84.49542999267578,100.92510223388672
RECLTD,2024-01-18,2024-01-30,406.08197021484375,470.9230041503906
IOC,2024-01-30,2024-02-07,141.7730255126953,178.96804809570312
YESBANK,2024-01-30,2024-02-07,23.89999961853028,29.799999237060547
NBCC,2024-01-30,2024-02-07,83.86202239990234,104.32422637939452
BPCL,2024-01-30,2024-02-07,239.5423278808593,286.0302429199219
SAIL,2024-01-30,2024-02-07,119.32779693603516,141.2340850830078
TRENT,2024-01-30,2024-02-07,3052.85546875,3605.026611328125
KALYANKJIL,2024-02-07,2024-02-15,336.4957580566406,390.7740783691406
OIL,2024-02-07,2024-02-15,311.41455078125,359.6658935546875
SBIN,2024-02-07,2024-02-15,664.113037109375,749.13720703125
BANKBARODA,2024-02-07,2024-02-15,238.0059356689453,268.21270751953125
OFSS,2024-02-07,2024-02-15,6809.24951171875,7573.28662109375
ZYDUSLIFE,2024-02-07,2024-02-15,789.6304931640625,876.7632446289062
ABB,2024-02-15,2024-02-23,4446.64599609375,5365.55810546875
NCC,2024-02-15,2024-02-23,221.76434326171875,252.94839477539065
INDHOTEL,2024-02-15,2024-02-23,526.0176391601562,592.717041015625
GLENMARK,2024-02-15,2024-02-23,809.0911254882812,898.8125610351562
HFCL,2024-02-15,2024-02-23,101.57429504394533,112.16120147705078
BEL,2024-02-15,2024-02-23,184.7882232666016,204.0173492431641
BHEL,2024-02-23,2024-03-04,229.40728759765625,264.32794189453125
INDUSTOWER,2024-02-23,2024-03-04,241.1499938964844,268.1000061035156
SAIL,2024-02-23,2024-03-04,127.01272583007812,140.55743408203125
TATACOMM,2024-02-23,2024-03-04,1808.1192626953125,1966.678466796875
HAVELLS,2024-02-23,2024-03-04,1421.27490234375,1545.0089111328125
KEI,2024-02-23,2024-03-04,3153.358642578125,3413.42724609375
TATACHEM,2024-03-04,2024-03-13,989.4630126953124,1082.63818359375
PIDILITIND,2024-03-04,2024-03-13,2688.439453125,2808.979248046875
ITC,2024-03-04,2024-03-13,395.7240905761719,408.6375732421875
OFSS,2024-03-04,2024-03-13,7543.2333984375,7787.87841796875
BHARTIARTL,2024-03-04,2024-03-13,1127.21826171875,1162.2728271484375
ZYDUSLIFE,2024-03-04,2024-03-13,943.895751953125,966.2400512695312
SOLARINDS,2024-03-13,2024-03-21,7340.80908203125,8892.1591796875
SJVN,2024-03-13,2024-03-21,100.70101928710938,120.10487365722656
CGPOWER,2024-03-13,2024-03-21,461.4500122070313,541.4000244140625
HINDCOPPER,2024-03-13,2024-03-21,234.374755859375,272.6145935058594
IRB,2024-03-13,2024-03-21,50.603660583496094,58.4996223449707
KEI,2024-03-13,2024-03-21,2999.423095703125,3401.89794921875
PRESTIGE,2024-03-21,2024-04-02,1047.6453857421875,1312.3914794921875
INDUSTOWER,2024-03-21,2024-04-02,250.1999969482422,304.75
TORNTPOWER,2024-03-21,2024-04-02,1227.7822265625,1445.822265625
ANGELONE,2024-03-21,2024-04-02,2604.729736328125,2997.85107421875
SAIL,2024-03-21,2024-04-02,128.00502014160156,146.70962524414062
ABFRL,2024-03-21,2024-04-02,206.3500061035156,236.1499938964844
EXIDEIND,2024-04-02,2024-04-10,313.1369934082031,382.529296875
VEDL,2024-04-02,2024-04-10,273.97613525390625,328.9895935058594
HINDCOPPER,2024-04-02,2024-04-10,308.1123046875,356.8219909667969
POLICYBZR,2024-04-02,2024-04-10,1167.800048828125,1331.5999755859375
JSWENERGY,2024-04-02,2024-04-10,540.4193725585938,614.0267944335938
VOLTAS,2024-04-02,2024-04-10,1186.071533203125,1337.8675537109375
EXIDEIND,2024-04-10,2024-04-22,382.529296875,464.2258911132813
MOTHERSON,2024-04-10,2024-04-22,118.47315979003906,127.13463592529295
INDUSTOWER,2024-04-10,2024-04-22,326.70001220703125,349.79998779296875
CDSL,2024-04-10,2024-04-22,933.5967407226562,998.1580200195312
CAMS,2024-04-10,2024-04-22,3005.291748046875,3190.921142578125
HAL,2024-04-10,2024-04-22,3530.03857421875,3747.95556640625
SUPREMEIND,2024-04-22,2024-04-30,4180.59228515625,5032.3583984375
RECLTD,2024-04-22,2024-04-30,420.0863952636719,490.3263854980469
CHAMBLFERT,2024-04-22,2024-04-30,366.2372131347656,417.4327087402344
NBCC,2024-04-22,2024-04-30,82.6408920288086,92.2449188232422
ASHOKLEY,2024-04-22,2024-04-30,171.13177490234375,190.900619506836
PRESTIGE,2024-04-22,2024-04-30,1241.7093505859375,1378.927734375
MARICO,2024-04-30,2024-05-09,515.2594604492188,578.2742919921875
BHARATFORG,2024-04-30,2024-05-09,1263.3289794921875,1404.002685546875
GODREJCP,2024-04-30,2024-05-09,1196.295166015625,1305.575439453125
DABUR,2024-04-30,2024-05-09,502.98345947265625,547.6105346679688
PRESTIGE,2024-04-30,2024-05-09,1378.927734375,1487.1240234375
ABB,2024-04-30,2024-05-09,6508.61474609375,6975.6259765625
ABB,2024-05-09,2024-05-17,6975.6259765625,8359.9951171875
OBEROIRLTY,2024-05-09,2024-05-17,1450.633544921875,1733.4002685546875
HAL,2024-05-09,2024-05-17,3808.4990234375,4486.7548828125
SIEMENS,2024-05-09,2024-05-17,6117.5703125,7170.54638671875
NCC,2024-05-09,2024-05-17,234.476318359375,273.9032897949219
NATIONALUM,2024-05-09,2024-05-17,162.69154357910156,185.65415954589844
BEL,2024-05-17,2024-05-28,247.529525756836,288.3190612792969
BALKRISIND,2024-05-17,2024-05-28,2649.797119140625,3082.38916015625
GLENMARK,2024-05-17,2024-05-28,1018.0917358398438,1158.54052734375
UNIONBANK,2024-05-17,2024-05-28,135.56674194335938,153.8339080810547
DIVISLAB,2024-05-17,2024-05-28,3886.893798828125,4365.3076171875
HAL,2024-05-17,2024-05-28,4486.7548828125,4969.96435546875
COLPAL,2024-05-28,2024-06-05,2681.64306640625,2936.87939453125
HEROMOTOCO,2024-05-28,2024-06-05,5020.208984375,5479.76953125
JSL,2024-05-28,2024-06-05,711.0404663085938,772.87451171875
HINDUNILVR,2024-05-28,2024-06-05,2363.421142578125,2567.41357421875
POLICYBZR,2024-05-28,2024-06-05,1201.8499755859375,1293.3499755859375
M&M,2024-05-28,2024-06-05,2534.244140625,2721.0263671875
OFSS,2024-06-05,2024-06-13,7729.0498046875,9658.0
HFCL,2024-06-05,2024-06-13,89.98863220214844,112.0912857055664
NBCC,2024-06-05,2024-06-13,85.84223175048828,102.43641662597656
BHEL,2024-06-05,2024-06-13,255.1356811523437,303.69488525390625
KEI,2024-06-05,2024-06-13,4085.2548828125,4821.36181640625
HAL,2024-06-05,2024-06-13,4321.60888671875,5049.12158203125
CHAMBLFERT,2024-06-13,2024-06-24,427.7111511230469,513.2337036132812
JSWENERGY,2024-06-13,2024-06-24,659.4500122070312,747.0999755859375
KALYANKJIL,2024-06-13,2024-06-24,397.5089721679688,445.102294921875
MOTHERSON,2024-06-13,2024-06-24,168.01284790039062,187.44644165039065
INDHOTEL,2024-06-13,2024-06-24,589.2999877929688,648.1500244140625
PRESTIGE,2024-06-13,2024-06-24,1870.8060302734373,2054.82958984375
CDSL,2024-06-24,2024-07-02,1008.3023681640624,1186.1126708984375
POLICYBZR,2024-06-24,2024-07-02,1285.050048828125,1485.6500244140625
PERSISTENT,2024-06-24,2024-07-02,3946.373291015625,4477.1015625
INDUSTOWER,2024-06-24,2024-07-02,339.8500061035156,383.7999877929688
KALYANKJIL,2024-06-24,2024-07-02,445.102294921875,494.8408203125
SOLARINDS,2024-06-24,2024-07-02,9993.79296875,11010.9384765625
CESC,2024-07-02,2024-07-10,153.93917846679688,180.62635803222656
RECLTD,2024-07-02,2024-07-10,526.3272705078125,614.8130493164062
NBCC,2024-07-02,2024-07-10,107.11632537841795,123.7765121459961
SOLARINDS,2024-07-02,2024-07-10,11010.9384765625,12362.150390625
LUPIN,2024-07-02,2024-07-10,1625.6728515625,1818.925537109375
PHOENIXLTD,2024-07-02,2024-07-10,1786.8370361328125,1996.1368408203125
MPHASIS,2024-07-10,2024-07-19,2550.0,2873.550048828125
OIL,2024-07-10,2024-07-19,498.9438781738281,555.6143798828125
TCS,2024-07-10,2024-07-19,3881.3505859375,4281.7255859375
INFY,2024-07-10,2024-07-19,1629.694091796875,1772.7650146484375
ONGC,2024-07-10,2024-07-19,283.1331787109375,303.55029296875
INDUSTOWER,2024-07-10,2024-07-19,382.8999938964844,409.5
PIIND,2024-07-19,2024-07-29,3820.19970703125,4379.5390625
ASHOKLEY,2024-07-19,2024-07-29,221.91639709472656,254.022201538086
TATAMOTORS,2024-07-19,2024-07-29,990.0,1124.0
INDHOTEL,2024-07-19,2024-07-29,577.9000244140625,649.75
HFCL,2024-07-19,2024-07-29,115.35723876953124,129.6595458984375
GRANULES,2024-07-19,2024-07-29,501.6642456054688,563.3499755859375
GRANULES,2024-07-29,2024-08-06,563.3499755859375,649.0
TORNTPOWER,2024-07-29,2024-08-06,1574.817138671875,1748.7474365234375
COLPAL,2024-07-29,2024-08-06,3184.872802734375,3364.108642578125
NTPC,2024-07-29,2024-08-06,385.41705322265625,406.0626525878906
ASIANPAINT,2024-07-29,2024-08-06,2949.64404296875,3096.4423828125
CESC,2024-07-29,2024-08-06,162.07443237304688,168.92825317382812
TRENT,2024-08-06,2024-08-14,5220.7001953125,6438.35009765625
OIL,2024-08-06,2024-08-14,555.8090209960938,641.0337524414062
CDSL,2024-08-06,2024-08-14,1146.425048828125,1280.300048828125
POLICYBZR,2024-08-06,2024-08-14,1434.8499755859375,1574.050048828125
PRESTIGE,2024-08-06,2024-08-14,1634.2828369140625,1785.7874755859375
LUPIN,2024-08-06,2024-08-14,1910.75,2073.949951171875
CDSL,2024-08-14,2024-08-23,1280.300048828125,1568.5
ANGELONE,2024-08-14,2024-08-23,2105.062744140625,2552.25341796875
PEL,2024-08-14,2024-08-23,882.4000244140625,1052.5
HFCL,2024-08-14,2024-08-23,131.22760009765625,149.79461669921875
GLENMARK,2024-08-14,2024-08-23,1489.067138671875,1684.2376708984375
POONAWALLA,2024-08-14,2024-08-23,354.3500061035156,400.3999938964844
BAJAJFINSV,2024-08-23,2024-09-02,1639.9000244140625,1840.550048828125
BSOFT,2024-08-23,2024-09-02,598.6365356445312,662.7068481445312
BAJFINANCE,2024-08-23,2024-09-02,6735.85009765625,7440.0498046875
CHOLAFIN,2024-08-23,2024-09-02,1347.5311279296875,1484.90185546875
TATAELXSI,2024-08-23,2024-09-02,7088.14990234375,7795.89990234375
HCLTECH,2024-08-23,2024-09-02,1639.583740234375,1782.872802734375
LAURUSLABS,2024-09-02,2024-09-10,462.1218566894531,506.2857360839844
DIVISLAB,2024-09-02,2024-09-10,5036.85009765625,5426.4501953125
COFORGE,2024-09-02,2024-09-10,6310.3173828125,6774.48974609375
SBICARD,2024-09-02,2024-09-10,744.3499755859375,793.9000244140625
BIOCON,2024-09-02,2024-09-10,363.3999938964844,386.6000061035156
BALKRISIND,2024-09-02,2024-09-10,2887.20361328125,3068.585693359375
TORNTPOWER,2024-09-10,2024-09-18,1669.91748046875,1911.797607421875
DIXON,2024-09-10,2024-09-18,12512.3759765625,14061.0
CGPOWER,2024-09-10,2024-09-18,664.5999755859375,743.25
CDSL,2024-09-10,2024-09-18,1354.449951171875,1504.1500244140625
MCX,2024-09-10,2024-09-18,5223.119140625,5799.4599609375
SHRIRAMFIN,2024-09-10,2024-09-18,626.5800170898438,687.0556030273438
GODREJPROP,2024-09-18,2024-09-26,2884.699951171875,3305.64990234375
M&M,2024-09-18,2024-09-26,2808.199951171875,3181.10009765625
VEDL,2024-09-18,2024-09-26,440.2472534179688,492.7371520996094
NATIONALUM,2024-09-18,2024-09-26,176.42147827148438,195.58551025390625
NMDC,2024-09-18,2024-09-26,70.7066650390625,78.09666442871094
TATASTEEL,2024-09-18,2024-09-26,150.60000610351562,165.61000061035156
NATIONALUM,2024-09-26,2024-10-07,195.58551025390625,207.0208435058593
COFORGE,2024-09-26,2024-10-07,6841.41845703125,7173.6240234375
SUPREMEIND,2024-09-26,2024-10-07,5258.59521484375,5420.27099609375
APLAPOLLO,2024-09-26,2024-10-07,1516.699951171875,1562.949951171875
PETRONET,2024-09-26,2024-10-07,329.5099792480469,339.5040283203125
NBCC,2024-09-26,2024-10-07,111.9982452392578,115.08152770996094
ANGELONE,2024-10-07,2024-10-15,2504.059326171875,3210.841796875
OBEROIRLTY,2024-10-07,2024-10-15,1744.4112548828125,2024.6187744140625
CDSL,2024-10-07,2024-10-15,1368.0999755859375,1586.5
KEI,2024-10-07,2024-10-15,4104.037109375,4686.23876953125
DIXON,2024-10-07,2024-10-15,13509.75,15404.4501953125
DIVISLAB,2024-10-07,2024-10-15,5404.35009765625,6106.7001953125
MFSL,2024-10-15,2024-10-23,1183.8499755859375,1271.9000244140625
MPHASIS,2024-10-15,2024-10-23,2929.800048828125,3119.85009765625
TECHM,2024-10-15,2024-10-23,1660.435546875,1720.4959716796875
HDFCBANK,2024-10-15,2024-10-23,1684.0999755859375,1735.800048828125
MCX,2024-10-15,2024-10-23,6511.0,6686.0498046875
WIPRO,2024-10-15,2024-10-23,261.2830810546875,268.2692565917969
INDIANB,2024-10-23,2024-10-31,500.8999938964844,592.5499877929688
MAXHEALTH,2024-10-23,2024-10-31,914.2000122070312,1017.5999755859376
BANKINDIA,2024-10-23,2024-10-31,98.91000366210938,108.69000244140624
LAURUSLABS,2024-10-23,2024-10-31,449.0825500488281,490.8483581542969
FEDERALBNK,2024-10-23,2024-10-31,188.72000122070312,203.9100036621093
UNIONBANK,2024-10-23,2024-10-31,109.3499984741211,117.16999816894533
PAGEIND,2024-10-31,2024-11-08,42777.70703125,47573.5234375
DIXON,2024-10-31,2024-11-08,14061.599609375,15621.099609375
M&M,2024-10-31,2024-11-08,2728.550048828125,2974.89990234375
INDHOTEL,2024-10-31,2024-11-08,676.7000122070312,732.9000244140625
OIL,2024-10-31,2024-11-08,460.5271301269531,496.4516296386719
VOLTAS,2024-10-31,2024-11-08,1649.5,1766.0
MUTHOOTFIN,2024-11-08,2024-11-19,1804.550048828125,1896.449951171875
PFC,2024-11-08,2024-11-19,446.1090393066406,467.9479370117188
EICHERMOT,2024-11-08,2024-11-19,4785.25,4965.4501953125
MANAPPURAM,2024-11-08,2024-11-19,148.676513671875,154.00665283203125
INDHOTEL,2024-11-08,2024-11-19,732.9000244140625,754.0
COFORGE,2024-11-08,2024-11-19,7936.52197265625,8098.86865234375
IDEA,2024-11-19,2024-11-28,7.099999904632568,8.359999656677246
PHOENIXLTD,2024-11-19,2024-11-28,1481.3499755859375,1691.949951171875
IRB,2024-11-19,2024-11-28,47.33289337158203,53.53148651123047
LAURUSLABS,2024-11-19,2024-11-28,489.0,551.7000122070312
KEI,2024-11-19,2024-11-28,3838.63671875,4303.14990234375
BHEL,2024-11-19,2024-11-28,225.8800048828125,252.4900054931641
IGL,2024-11-28,2024-12-06,159.72500610351562,192.0
CDSL,2024-11-28,2024-12-06,1598.25,1883.800048828125
ANGELONE,2024-11-28,2024-12-06,2871.44091796875,3278.8017578125
POLICYBZR,2024-11-28,2024-12-06,1878.8499755859373,2142.300048828125
CESC,2024-11-28,2024-12-06,169.26803588867188,192.10118103027344
MCX,2024-11-28,2024-12-06,6103.64990234375,6920.0
MANAPPURAM,2024-12-06,2024-12-16,167.03294372558594,184.1293029785156
MUTHOOTFIN,2024-12-06,2024-12-16,1951.550048828125,2119.199951171875
DIXON,2024-12-06,2024-12-16,17421.05078125,18831.80078125
MAXHEALTH,2024-12-06,2024-12-16,1096.1500244140625,1184.800048828125
PAGEIND,2024-12-06,2024-12-16,45944.8125,49063.96875
CUMMINSIND,2024-12-06,2024-12-16,3442.7353515625,3647.80908203125
DRREDDY,2024-12-16,2024-12-24,1269.949951171875,1350.9000244140625
LUPIN,2024-12-16,2024-12-24,2063.39990234375,2169.449951171875
INDIGO,2024-12-16,2024-12-24,4406.75,4612.25
JUBLFOOD,2024-12-16,2024-12-24,686.5499877929688,704.1500244140625
GRANULES,2024-12-16,2024-12-24,584.0999755859375,596.8499755859375
CIPLA,2024-12-16,2024-12-24,1448.449951171875,1475.75
MUTHOOTFIN,2024-12-24,2025-01-02,2035.0,2256.89990234375
EICHERMOT,2024-12-24,2025-01-02,4792.89990234375,5308.10009765625
LUPIN,2024-12-24,2025-01-02,2169.449951171875,2396.10009765625
MARUTI,2024-12-24,2025-01-02,10736.599609375,11841.2998046875
IRB,2024-12-24,2025-01-02,54.489723205566406,59.97962188720703
M&M,2024-12-24,2025-01-02,2928.699951171875,3211.10009765625
SRF,2025-01-02,2025-01-10,2222.0283203125,2597.91796875
UPL,2025-01-02,2025-01-10,509.4500122070313,548.8499755859375
GODREJCP,2025-01-02,2025-01-10,1088.8621826171875,1169.373046875
ONGC,2025-01-02,2025-01-10,241.2667694091797,257.8858947753906
TATACONSUM,2025-01-02,2025-01-10,929.6500244140624,972.7999877929688
PHOENIXLTD,2025-01-02,2025-01-10,1602.6500244140625,1660.0999755859375
IDEA,2025-01-10,2025-01-20,7.75,9.9399995803833
INDUSTOWER,2025-01-10,2025-01-20,320.3999938964844,375.6000061035156
NBCC,2025-01-10,2025-01-20,83.94403839111328,98.121826171875
ADANIGREEN,2025-01-10,2025-01-20,943.0499877929688,1066.75
BIOCON,2025-01-10,2025-01-20,360.9500122070313,401.5499877929688
KOTAKBANK,2025-01-10,2025-01-20,1756.199951171875,1920.5
BANKINDIA,2025-01-20,2025-01-28,101.66999816894533,109.51000213623048
ULTRACEMCO,2025-01-20,2025-01-28,10624.4501953125,11296.349609375
TORNTPHARM,2025-01-20,2025-01-28,3139.751953125,3289.136474609375
INDIGO,2025-01-20,2025-01-28,4114.2998046875,4282.5
BRITANNIA,2025-01-20,2025-01-28,4885.39990234375,5060.75
SHREECEM,2025-01-20,2025-01-28,25100.98828125,25986.400390625
KALYANKJIL,2025-01-28,2025-02-04,438.0499877929688,563.7999877929688
LAURUSLABS,2025-01-28,2025-02-04,510.75,611.9500122070312
UPL,2025-01-28,2025-02-04,538.6500244140625,636.9000244140625
PHOENIXLTD,2025-01-28,2025-02-04,1514.300048828125,1784.199951171875
MAXHEALTH,2025-01-28,2025-02-04,1021.6500244140624,1174.300048828125
SRF,2025-01-28,2025-02-04,2597.018798828125,2970.25
ASHOKLEY,2025-02-04,2025-02-12,211.6699981689453,219.3500061035156
JINDALSTEL,2025-02-04,2025-02-12,801.5999755859375,829.3499755859375
CHAMBLFERT,2025-02-04,2025-02-12,512.75,529.2999877929688
BHARTIARTL,2025-02-04,2025-02-12,1661.449951171875,1711.550048828125
HINDALCO,2025-02-04,2025-02-12,583.9500122070312,598.9000244140625
ADANIENT,2025-02-04,2025-02-12,2301.5,2353.449951171875
JUBLFOOD,2025-02-12,2025-02-20,641.0,713.4000244140625
APLAPOLLO,2025-02-12,2025-02-20,1339.949951171875,1476.5999755859375
NHPC,2025-02-12,2025-02-20,72.69999694824219,79.80000305175781
CESC,2025-02-12,2025-02-20,127.93000030517578,137.85000610351562
GODREJPROP,2025-02-12,2025-02-20,1929.75,2076.949951171875
MANAPPURAM,2025-02-12,2025-02-20,190.4881896972656,204.42999267578125
SHRIRAMFIN,2025-02-20,2025-03-03,580.8499755859375,621.2999877929688
VOLTAS,2025-02-20,2025-03-03,1279.1500244140625,1366.1500244140625
BAJFINANCE,2025-02-20,2025-03-03,8399.4501953125,8627.849609375
CHOLAFIN,2025-02-20,2025-03-03,1395.25,1419.75
JSWENERGY,2025-02-20,2025-03-03,468.5499877929688,473.8500061035156
SRF,2025-02-20,2025-03-03,2795.89990234375,2826.699951171875
TATACOMM,2025-03-03,2025-03-11,1323.949951171875,1492.3499755859375
PIIND,2025-03-03,2025-03-11,2987.10009765625,3353.89990234375
HINDPETRO,2025-03-03,2025-03-11,297.79998779296875,329.70001220703125
MFSL,2025-03-03,2025-03-11,986.5,1086.0
HINDALCO,2025-03-03,2025-03-11,636.5499877929688,695.5
JSL,2025-03-03,2025-03-11,594.8499755859375,649.3499755859375
MAXHEALTH,2025-03-11,2025-03-20,983.2999877929688,1135.8499755859375
MCX,2025-03-11,2025-03-20,4686.39990234375,5384.10009765625
ANGELONE,2025-03-11,2025-03-20,1988.6761474609373,2262.800048828125
BHARATFORG,2025-03-11,2025-03-20,1064.300048828125,1194.300048828125
POONAWALLA,2025-03-11,2025-03-20,283.8500061035156,318.20001220703125
ADANIGREEN,2025-03-11,2025-03-20,824.2000122070312,923.4000244140624
POONAWALLA,2025-03-20,2025-03-28,318.20001220703125,350.45001220703125
HAL,2025-03-20,2025-03-28,3818.949951171875,4177.4501953125
GAIL,2025-03-20,2025-03-28,168.4600067138672,183.0399932861328
MPHASIS,2025-03-20,2025-03-28,2305.85009765625,2500.199951171875
BAJAJFINSV,2025-03-20,2025-03-28,1851.8499755859373,2007.3499755859373
CHAMBLFERT,2025-03-20,2025-03-28,579.5499877929688,625.5
GMRAIRPORT,2025-03-28,2025-04-08,75.7300033569336,85.37999725341797
INDUSTOWER,2025-03-28,2025-04-08,334.29998779296875,370.6499938964844
TATACONSUM,2025-03-28,2025-04-08,1001.9000244140624,1069.75
IDEA,2025-03-28,2025-04-08,6.800000190734863,7.170000076293945
KALYANKJIL,2025-03-28,2025-04-08,467.25,492.2999877929688
BRITANNIA,2025-03-28,2025-04-08,4936.89990234375,5179.35009765625
INDUSINDBK,2025-04-08,2025-04-21,679.6500244140625,828.2000122070312
DIXON,2025-04-08,2025-04-21,12991.7998046875,15816.0
NBCC,2025-04-08,2025-04-21,83.06999969482422,99.9800033569336
CGPOWER,2025-04-08,2025-04-21,549.4000244140625,650.5999755859375
PRESTIGE,2025-04-08,2025-04-21,1087.050048828125,1268.5999755859375
AARTIIND,2025-04-08,2025-04-21,364.0,421.6499938964844
PERSISTENT,2025-04-21,2025-04-29,4900.5,5404.0
TECHM,2025-04-21,2025-04-29,1373.5,1495.300048828125
PRESTIGE,2025-04-21,2025-04-29,1268.5999755859375,1380.0
OFSS,2025-04-21,2025-04-29,8132.5,8837.5
RELIANCE,2025-04-21,2025-04-29,1295.5,1399.699951171875
TATAELXSI,2025-04-21,2025-04-29,5342.0,5764.0
ADANIPORTS,2025-04-29,2025-05-08,1216.4000244140625,1333.0999755859375
IGL,2025-04-29,2025-05-08,185.0399932861328,199.22999572753903
KEI,2025-04-29,2025-05-08,3037.89990234375,3262.10009765625
BALKRISIND,2025-04-29,2025-05-08,2597.699951171875,2746.10009765625
BIOCON,2025-04-29,2025-05-08,318.8500061035156,334.6000061035156
MARUTI,2025-04-29,2025-05-08,11841.0,12392.0
ANGELONE,2025-05-08,2025-05-16,2330.199951171875,2800.60009765625
BEL,2025-05-08,2025-05-16,307.1499938964844,363.8999938964844
NBCC,2025-05-08,2025-05-16,93.93000030517578,111.08000183105467
YESBANK,2025-05-08,2025-05-16,18.229999542236328,21.549999237060547
HFCL,2025-05-08,2025-05-16,75.41000366210938,88.43000030517578
SJVN,2025-05-08,2025-05-16,89.3499984741211,104.1999969482422
SOLARINDS,2025-05-16,2025-05-26,14025.0,15885.0
ASTRAL,2025-05-16,2025-05-26,1359.699951171875,1508.699951171875
SUPREMEIND,2025-05-16,2025-05-26,3681.89990234375,4036.199951171875
MFSL,2025-05-16,2025-05-26,1355.199951171875,1476.5
DLF,2025-05-16,2025-05-26,715.9000244140625,777.7999877929688
HINDCOPPER,2025-05-16,2025-05-26,226.0,243.8500061035156
IDEA,2025-05-26,,6.929999828338623,
DRREDDY,2025-05-26,,1240.9000244140625,
CONCOR,2025-05-26,,742.4000244140625,
BSOFT,2025-05-26,,418.5499877929688,
BHARTIARTL,2025-05-26,,1847.4000244140625,
BAJAJ-AUTO,2025-05-26,,8958.5,
