Symbol,EntryDate,ExitDate,EntryPrice,ExitPrice
AUROPHARMA,5/28/2015,6/5/2015,619.2670288,622.9467773
INDUSINDBK,5/28/2015,6/5/2015,805.4051514,785.7714844
MARUTI,5/28/2015,6/5/2015,3372.791748,3418.760254
NIFTY200,5/28/2015,6/5/2015,4339.85,4234.05
SIEMENS,5/28/2015,6/5/2015,1292.40625,1259.563843
SOLARINDS,5/28/2015,6/5/2015,668.1693115,670.1499634
TORNTPHARM,5/28/2015,6/5/2015,544.9664307,541.755249
AUROPHARMA,6/5/2015,6/15/2015,622.9467773,606.7191772
EICHERMOT,6/5/2015,6/15/2015,1508.451294,1563.588013
LUPIN,6/5/2015,6/15/2015,1682.320313,1621.006348
MARUTI,6/5/2015,6/15/2015,3418.760254,3425.990234
NIFTY200,6/5/2015,6/15/2015,4234.05,4171.7
SIEMENS,6/5/2015,6/15/2015,1259.563843,1228.351807
TORNTPHARM,6/5/2015,6/15/2015,541.755249,565.3656616
BRITANNIA,6/15/2015,6/23/2015,1154.457642,1205.311646
EICHERMOT,6/15/2015,6/23/2015,1563.588013,1671.953979
MARICO,6/15/2015,6/23/2015,179.8388214,192.2944031
MARUTI,6/15/2015,6/23/2015,3425.990234,3653.107178
NIFTY200,6/15/2015,6/23/2015,4171.7,4367.55
SOLARINDS,6/15/2015,6/23/2015,681.1154785,720.1550293
TORNTPHARM,6/15/2015,6/23/2015,565.3656616,593.9886475
AUROPHARMA,6/23/2015,7/1/2015,663.3377075,695.8642578
BRITANNIA,6/23/2015,7/1/2015,1205.311646,1202.164673
EICHERMOT,6/23/2015,7/1/2015,1671.953979,1765.240479
NIFTY200,6/23/2015,7/1/2015,4367.55,4403.75
PAGEIND,6/23/2015,7/1/2015,13683.36621,13825.98926
SIEMENS,6/23/2015,7/1/2015,1296.645142,1288.819092
SOLARINDS,6/23/2015,7/1/2015,720.1550293,702.2715454
AUROPHARMA,7/1/2015,7/9/2015,695.8642578,688.9265747
BRITANNIA,7/1/2015,7/9/2015,1202.164673,1242.80835
EICHERMOT,7/1/2015,7/9/2015,1765.240479,1790.293457
INDUSINDBK,7/1/2015,7/9/2015,824.4738159,840.9058228
NIFTY200,7/1/2015,7/9/2015,4403.75,4360.4
PAGEIND,7/1/2015,7/9/2015,13825.98926,13492.40918
SOLARINDS,7/1/2015,7/9/2015,702.2715454,724.3841553
AUROPHARMA,7/9/2015,7/17/2015,688.9265747,720.241272
BRITANNIA,7/9/2015,7/17/2015,1242.80835,1266.81604
CONCOR,7/9/2015,7/17/2015,500.7660828,513.130249
EICHERMOT,7/9/2015,7/17/2015,1790.293457,1830.143311
NIFTY200,7/9/2015,7/17/2015,4360.4,4506.1
SOLARINDS,7/9/2015,7/17/2015,724.3841553,771.1647339
TORNTPHARM,7/9/2015,7/17/2015,571.0903931,589.4574585
AUROPHARMA,7/17/2015,7/27/2015,720.241272,702.1367188
BRITANNIA,7/17/2015,7/27/2015,1266.81604,1297.554443
DABUR,7/17/2015,7/27/2015,266.9602356,270.8909302
EICHERMOT,7/17/2015,7/27/2015,1830.143311,1678.124634
NIFTY200,7/17/2015,7/27/2015,4506.1,4378.45
SOLARINDS,7/17/2015,7/27/2015,771.1647339,719.7435913
TORNTPHARM,7/17/2015,7/27/2015,589.4574585,614.6325684
AUROPHARMA,7/27/2015,8/4/2015,702.1367188,716.772522
BRITANNIA,7/27/2015,8/4/2015,1297.554443,1405.381714
EICHERMOT,7/27/2015,8/4/2015,1678.124634,1750.126953
INDUSINDBK,7/27/2015,8/4/2015,883.5631104,896.74646
MARUTI,7/27/2015,8/4/2015,3799.47168,4036.546387
NIFTY200,7/27/2015,8/4/2015,4378.45,4484.2
SOLARINDS,7/27/2015,8/4/2015,719.7435913,729.1397095
AUROPHARMA,8/4/2015,8/12/2015,716.772522,707.2211304
BRITANNIA,8/4/2015,8/12/2015,1405.381714,1490.019165
CHOLAFIN,8/4/2015,8/12/2015,131.5835266,124.1428299
DABUR,8/4/2015,8/12/2015,267.0973816,272.76474
EICHERMOT,8/4/2015,8/12/2015,1750.126953,1721.595703
NIFTY200,8/4/2015,8/12/2015,4484.2,4389.65
SIEMENS,8/4/2015,8/12/2015,1375.280762,1338.61853
AUROPHARMA,8/12/2015,8/20/2015,707.2211304,759.206604
BHARATFORG,8/12/2015,8/20/2015,543.3045044,587.1107788
BRITANNIA,8/12/2015,8/20/2015,1490.019165,1426.955688
DABUR,8/12/2015,8/20/2015,272.76474,272.0791626
EICHERMOT,8/12/2015,8/20/2015,1721.595703,1822.935425
NIFTY200,8/12/2015,8/20/2015,4389.65,4407.7
SIEMENS,8/12/2015,8/20/2015,1338.61853,1319.005859
AUROPHARMA,8/20/2015,8/28/2015,759.206604,719.3134766
BRITANNIA,8/20/2015,8/28/2015,1426.955688,1316.052979
DABUR,8/20/2015,8/28/2015,272.0791626,256.219696
EICHERMOT,8/20/2015,8/28/2015,1822.935425,1640.941528
INDUSINDBK,8/20/2015,8/28/2015,881.4298096,801.5706177
LUPIN,8/20/2015,8/28/2015,1797.358398,1769.122192
NIFTY200,8/20/2015,8/28/2015,4407.7,4209.25
AUROPHARMA,8/28/2015,9/7/2015,719.3134766,670.9567261
BHARATFORG,8/28/2015,9/7/2015,550.8734741,473.0189514
BRITANNIA,8/28/2015,9/7/2015,1316.052979,1282.242188
LUPIN,8/28/2015,9/7/2015,1769.122192,1715.93042
NIFTY200,8/28/2015,9/7/2015,4209.25,3971.95
OFSS,8/28/2015,9/7/2015,2551.805176,2439.044434
TATAELXSI,8/28/2015,9/7/2015,840.7200928,777.1347046
ASTRAL,9/7/2015,9/15/2015,184.1976013,192.0717773
CUMMINSIND,9/7/2015,9/15/2015,894.0689087,925.2054443
KEI,9/7/2015,9/15/2015,93.63536072,94.46270752
LUPIN,9/7/2015,9/15/2015,1715.93042,1745.497314
NIFTY200,9/7/2015,9/15/2015,3971.95,4113.25
TATAELXSI,9/7/2015,9/15/2015,777.1347046,864.1842041
TORNTPHARM,9/7/2015,9/15/2015,675.7687378,663.744812
BRITANNIA,9/15/2015,9/24/2015,1360.816895,1278.480347
CUMMINSIND,9/15/2015,9/24/2015,925.2054443,927.5649414
GODREJCP,9/15/2015,9/24/2015,397.1652222,365.8592834
LUPIN,9/15/2015,9/24/2015,1745.497314,1892.23877
NIFTY200,9/15/2015,9/24/2015,4113.25,4126.75
TATAELXSI,9/15/2015,9/24/2015,864.1842041,850.4572754
TORNTPHARM,9/15/2015,9/24/2015,663.744812,619.18573
ASHOKLEY,9/24/2015,10/6/2015,72.12546539,74.69853973
KEI,9/24/2015,10/6/2015,96.26337433,102.7847519
MARUTI,9/24/2015,10/6/2015,4177.683105,3983.146484
NIFTY200,9/24/2015,10/6/2015,4126.75,4285.45
OFSS,9/24/2015,10/6/2015,2536.61792,2619.195313
SOLARINDS,9/24/2015,10/6/2015,695.472168,661.3772583
TATAELXSI,9/24/2015,10/6/2015,850.4572754,880.1876831
ASHOKLEY,10/6/2015,10/14/2015,74.69853973,75.09439087
KEI,10/6/2015,10/14/2015,102.7847519,107.7974548
MARUTI,10/6/2015,10/14/2015,3983.146484,3887.776123
NIFTY200,10/6/2015,10/14/2015,4285.45,4258.4
OFSS,10/6/2015,10/14/2015,2619.195313,2544.444824
TATAELXSI,10/6/2015,10/14/2015,880.1876831,833.0338745
TORNTPHARM,10/6/2015,10/14/2015,693.8929443,682.5099487
AARTIIND,10/14/2015,10/23/2015,121.8683472,119.9846954
ASHOKLEY,10/14/2015,10/23/2015,75.09439087,75.21315002
INDUSINDBK,10/14/2015,10/23/2015,898.2622681,907.6240845
KEI,10/14/2015,10/23/2015,107.7974548,101.4707565
NIFTY200,10/14/2015,10/23/2015,4258.4,4339.5
OFSS,10/14/2015,10/23/2015,2544.444824,2622.25415
TATAELXSI,10/14/2015,10/23/2015,833.0338745,833.6650391
AARTIIND,10/23/2015,11/2/2015,119.9846954,119.3800583
INDUSINDBK,10/23/2015,11/2/2015,907.6240845,863.9828491
KEI,10/23/2015,11/2/2015,101.4707565,98.55072021
MARUTI,10/23/2015,11/2/2015,4007.754395,4112.822754
NIFTY200,10/23/2015,11/2/2015,4339.5,4227.85
OFSS,10/23/2015,11/2/2015,2622.25415,2594.662109
PETRONET,10/23/2015,11/2/2015,69.20169067,69.39807892
AARTIIND,11/2/2015,11/10/2015,119.3800583,118.5461349
ABFRL,11/2/2015,11/10/2015,213.3563385,204.4356842
ASHOKLEY,11/2/2015,11/10/2015,71.49208832,70.85870361
CUMMINSIND,11/2/2015,11/10/2015,907.6361084,855.0535278
KEI,11/2/2015,11/10/2015,98.55072021,101.7140884
NIFTY200,11/2/2015,11/10/2015,4227.85,4096
OFSS,11/2/2015,11/10/2015,2594.662109,2586.144531
AARTIIND,11/10/2015,11/20/2015,118.5461349,118.592926
DIVISLAB,11/10/2015,11/20/2015,1027.825195,1059.118164
KEI,11/10/2015,11/20/2015,101.7140884,110.1821365
MFSL,11/10/2015,11/20/2015,517.9899902,574.7803345
NIFTY200,11/10/2015,11/20/2015,4096,4141.75
OFSS,11/10/2015,11/20/2015,2586.144531,2547.141602
TORNTPHARM,11/10/2015,11/20/2015,684.4991455,678.2885132
ABFRL,11/20/2015,12/1/2015,216.9048767,213.9477539
ASHOKLEY,11/20/2015,12/1/2015,74.14433289,73.94639587
DIVISLAB,11/20/2015,12/1/2015,1059.118164,1046.951416
INDUSINDBK,11/20/2015,12/1/2015,871.7369995,891.4064331
KEI,11/20/2015,12/1/2015,110.1821365,105.8021164
NIFTY200,11/20/2015,12/1/2015,4141.75,4198.85
TORNTPHARM,11/20/2015,12/1/2015,678.2885132,649.2232056
ASHOKLEY,12/1/2015,12/9/2015,73.94639587,68.52315521
AUROPHARMA,12/1/2015,12/9/2015,786.6501465,748.7259521
DIVISLAB,12/1/2015,12/9/2015,1046.951416,1035.153076
MFSL,12/1/2015,12/9/2015,533.3579102,513.5189819
NIFTY200,12/1/2015,12/9/2015,4198.85,4017.45
OFSS,12/1/2015,12/9/2015,2574.371094,2420.891357
SRF,12/1/2015,12/9/2015,241.3981018,227.3969421
AARTIIND,12/9/2015,12/17/2015,113.8786926,116.3703384
APOLLOHOSP,12/9/2015,12/17/2015,1315.904541,1376.898193
DIVISLAB,12/9/2015,12/17/2015,1035.153076,1041.973999
M&M,12/9/2015,12/17/2015,597.5228271,568.1271362
MARUTI,12/9/2015,12/17/2015,4097.591309,4269.257813
NIFTY200,12/9/2015,12/17/2015,4017.45,4140.45
TITAN,12/9/2015,12/17/2015,342.8722229,336.5350952
AUROPHARMA,12/17/2015,12/28/2015,792.4552612,829.618042
BAJAJ-AUTO,12/17/2015,12/28/2015,1991.776123,1961.440063
INDUSINDBK,12/17/2015,12/28/2015,897.4585571,905.5436401
KEI,12/17/2015,12/28/2015,103.0280914,111.6421432
MARUTI,12/17/2015,12/28/2015,4269.257813,4244.785645
NIFTY200,12/17/2015,12/28/2015,4140.45,4187.65
SRF,12/17/2015,12/28/2015,237.1510162,243.4691925
BAJAJ-AUTO,12/28/2015,1/5/2016,1961.440063,1969.152222
BIOCON,12/28/2015,1/5/2016,82.15000153,86.28536987
GRANULES,12/28/2015,1/5/2016,142.1846008,139.7756042
INDUSINDBK,12/28/2015,1/5/2016,905.5436401,884.4086914
KEI,12/28/2015,1/5/2016,111.6421432,116.3141937
MARUTI,12/28/2015,1/5/2016,4244.785645,4177.958496
NIFTY200,12/28/2015,1/5/2016,4187.65,4141.8
ASHOKLEY,1/5/2016,1/13/2016,73.70888519,71.4128952
BAJAJ-AUTO,1/5/2016,1/13/2016,1969.152222,1864.766602
BAJFINANCE,1/5/2016,1/13/2016,584.1348877,591.9262085
BEL,1/5/2016,1/13/2016,34.58329391,33.9149971
BPCL,1/5/2016,1/13/2016,85.22940063,84.59207153
MARUTI,1/5/2016,1/13/2016,4177.958496,3925.741455
NIFTY200,1/5/2016,1/13/2016,4141.8,4006.6
BAJFINANCE,1/13/2016,1/21/2016,591.9262085,559.2224121
BEL,1/13/2016,1/21/2016,33.9149971,29.6697731
BPCL,1/13/2016,1/21/2016,84.59207153,82.67058563
INDUSINDBK,1/13/2016,1/21/2016,885.4961548,825.9208984
NIFTY200,1/13/2016,1/21/2016,4006.6,3816.5
PETRONET,1/13/2016,1/21/2016,92.75097656,86.37713623
SRF,1/13/2016,1/21/2016,240.8254547,212.8517914
APLAPOLLO,1/21/2016,2/1/2016,65.37741852,64.87674713
BAJFINANCE,1/21/2016,2/1/2016,559.2224121,584.6511841
IGL,1/21/2016,2/1/2016,45.82452774,47.26622391
KEI,1/21/2016,2/1/2016,107.9434586,109.1114655
NIFTY200,1/21/2016,2/1/2016,3816.5,3969.25
PETRONET,1/21/2016,2/1/2016,86.37713623,91.26909637
TRENT,1/21/2016,2/1/2016,157.6432495,151.5815735
ABFRL,2/1/2016,2/9/2016,216.6091614,170.5766449
BAJFINANCE,2/1/2016,2/9/2016,584.6511841,641.2254639
BIOCON,2/1/2016,2/9/2016,78.62039948,74.04080963
GODREJCP,2/1/2016,2/9/2016,393.6692505,385.6730957
KEI,2/1/2016,2/9/2016,109.1114655,109.5008087
NIFTY200,2/1/2016,2/9/2016,3969.25,3835.35
SUPREMEIND,2/1/2016,2/9/2016,666.1542358,663.8560181
APOLLOHOSP,2/9/2016,2/17/2016,1387.289307,1374.336914
BAJFINANCE,2/9/2016,2/17/2016,641.2254639,595.1498413
HAVELLS,2/9/2016,2/17/2016,271.1221924,263.0561829
KEI,2/9/2016,2/17/2016,109.5008087,93.10002136
NIFTY200,2/9/2016,2/17/2016,3835.35,3720.85
SUPREMEIND,2/9/2016,2/17/2016,663.8560181,618.5234985
TVSMOTOR,2/9/2016,2/17/2016,270.3328552,266.7871094
APOLLOHOSP,2/17/2016,2/25/2016,1374.336914,1396.471924
BAJFINANCE,2/17/2016,2/25/2016,595.1498413,560.2790527
IGL,2/17/2016,2/25/2016,44.50435638,41.02161789
NIFTY200,2/17/2016,2/25/2016,3720.85,3648.15
PIDILITIND,2/17/2016,2/25/2016,571.1799927,570.8946533
SUPREMEIND,2/17/2016,2/25/2016,618.5234985,596.5783691
TVSMOTOR,2/17/2016,2/25/2016,266.7871094,253.0766144
APOLLOHOSP,2/25/2016,3/4/2016,1396.471924,1363.027222
EICHERMOT,2/25/2016,3/4/2016,1638.296509,1670.366211
JSWSTEEL,2/25/2016,3/4/2016,99.26928711,104.5429535
NHPC,2/25/2016,3/4/2016,12.1739769,13.11284637
NIFTY200,2/25/2016,3/4/2016,3648.15,3918.05
PIDILITIND,2/25/2016,3/4/2016,570.8946533,567.8033447
SJVN,2/25/2016,3/4/2016,15.81864071,15.92945385
AARTIIND,3/4/2016,3/15/2016,114.5426788,116.5282745
BAJFINANCE,3/4/2016,3/15/2016,616.9264526,630.5220947
IGL,3/4/2016,3/15/2016,44.73485565,43.3769722
INFY,3/4/2016,3/15/2016,465.4437866,451.0310059
NIFTY200,3/4/2016,3/15/2016,3918.05,3904.35
SUPREMEIND,3/4/2016,3/15/2016,679.6278076,697.607605
TVSMOTOR,3/4/2016,3/15/2016,272.5549622,270.2383423
AARTIIND,3/15/2016,3/23/2016,116.5282745,110.49263
BAJFINANCE,3/15/2016,3/23/2016,630.5220947,671.3496704
INFY,3/15/2016,3/23/2016,451.0310059,480.2145386
NIFTY200,3/15/2016,3/23/2016,3904.35,4033.95
SUPREMEIND,3/15/2016,3/23/2016,697.607605,703.2227783
TATAELXSI,3/15/2016,3/23/2016,873.0875244,871.8477783
TVSMOTOR,3/15/2016,3/23/2016,270.2383423,294.1550598
BAJFINANCE,3/23/2016,4/4/2016,671.3496704,670.9103394
HEROMOTOCO,3/23/2016,4/4/2016,2139.002686,2222.659424
MPHASIS,3/23/2016,4/4/2016,396.4507141,359.8126831
NIFTY200,3/23/2016,4/4/2016,4033.95,4064.2
SUPREMEIND,3/23/2016,4/4/2016,703.2227783,669.0750732
TVSMOTOR,3/23/2016,4/4/2016,294.1550598,308.318634
YESBANK,3/23/2016,4/4/2016,161.1028595,164.650238
ASHOKLEY,4/4/2016,4/12/2016,87.16808319,88.15772247
ASIANPAINT,4/4/2016,4/12/2016,827.2633057,809.2924194
BAJFINANCE,4/4/2016,4/12/2016,670.9103394,716.4013672
HEROMOTOCO,4/4/2016,4/12/2016,2222.659424,2273.128418
IGL,4/4/2016,4/12/2016,47.36261749,46.97286224
INDUSINDBK,4/4/2016,4/12/2016,909.0424194,916.2766724
NIFTY200,4/4/2016,4/12/2016,4064.2,4050.35
ASHOKLEY,4/12/2016,4/25/2016,88.15772247,83.88245392
BAJFINANCE,4/12/2016,4/25/2016,716.4013672,669.3623657
INDHOTEL,4/12/2016,4/25/2016,91.42698669,92.70599365
INDUSINDBK,4/12/2016,4/25/2016,916.2766724,928.9481812
JSWSTEEL,4/12/2016,4/25/2016,114.4421158,118.631073
KEI,4/12/2016,4/25/2016,100.7894058,96.65270996
NIFTY200,4/12/2016,4/25/2016,4050.35,4128.3
ASHOKLEY,4/25/2016,5/3/2016,83.88245392,83.16991425
BAJFINANCE,4/25/2016,5/3/2016,669.3623657,682.2196655
INDHOTEL,4/25/2016,5/3/2016,92.70599365,92.52957916
INDUSINDBK,4/25/2016,5/3/2016,928.9481812,981.3840332
JSWSTEEL,4/25/2016,5/3/2016,118.631073,119.6540375
NIFTY200,4/25/2016,5/3/2016,4128.3,4087.55
SUPREMEIND,4/25/2016,5/3/2016,715.8297119,729.0262451
ASHOKLEY,5/3/2016,5/11/2016,83.16991425,82.49693298
BAJFINANCE,5/3/2016,5/11/2016,682.2196655,730.7919312
CHAMBLFERT,5/3/2016,5/11/2016,50.6712532,51.77014923
INDHOTEL,5/3/2016,5/11/2016,92.52957916,92.83829498
JSWSTEEL,5/3/2016,5/11/2016,119.6540375,113.882103
NIFTY200,5/3/2016,5/11/2016,4087.55,4126.6
SUPREMEIND,5/3/2016,5/11/2016,729.0262451,760.0447998
ASHOKLEY,5/11/2016,5/19/2016,82.49693298,80.71557617
BAJFINANCE,5/11/2016,5/19/2016,730.7919312,755.7300415
INDHOTEL,5/11/2016,5/19/2016,92.83829498,99.67436981
JSWSTEEL,5/11/2016,5/19/2016,113.882103,116.4263535
NIFTY200,5/11/2016,5/19/2016,4126.6,4093.2
SUPREMEIND,5/11/2016,5/19/2016,760.0447998,806.663147
TRENT,5/11/2016,5/19/2016,167.3207092,173.5825958
ASHOKLEY,5/19/2016,5/27/2016,80.71557617,84.55541992
IGL,5/19/2016,5/27/2016,48.21339798,48.13795853
INDHOTEL,5/19/2016,5/27/2016,99.67436981,102.6293259
INDUSINDBK,5/19/2016,5/27/2016,1013.819336,1044.07959
JSWSTEEL,5/19/2016,5/27/2016,116.4263535,121.3163986
NIFTY200,5/19/2016,5/27/2016,4093.2,4265.05
SUPREMEIND,5/19/2016,5/27/2016,806.663147,829.56427
ABB,5/27/2016,6/6/2016,1091.397461,1057.322632
BOSCHLTD,5/27/2016,6/6/2016,19886.46875,20108.19141
INDHOTEL,5/27/2016,6/6/2016,102.6293259,108.6274414
JSWSTEEL,5/27/2016,6/6/2016,121.3163986,120.7696381
NIFTY200,5/27/2016,6/6/2016,4265.05,4283.95
OBEROIRLTY,5/27/2016,6/6/2016,258.925354,266.5036316
SUPREMEIND,5/27/2016,6/6/2016,829.56427,795.008606
INDHOTEL,6/6/2016,6/14/2016,108.6274414,109.9064255
INDUSINDBK,6/6/2016,6/14/2016,1060.770386,1056.041992
JSWSTEEL,6/6/2016,6/14/2016,120.7696381,124.0061798
NIFTY200,6/6/2016,6/14/2016,4283.95,4250
PETRONET,6/6/2016,6/14/2016,96.37528992,99.94606781
SUPREMEIND,6/6/2016,6/14/2016,795.008606,802.2189941
TATACOMM,6/6/2016,6/14/2016,243.6233673,244.1504059
BAJFINANCE,6/14/2016,6/22/2016,731.6758423,742.1403198
INDHOTEL,6/14/2016,6/22/2016,109.9064255,115.4634933
JSWSTEEL,6/14/2016,6/22/2016,124.0061798,122.6965561
NIFTY200,6/14/2016,6/22/2016,4250,4298.4
PEL,6/14/2016,6/22/2016,658.4151611,659.4291992
SUPREMEIND,6/14/2016,6/22/2016,802.2189941,794.0561523
TATACOMM,6/14/2016,6/22/2016,244.1504059,252.6105042
INDHOTEL,6/22/2016,6/30/2016,115.4634933,112.6849747
INDUSINDBK,6/22/2016,6/30/2016,1031.597412,1055.526123
JSWSTEEL,6/22/2016,6/30/2016,122.6965561,129.1387177
NIFTY200,6/22/2016,6/30/2016,4298.4,4358.75
PETRONET,6/22/2016,6/30/2016,103.8382416,105.0522995
SUPREMEIND,6/22/2016,6/30/2016,794.0561523,828.3852539
TATACOMM,6/22/2016,6/30/2016,252.6105042,266.5350037
BAJFINANCE,6/30/2016,7/11/2016,780.9755859,836.7213135
INDHOTEL,6/30/2016,7/11/2016,112.6849747,115.4194107
INDUSINDBK,6/30/2016,7/11/2016,1055.526123,1067.728027
JSWSTEEL,6/30/2016,7/11/2016,129.1387177,133.7397308
NIFTY200,6/30/2016,7/11/2016,4358.75,4467.6
SUPREMEIND,6/30/2016,7/11/2016,828.3852539,804.803833
TATACOMM,6/30/2016,7/11/2016,266.5350037,269.0592041
INDHOTEL,7/11/2016,7/19/2016,115.4194107,117.0953445
INDUSINDBK,7/11/2016,7/19/2016,1067.728027,1051.300659
JSWSTEEL,7/11/2016,7/19/2016,133.7397308,144.328125
NIFTY200,7/11/2016,7/19/2016,4467.6,4490
PETRONET,7/11/2016,7/19/2016,105.4093704,101.8386078
SUPREMEIND,7/11/2016,7/19/2016,804.803833,816.5491943
TATACOMM,7/11/2016,7/19/2016,269.0592041,256.9099121
BAJFINANCE,7/19/2016,7/27/2016,844.7892456,957.2316895
INDHOTEL,7/19/2016,7/27/2016,117.0953445,119.2564316
JSWSTEEL,7/19/2016,7/27/2016,144.328125,154.1763153
NIFTY200,7/19/2016,7/27/2016,4490,4559.15
NTPC,7/19/2016,7/27/2016,87.66095734,89.26038361
PETRONET,7/19/2016,7/27/2016,101.8386078,106.6055756
TATACOMM,7/19/2016,7/27/2016,256.9099121,254.8661194
BAJFINANCE,7/27/2016,8/4/2016,957.2316895,974.4587402
INDHOTEL,7/27/2016,8/4/2016,119.2564316,116.3896713
JSWSTEEL,7/27/2016,8/4/2016,154.1763153,151.5702515
NIFTY200,7/27/2016,8/4/2016,4559.15,4527.65
NTPC,7/27/2016,8/4/2016,89.26038361,89.26038361
PETRONET,7/27/2016,8/4/2016,106.6055756,111.6225204
TATACOMM,7/27/2016,8/4/2016,254.8661194,252.5010071
BAJFINANCE,8/4/2016,8/12/2016,974.4587402,992.5117798
INDHOTEL,8/4/2016,8/12/2016,116.3896713,112.3300781
JSWSTEEL,8/4/2016,8/12/2016,151.5702515,153.1791077
NIFTY200,8/4/2016,8/12/2016,4527.65,4594.1
NTPC,8/4/2016,8/12/2016,89.26038361,90.10222626
PETRONET,8/4/2016,8/12/2016,111.6225204,112.1759949
TATACOMM,8/4/2016,8/12/2016,252.5010071,269.9294434
BAJFINANCE,8/12/2016,8/23/2016,992.5117798,981.3936157
EICHERMOT,8/12/2016,8/23/2016,1946.645752,1919.458496
EXIDEIND,8/12/2016,8/23/2016,158.0744019,159.8556671
INDHOTEL,8/12/2016,8/23/2016,112.3300781,114.4962234
JSWSTEEL,8/12/2016,8/23/2016,153.1791077,155.8738556
MANAPPURAM,8/12/2016,8/23/2016,71.86485291,72.82385254
NIFTY200,8/12/2016,8/23/2016,4594.1,4592.9
BAJFINANCE,8/23/2016,8/31/2016,981.3936157,1076.247437
EICHERMOT,8/23/2016,8/31/2016,1919.458496,1984.089111
EXIDEIND,8/23/2016,8/31/2016,159.8556671,169.2643127
INDHOTEL,8/23/2016,8/31/2016,114.4962234,115.0267029
IOC,8/23/2016,8/31/2016,50.65827179,53.58721161
JSWSTEEL,8/23/2016,8/31/2016,155.8738556,155.3995972
NIFTY200,8/23/2016,8/31/2016,4592.9,4676.15
ASIANPAINT,8/31/2016,9/9/2016,1086.723633,1099.72229
BAJFINANCE,8/31/2016,9/9/2016,1076.247437,1127.503418
EICHERMOT,8/31/2016,9/9/2016,1984.089111,1999.271973
INDHOTEL,8/31/2016,9/9/2016,115.0267029,114.9824982
JSWSTEEL,8/31/2016,9/9/2016,155.3995972,161.6666412
MANAPPURAM,8/31/2016,9/9/2016,71.6479187,75.42769623
NIFTY200,8/31/2016,9/9/2016,4676.15,4726.75
ASIANPAINT,9/9/2016,9/20/2016,1099.72229,1093.434204
BAJFINANCE,9/9/2016,9/20/2016,1127.503418,1050.775879
EICHERMOT,9/9/2016,9/20/2016,1999.271973,2043.116821
INDHOTEL,9/9/2016,9/20/2016,114.9824982,111.4017334
JSWSTEEL,9/9/2016,9/20/2016,161.6666412,156.1752167
MANAPPURAM,9/9/2016,9/20/2016,75.42769623,80.80335236
NIFTY200,9/9/2016,9/20/2016,4726.75,4672.65
ASIANPAINT,9/20/2016,9/28/2016,1093.434204,1120.13562
BAJFINANCE,9/20/2016,9/28/2016,1050.775879,1081.124634
EICHERMOT,9/20/2016,9/28/2016,2043.116821,2248.820801
EXIDEIND,9/20/2016,9/28/2016,178.2162323,173.6032562
JSWSTEEL,9/20/2016,9/28/2016,156.1752167,157.4073639
MANAPPURAM,9/20/2016,9/28/2016,80.80335236,82.35729218
NIFTY200,9/20/2016,9/28/2016,4672.65,4682.15
BAJFINANCE,9/28/2016,10/6/2016,1081.124634,1052.926025
EICHERMOT,9/28/2016,10/6/2016,2248.820801,2288.440186
EXIDEIND,9/28/2016,10/6/2016,173.6032562,176.3436432
INDHOTEL,9/28/2016,10/6/2016,115.4245682,115.8666306
JSWSTEEL,9/28/2016,10/6/2016,157.4073639,156.2372742
MANAPPURAM,9/28/2016,10/6/2016,82.35729218,77.94754028
NIFTY200,9/28/2016,10/6/2016,4682.15,4688.7
ASIANPAINT,10/6/2016,10/18/2016,1135.151611,1102.303467
BAJFINANCE,10/6/2016,10/18/2016,1052.926025,1092.120605
EICHERMOT,10/6/2016,10/18/2016,2288.440186,2186.25293
EXIDEIND,10/6/2016,10/18/2016,176.3436432,176.6176758
JSWSTEEL,10/6/2016,10/18/2016,156.2372742,158.0145416
MANAPPURAM,10/6/2016,10/18/2016,77.94754028,85.42312622
NIFTY200,10/6/2016,10/18/2016,4688.7,4671
BAJAJFINSV,10/18/2016,10/26/2016,331.484436,331.6788025
BAJFINANCE,10/18/2016,10/26/2016,1092.120605,1122.469604
EICHERMOT,10/18/2016,10/26/2016,2186.25293,2129.540771
EXIDEIND,10/18/2016,10/26/2016,176.6176758,184.9758301
JSWSTEEL,10/18/2016,10/26/2016,158.0145416,147.8782654
MANAPPURAM,10/18/2016,10/26/2016,85.42312622,87.01902771
NIFTY200,10/18/2016,10/26/2016,4671,4641.5
BAJFINANCE,10/26/2016,11/4/2016,1122.469604,970.7250977
EICHERMOT,10/26/2016,11/4/2016,2129.540771,2086.891113
EXIDEIND,10/26/2016,11/4/2016,184.9758301,173.8685455
MANAPPURAM,10/26/2016,11/4/2016,87.01902771,82.60928345
MARUTI,10/26/2016,11/4/2016,5406.537598,5255.232422
NIFTY200,10/26/2016,11/4/2016,4641.5,4519.85
YESBANK,10/26/2016,11/4/2016,247.1708527,229.1347351
EICHERMOT,11/4/2016,11/15/2016,2086.891113,1768.700195
EXIDEIND,11/4/2016,11/15/2016,173.8685455,159.1799622
IOC,11/4/2016,11/15/2016,57.84999084,54.03113556
MANAPPURAM,11/4/2016,11/15/2016,82.60928345,62.91240311
MARUTI,11/4/2016,11/15/2016,5255.232422,4464.625
NIFTY200,11/4/2016,11/15/2016,4519.85,4312.8
TATACOMM,11/4/2016,11/15/2016,349.2723999,340.0091858
HINDALCO,11/15/2016,11/23/2016,159.5794525,165.239624
JSWSTEEL,11/15/2016,11/23/2016,150.1475067,146.3713379
NIFTY200,11/15/2016,11/23/2016,4312.8,4293.5
NMDC,11/15/2016,11/23/2016,10.25407982,10.01449871
PETRONET,11/15/2016,11/23/2016,129.6895294,135.4439392
TATACOMM,11/15/2016,11/23/2016,340.0091858,357.8599243
TATASTEEL,11/15/2016,11/23/2016,14.17166615,14.15904999
IOC,11/23/2016,12/1/2016,56.41319656,56.30921555
NIFTY200,11/23/2016,12/1/2016,4293.5,4386.15
NMDC,11/23/2016,12/1/2016,10.01449871,10.25843716
ONGC,11/23/2016,12/1/2016,119.1009064,124.313385
TATACOMM,11/23/2016,12/1/2016,357.8599243,374.7252502
TATASTEEL,11/23/2016,12/1/2016,14.15904999,14.76839161
VEDL,11/23/2016,12/1/2016,74.75160217,78.23401642
MARUTI,12/1/2016,12/9/2016,4838.165039,4822.412598
NIFTY200,12/1/2016,12/9/2016,4386.15,4426.75
NMDC,12/1/2016,12/9/2016,10.25843716,11.02509594
NTPC,12/1/2016,12/9/2016,91.85673523,93.07657623
TATACOMM,12/1/2016,12/9/2016,374.7252502,360.7037048
TATASTEEL,12/1/2016,12/9/2016,14.76839161,15.52375317
VEDL,12/1/2016,12/9/2016,78.23401642,84.62998962
EICHERMOT,12/9/2016,12/19/2016,1992.234497,1883.785645
HINDALCO,12/9/2016,12/19/2016,173.2304993,160.9112549
MARUTI,12/9/2016,12/19/2016,4822.412598,4711.916016
NIFTY200,12/9/2016,12/19/2016,4426.75,4329
ONGC,12/9/2016,12/19/2016,130.5471649,128.547287
TATACOMM,12/9/2016,12/19/2016,360.7037048,362.8717041
YESBANK,12/9/2016,12/19/2016,233.6653137,226.0121765
HINDALCO,12/19/2016,12/27/2016,160.9112549,147.9736481
IOC,12/19/2016,12/27/2016,57.6703949,59.98628998
NIFTY200,12/19/2016,12/27/2016,4329,4266.3
ONGC,12/19/2016,12/27/2016,128.547287,121.4624863
PETRONET,12/19/2016,12/27/2016,139.2022552,128.7184906
TATACOMM,12/19/2016,12/27/2016,362.8717041,348.7374268
VEDL,12/19/2016,12/27/2016,78.35469818,74.01027679
APLAPOLLO,12/27/2016,1/4/2017,86.60051727,90.55224609
MARUTI,12/27/2016,1/4/2017,4812.279297,5068.507813
NIFTY200,12/27/2016,1/4/2017,4266.3,4377.85
OIL,12/27/2016,1/4/2017,90.60227966,94.84049225
ONGC,12/27/2016,1/4/2017,121.4624863,124.3346939
TATACOMM,12/27/2016,1/4/2017,348.7374268,352.3413696
VEDL,12/27/2016,1/4/2017,74.01027679,74.75160217
BAJAJFINSV,1/4/2017,1/12/2017,295.0919189,300.8475342
EICHERMOT,1/4/2017,1/12/2017,1935.73584,1990.677612
EXIDEIND,1/4/2017,1/12/2017,167.6984406,169.8165131
NIFTY200,1/4/2017,1/12/2017,4377.85,4505.2
OIL,1/4/2017,1/12/2017,94.84049225,96.09395599
ONGC,1/4/2017,1/12/2017,124.3346939,127.3664551
PETRONET,1/4/2017,1/12/2017,134.8684845,133.5557709
BAJAJFINSV,1/12/2017,1/20/2017,300.8475342,305.3722839
EICHERMOT,1/12/2017,1/20/2017,1990.677612,1987.420776
EXIDEIND,1/12/2017,1/20/2017,169.8165131,179.1177521
NIFTY200,1/12/2017,1/20/2017,4505.2,4482.55
ONGC,1/12/2017,1/20/2017,127.3664551,125.9303665
PETRONET,1/12/2017,1/20/2017,133.5557709,130.5706635
TATACOMM,1/12/2017,1/20/2017,378.3291931,379.6243591
BAJAJFINSV,1/20/2017,1/31/2017,305.3722839,323.4963074
EICHERMOT,1/20/2017,1/31/2017,1987.420776,2008.289917
EXIDEIND,1/20/2017,1/31/2017,179.1177521,181.6963348
MARUTI,1/20/2017,1/31/2017,5222.161133,5429.706055
NIFTY200,1/20/2017,1/31/2017,4482.55,4594.1
OIL,1/20/2017,1/31/2017,90.9000473,91.31554413
ONGC,1/20/2017,1/31/2017,125.9303665,129.2812653
BAJAJFINSV,1/31/2017,2/8/2017,323.4963074,365.0714417
EXIDEIND,1/31/2017,2/8/2017,181.6963348,192.7472839
MARUTI,1/31/2017,2/8/2017,5429.706055,5706.429199
NIFTY200,1/31/2017,2/8/2017,4594.1,4731.05
ONGC,1/31/2017,2/8/2017,129.2812653,125.4983139
PETRONET,1/31/2017,2/8/2017,134.4908447,134.8145294
VEDL,1/31/2017,2/8/2017,87.26765442,87.00907135
BAJAJFINSV,2/8/2017,2/16/2017,365.0714417,365.8887024
EXIDEIND,2/8/2017,2/16/2017,192.7472839,193.806366
MARUTI,2/8/2017,2/16/2017,5706.429199,5549.73584
NIFTY200,2/8/2017,2/16/2017,4731.05,4729.6
OIL,2/8/2017,2/16/2017,93.3238678,95.32121277
ONGC,2/8/2017,2/16/2017,125.4983139,125.3046951
VEDL,2/8/2017,2/16/2017,87.00907135,90.75009155
BAJAJFINSV,2/16/2017,2/27/2017,365.8887024,382.3731995
EXIDEIND,2/16/2017,2/27/2017,193.806366,192.1486969
MARUTI,2/16/2017,2/27/2017,5549.73584,5482.443848
NIFTY200,2/16/2017,2/27/2017,4729.6,4794.55
OIL,2/16/2017,2/27/2017,95.32121277,93.48399353
PAGEIND,2/16/2017,2/27/2017,13315.93945,13147.56055
YESBANK,2/16/2017,2/27/2017,275.2739563,272.3908386
BAJAJFINSV,2/27/2017,3/7/2017,382.3731995,379.2337952
EXIDEIND,2/27/2017,3/7/2017,192.1486969,197.2136841
IOC,2/27/2017,3/7/2017,75.53184509,74.12260437
NIFTY200,2/27/2017,3/7/2017,4794.55,4809.9
NMDC,2/27/2017,3/7/2017,12.58019924,12.82849312
OIL,2/27/2017,3/7/2017,93.48399353,95.43515015
PAGEIND,2/27/2017,3/7/2017,13147.56055,13330.69922
BAJAJFINSV,3/7/2017,3/16/2017,379.2337952,402.6499939
EXIDEIND,3/7/2017,3/16/2017,197.2136841,204.5349579
NIFTY200,3/7/2017,3/16/2017,4809.9,4929.05
NMDC,3/7/2017,3/16/2017,12.82849312,13.59228325
OIL,3/7/2017,3/16/2017,95.43515015,96.13298798
RECLTD,3/7/2017,3/16/2017,62.50602341,65.13976288
TATACONSUM,3/7/2017,3/16/2017,130.7377472,132.5236816
BAJAJFINSV,3/16/2017,3/24/2017,402.6499939,411.5499878
EXIDEIND,3/16/2017,3/24/2017,204.5349579,198.595108
NIFTY200,3/16/2017,3/24/2017,4929.05,4911.3
OIL,3/16/2017,3/24/2017,96.13298798,94.79425049
RECLTD,3/16/2017,3/24/2017,65.13976288,69.90461731
TATACONSUM,3/16/2017,3/24/2017,132.5236816,138.4309235
TVSMOTOR,3/16/2017,3/24/2017,419.2674255,408.4606018
BAJAJFINSV,3/24/2017,4/3/2017,411.5499878,408.4504395
EXIDEIND,3/24/2017,4/3/2017,198.595108,211.8102112
NIFTY200,3/24/2017,4/3/2017,4911.3,4989.75
NMDC,3/24/2017,4/3/2017,13.48890018,13.16890907
PETRONET,3/24/2017,4/3/2017,142.6549072,148.8768463
RECLTD,3/24/2017,4/3/2017,69.90461731,72.29708099
TVSMOTOR,3/24/2017,4/3/2017,408.4606018,417.0678406
BAJAJFINSV,4/3/2017,4/12/2017,408.4504395,448.7846985
EXIDEIND,4/3/2017,4/12/2017,211.8102112,209.6460571
HDFCBANK,4/3/2017,4/12/2017,673.3496094,678.2827148
NIFTY200,4/3/2017,4/12/2017,4989.75,4998.3
NMDC,4/3/2017,4/12/2017,13.16890907,13.16890907
RECLTD,4/3/2017,4/12/2017,72.29708099,83.1335907
TVSMOTOR,4/3/2017,4/12/2017,417.0678406,454.3657837
BAJAJFINSV,4/12/2017,4/21/2017,448.7846985,428.9614258
EXIDEIND,4/12/2017,4/21/2017,209.6460571,215.9082489
JSL,4/12/2017,4/21/2017,77.73947144,72.62567902
NIFTY200,4/12/2017,4/21/2017,4998.3,4971.1
NMDC,4/12/2017,4/21/2017,13.16890907,12.71599865
RECLTD,4/12/2017,4/21/2017,83.1335907,82.38973236
TVSMOTOR,4/12/2017,4/21/2017,454.3657837,461.1081238
BAJAJFINSV,4/21/2017,5/2/2017,428.9614258,455.0834656
EXIDEIND,4/21/2017,5/2/2017,215.9082489,212.6390381
HDFCBANK,4/21/2017,5/2/2017,703.1364136,723.8085327
NIFTY200,4/21/2017,5/2/2017,4971.1,5083.1
RECLTD,4/21/2017,5/2/2017,82.38973236,85.54619598
TATACONSUM,4/21/2017,5/2/2017,138.5682983,144.4297485
TVSMOTOR,4/21/2017,5/2/2017,461.1081238,473.8754883
BAJAJFINSV,5/2/2017,5/10/2017,455.0834656,437.6720886
EXIDEIND,5/2/2017,5/10/2017,212.6390381,227.4657593
HDFCBANK,5/2/2017,5/10/2017,723.8085327,729.0706787
NIFTY200,5/2/2017,5/10/2017,5083.1,5133.9
RECLTD,5/2/2017,5/10/2017,85.54619598,87.85825348
TATACONSUM,5/2/2017,5/10/2017,144.4297485,141.8195648
TVSMOTOR,5/2/2017,5/10/2017,473.8754883,472.9669495
BAJAJFINSV,5/10/2017,5/18/2017,437.6720886,430.4513855
BRITANNIA,5/10/2017,5/18/2017,1653.978027,1584.521729
EXIDEIND,5/10/2017,5/18/2017,227.4657593,220.8811951
LTF,5/10/2017,5/18/2017,116.5287628,111.6806183
NIFTY200,5/10/2017,5/18/2017,5133.9,5113.25
RECLTD,5/10/2017,5/18/2017,87.85825348,87.93865204
TVSMOTOR,5/10/2017,5/18/2017,472.9669495,504.7180786
APLAPOLLO,5/18/2017,5/26/2017,134.9994659,135.7801666
BAJAJFINSV,5/18/2017,5/26/2017,430.4513855,399.3909302
EXIDEIND,5/18/2017,5/26/2017,220.8811951,214.8952484
LTF,5/18/2017,5/26/2017,111.6806183,113.2822342
NIFTY200,5/18/2017,5/26/2017,5113.25,5161.15
RECLTD,5/18/2017,5/26/2017,87.93865204,82.1685791
TVSMOTOR,5/18/2017,5/26/2017,504.7180786,511.2691956
APLAPOLLO,5/26/2017,6/5/2017,135.7801666,141.7703857
EXIDEIND,5/26/2017,6/5/2017,214.8952484,209.415802
HDFCBANK,5/26/2017,6/5/2017,763.9313965,768.4182739
LTF,5/26/2017,6/5/2017,113.2822342,114.4076996
NIFTY200,5/26/2017,6/5/2017,5161.15,5220.8
RECLTD,5/26/2017,6/5/2017,82.1685791,75.75512695
TVSMOTOR,5/26/2017,6/5/2017,511.2691956,518.7286987
BAJAJFINSV,6/5/2017,6/13/2017,429.031189,416.2840881
HDFCBANK,6/5/2017,6/13/2017,768.4182739,787.7514038
KEI,6/5/2017,6/13/2017,213.1908417,209.0853577
LTF,6/5/2017,6/13/2017,114.4076996,114.9704361
NIFTY200,6/5/2017,6/13/2017,5220.8,5196.55
TVSMOTOR,6/5/2017,6/13/2017,518.7286987,531.3526611
UPL,6/5/2017,6/13/2017,536.4342041,520.6431274
ADANIENT,6/13/2017,6/21/2017,70.62570953,70.33231354
BAJAJFINSV,6/13/2017,6/21/2017,416.2840881,425.4083862
HDFCBANK,6/13/2017,6/21/2017,787.7514038,798.0874634
LTF,6/13/2017,6/21/2017,114.9704361,126.7012329
MARUTI,6/13/2017,6/21/2017,6769.755371,6695.369629
NIFTY200,6/13/2017,6/21/2017,5196.55,5213.9
TVSMOTOR,6/13/2017,6/21/2017,531.3526611,522.1715088
ADANIENT,6/21/2017,6/30/2017,70.33231354,70.73238373
HDFCBANK,6/21/2017,6/30/2017,798.0874634,781.3276978
LTF,6/21/2017,6/30/2017,126.7012329,124.926445
NIFTY200,6/21/2017,6/30/2017,5213.9,5148.5
TVSMOTOR,6/21/2017,6/30/2017,522.1715088,525.2319946
UPL,6/21/2017,6/30/2017,531.1603394,519.5683594
VEDL,6/21/2017,6/30/2017,87.98635864,91.83989716
ADANIENT,6/30/2017,7/10/2017,70.73238373,71.93260193
APLAPOLLO,6/30/2017,7/10/2017,149.3076019,154.2713165
HDFCBANK,6/30/2017,7/10/2017,781.3276978,792.8203125
LTF,6/30/2017,7/10/2017,124.926445,129.4283142
NIFTY200,6/30/2017,7/10/2017,5148.5,5286.85
TVSMOTOR,6/30/2017,7/10/2017,525.2319946,546.2241211
UPL,6/30/2017,7/10/2017,519.5683594,525.9979858
ADANIENT,7/10/2017,7/18/2017,71.93260193,73.53287506
APLAPOLLO,7/10/2017,7/18/2017,154.2713165,152.3822327
HDFCBANK,7/10/2017,7/18/2017,792.8203125,796.2255249
JSL,7/10/2017,7/18/2017,76.31349182,75.18256378
LTF,7/10/2017,7/18/2017,129.4283142,128.0864258
NIFTY200,7/10/2017,7/18/2017,5286.85,5313.55
TVSMOTOR,7/10/2017,7/18/2017,546.2241211,546.4631348
ADANIENT,7/18/2017,7/26/2017,73.53287506,75.07981873
APLAPOLLO,7/18/2017,7/26/2017,152.3822327,153.9918365
GODREJPROP,7/18/2017,7/26/2017,506.3500061,514.2999878
HDFCBANK,7/18/2017,7/26/2017,796.2255249,826.4940186
LTF,7/18/2017,7/26/2017,128.0864258,139.5141754
NIFTY200,7/18/2017,7/26/2017,5313.55,5413.05
TVSMOTOR,7/18/2017,7/26/2017,546.4631348,545.697937
ADANIENT,7/26/2017,8/3/2017,75.07981873,73.87049103
APLAPOLLO,7/26/2017,8/3/2017,153.9918365,151.4087372
HDFCBANK,7/26/2017,8/3/2017,826.4940186,841.8173828
LTF,7/26/2017,8/3/2017,139.5141754,147.9551697
NIFTY200,7/26/2017,8/3/2017,5413.05,5408.35
PHOENIXLTD,7/26/2017,8/3/2017,241.8497467,233.0858612
TVSMOTOR,7/26/2017,8/3/2017,545.697937,561.095459
ADANIENT,8/3/2017,8/11/2017,73.87049103,60.97332764
APLAPOLLO,8/3/2017,8/11/2017,151.4087372,149.9871063
BRITANNIA,8/3/2017,8/11/2017,1736.32019,1838.510864
HDFCBANK,8/3/2017,8/11/2017,841.8173828,827.2033691
LTF,8/3/2017,8/11/2017,147.9551697,141.8084106
NIFTY200,8/3/2017,8/11/2017,5408.35,5230.4
PHOENIXLTD,8/3/2017,8/11/2017,233.0858612,239.0087128
APLAPOLLO,8/11/2017,8/22/2017,149.9871063,146.5606537
BRITANNIA,8/11/2017,8/22/2017,1838.510864,1881.941772
HDFCBANK,8/11/2017,8/22/2017,827.2033691,826.2338257
LTF,8/11/2017,8/22/2017,141.8084106,147.3708496
NIFTY200,8/11/2017,8/22/2017,5230.4,5268.05
PHOENIXLTD,8/11/2017,8/22/2017,239.0087128,260.0516663
VEDL,8/11/2017,8/22/2017,102.9211807,108.0653915
BAJFINANCE,8/22/2017,8/31/2017,1649.145874,1746.160156
BRITANNIA,8/22/2017,8/31/2017,1881.941772,1896.329102
HDFCBANK,8/22/2017,8/31/2017,826.2338257,840.1620483
LTF,8/22/2017,8/31/2017,147.3708496,174.2011261
NIFTY200,8/22/2017,8/31/2017,5268.05,5377.6
VEDL,8/22/2017,8/31/2017,108.0653915,113.9102554
WIPRO,8/22/2017,8/31/2017,102.4032516,105.5256042
ADANIENT,8/31/2017,9/8/2017,71.08191681,68.42741394
BAJFINANCE,8/31/2017,9/8/2017,1746.160156,1853.267822
BRITANNIA,8/31/2017,9/8/2017,1896.329102,1922.011353
HDFCBANK,8/31/2017,9/8/2017,840.1620483,845.4590454
LTF,8/31/2017,9/8/2017,174.2011261,176.0274963
NIFTY200,8/31/2017,9/8/2017,5377.6,5405.55
TVSMOTOR,8/31/2017,9/8/2017,577.3534546,607.239624
ADANIENT,9/8/2017,9/18/2017,68.42741394,70.17027283
BAJFINANCE,9/8/2017,9/18/2017,1853.267822,1873.307617
BRITANNIA,9/8/2017,9/18/2017,1922.011353,1966.921387
CESC,9/8/2017,9/18/2017,68.581604,69.7479248
HDFCBANK,9/8/2017,9/18/2017,845.4590454,879.8893433
LTF,9/8/2017,9/18/2017,176.0274963,182.5067749
NIFTY200,9/8/2017,9/18/2017,5405.55,5529.05
ADANIENT,9/18/2017,9/26/2017,70.17027283,63.601017
BRITANNIA,9/18/2017,9/26/2017,1966.921387,1938.930786
CESC,9/18/2017,9/26/2017,69.7479248,66.74125671
HDFCBANK,9/18/2017,9/26/2017,879.8893433,847.6582642
LTF,9/18/2017,9/26/2017,182.5067749,170.7658081
NIFTY200,9/18/2017,9/26/2017,5529.05,5354.05
PRESTIGE,9/18/2017,9/26/2017,257.8865967,259.4889832
BRITANNIA,9/26/2017,10/5/2017,1938.930786,1955.805664
HDFCBANK,9/26/2017,10/5/2017,847.6582642,850.6377563
LTF,9/26/2017,10/5/2017,170.7658081,168.2001801
NIFTY200,9/26/2017,10/5/2017,5354.05,5374.1
PRESTIGE,9/26/2017,10/5/2017,259.4889832,271.2883911
TVSMOTOR,9/26/2017,10/5/2017,618.5247803,626.4146729
WIPRO,9/26/2017,10/5/2017,102.4032516,100.057045
BAJFINANCE,10/5/2017,10/13/2017,1828.769165,1913.877319
BRITANNIA,10/5/2017,10/13/2017,1955.805664,2053.760498
HDFCBANK,10/5/2017,10/13/2017,850.6377563,875.3255005
INDUSINDBK,10/5/2017,10/13/2017,1609.718506,1668.38623
KOTAKBANK,10/5/2017,10/13/2017,1028.609375,1077.958008
LTF,10/5/2017,10/13/2017,168.2001801,177.9408569
NIFTY200,10/5/2017,10/13/2017,5374.1,5516.15
BAJFINANCE,10/13/2017,10/24/2017,1913.877319,1789.424438
BRITANNIA,10/13/2017,10/24/2017,2053.760498,2073.324463
HDFCBANK,10/13/2017,10/24/2017,875.3255005,883.0344238
INDUSINDBK,10/13/2017,10/24/2017,1668.38623,1586.937622
KOTAKBANK,10/13/2017,10/24/2017,1077.958008,1061.37561
LTF,10/13/2017,10/24/2017,177.9408569,183.9417725
NIFTY200,10/13/2017,10/24/2017,5516.15,5544.6
BAJFINANCE,10/24/2017,11/1/2017,1789.424438,1770.511597
BRITANNIA,10/24/2017,11/1/2017,2073.324463,2105.326904
HDFCBANK,10/24/2017,11/1/2017,883.0344238,861.3262939
KOTAKBANK,10/24/2017,11/1/2017,1061.37561,1020.193481
LTF,10/24/2017,11/1/2017,183.9417725,174.6359863
NIFTY200,10/24/2017,11/1/2017,5544.6,5691.45
TVSMOTOR,10/24/2017,11/1/2017,663.9995117,678.201416
BAJFINANCE,11/1/2017,11/9/2017,1770.511597,1717.839722
BRITANNIA,11/1/2017,11/9/2017,2105.326904,2132.532471
GRASIM,11/1/2017,11/9/2017,1197.195068,1177.998535
HDFCBANK,11/1/2017,11/9/2017,861.3262939,864.4713745
KOTAKBANK,11/1/2017,11/9/2017,1020.193481,1001.270508
NIFTY200,11/1/2017,11/9/2017,5691.45,5632.7
TVSMOTOR,11/1/2017,11/9/2017,678.201416,665.9281616
BRITANNIA,11/9/2017,11/17/2017,2132.532471,2128.991699
HDFCBANK,11/9/2017,11/17/2017,864.4713745,863.383667
IGL,11/9/2017,11/17/2017,132.9608459,129.4646606
JINDALSTEL,11/9/2017,11/17/2017,162.3317566,162.7763824
NIFTY200,11/9/2017,11/17/2017,5632.7,5628.05
TITAN,11/9/2017,11/17/2017,749.6880493,757.7832642
TVSMOTOR,11/9/2017,11/17/2017,665.9281616,679.3070068
BRITANNIA,11/17/2017,11/27/2017,2128.991699,2149.990234
HDFCBANK,11/17/2017,11/27/2017,863.383667,878.5178223
IGL,11/17/2017,11/27/2017,129.4646606,133.9474487
KOTAKBANK,11/17/2017,11/27/2017,1019.048157,1032.244263
NIFTY200,11/17/2017,11/27/2017,5628.05,5699.2
TVSMOTOR,11/17/2017,11/27/2017,679.3070068,714.2171021
WIPRO,11/17/2017,11/27/2017,104.1320038,104.0085144
BRITANNIA,11/27/2017,12/5/2017,2149.990234,2134.280762
GODREJPROP,11/27/2017,12/5/2017,715.7999878,709.1500244
HDFCBANK,11/27/2017,12/5/2017,878.5178223,860.9716187
IGL,11/27/2017,12/5/2017,133.9474487,140.2748566
KOTAKBANK,11/27/2017,12/5/2017,1032.244263,995.7928467
NIFTY200,11/27/2017,12/5/2017,5699.2,5562.85
TVSMOTOR,11/27/2017,12/5/2017,714.2171021,707.3117676
BRITANNIA,12/5/2017,12/13/2017,2134.280762,2158.0354
GODREJPROP,12/5/2017,12/13/2017,709.1500244,704.4000244
HDFCBANK,12/5/2017,12/13/2017,860.9716187,861.3972168
JINDALSTEL,12/5/2017,12/13/2017,162.9245605,159.170105
NIFTY200,12/5/2017,12/13/2017,5562.85,5591.55
PRESTIGE,12/5/2017,12/13/2017,302.6562195,285.1271057
TITAN,12/5/2017,12/13/2017,763.8547974,789.2492065
BRITANNIA,12/13/2017,12/21/2017,2158.0354,2121.215576
HDFCBANK,12/13/2017,12/21/2017,861.3972168,883.6019287
JINDALSTEL,12/13/2017,12/21/2017,159.170105,183.1295929
MARUTI,12/13/2017,12/21/2017,8485.862305,8960.738281
NIFTY200,12/13/2017,12/21/2017,5591.55,5756.15
PRESTIGE,12/13/2017,12/21/2017,285.1271057,292.0708008
TITAN,12/13/2017,12/21/2017,789.2492065,827.3167725
BRITANNIA,12/21/2017,1/1/2018,2121.215576,2123.703125
HDFCBANK,12/21/2017,1/1/2018,883.6019287,877.0753174
MARUTI,12/21/2017,1/1/2018,8960.738281,8980.138672
NIFTY200,12/21/2017,1/1/2018,5756.15,5772.85
PRESTIGE,12/21/2017,1/1/2018,292.0708008,306.540802
TITAN,12/21/2017,1/1/2018,827.3167725,821.5343018
TVSMOTOR,12/21/2017,1/1/2018,745.0031738,735.0767822
ASTRAL,1/1/2018,1/9/2018,372.5524292,378.5717773
BRITANNIA,1/1/2018,1/9/2018,2123.703125,2080.540771
HDFCBANK,1/1/2018,1/9/2018,877.0753174,881.4263916
IGL,1/1/2018,1/9/2018,145.7442627,138.5803833
MARUTI,1/1/2018,1/9/2018,8980.138672,8730.464844
NIFTY200,1/1/2018,1/9/2018,5772.85,5895.55
PRESTIGE,1/1/2018,1/9/2018,306.540802,324.1184692
HDFCBANK,1/9/2018,1/17/2018,881.4263916,894.1013184
IGL,1/9/2018,1/17/2018,138.5803833,135.0198975
MARUTI,1/9/2018,1/17/2018,8730.464844,8665.663086
NIFTY200,1/9/2018,1/17/2018,5895.55,5934.55
PRESTIGE,1/9/2018,1/17/2018,324.1184692,311.4450684
TITAN,1/9/2018,1/17/2018,899.1149292,860.710022
TVSMOTOR,1/9/2018,1/17/2018,738.9609375,700.1188354
ASTRAL,1/17/2018,1/25/2018,375.1386108,361.8291016
BRITANNIA,1/17/2018,1/25/2018,2128.879639,2073.212891
HDFCBANK,1/17/2018,1/25/2018,894.1013184,934.0414429
MARUTI,1/17/2018,1/25/2018,8665.663086,8632.447266
NIFTY200,1/17/2018,1/25/2018,5934.55,6032.55
PRESTIGE,1/17/2018,1/25/2018,311.4450684,304.6470337
TITAN,1/17/2018,1/25/2018,860.710022,852.036377
ASHOKLEY,1/25/2018,2/5/2018,99.29296875,105.0167313
ASTRAL,1/25/2018,2/5/2018,361.8291016,355.2747192
CHAMBLFERT,1/25/2018,2/5/2018,130.7693787,120.7134171
HDFCBANK,1/25/2018,2/5/2018,934.0414429,905.1444702
MARUTI,1/25/2018,2/5/2018,8632.447266,8448.598633
NIFTY200,1/25/2018,2/5/2018,6032.55,5767.4
PRESTIGE,1/25/2018,2/5/2018,304.6470337,293.5274963
ASHOKLEY,2/5/2018,2/14/2018,105.0167313,111.5523682
HDFCBANK,2/5/2018,2/14/2018,905.1444702,890.6251831
HINDUNILVR,2/5/2018,2/14/2018,1225.459106,1219.719727
JINDALSTEL,2/5/2018,2/14/2018,256.4406738,266.8149414
JSWSTEEL,2/5/2018,2/14/2018,261.0801086,277.4844055
MARUTI,2/5/2018,2/14/2018,8448.598633,8375.09668
NIFTY200,2/5/2018,2/14/2018,5767.4,5730.45
ASHOKLEY,2/14/2018,2/22/2018,111.5523682,107.4523773
BRITANNIA,2/14/2018,2/22/2018,2135.311279,2176.411377
CHAMBLFERT,2/14/2018,2/22/2018,133.2727356,130.7269135
HDFCBANK,2/14/2018,2/22/2018,890.6251831,876.4604492
NIFTY200,2/14/2018,2/22/2018,5730.45,5626.55
PRESTIGE,2/14/2018,2/22/2018,303.2874756,308.6772766
TATASTEEL,2/14/2018,2/22/2018,27.27119255,24.55755615
ASHOKLEY,2/22/2018,3/5/2018,107.4523773,113.7850189
BRITANNIA,2/22/2018,3/5/2018,2176.411377,2197.297852
CHAMBLFERT,2/22/2018,3/5/2018,130.7269135,138.8310699
JINDALSTEL,2/22/2018,3/5/2018,247.252121,235.1982727
JSWSTEEL,2/22/2018,3/5/2018,266.8619385,261.4386597
NIFTY200,2/22/2018,3/5/2018,5626.55,5620.45
PRESTIGE,2/22/2018,3/5/2018,308.6772766,320.2339172
ASHOKLEY,3/5/2018,3/13/2018,113.7850189,121.7008591
ASTRAL,3/5/2018,3/13/2018,385.2599792,388.6931763
BRITANNIA,3/5/2018,3/13/2018,2197.297852,2182.731201
JINDALSTEL,3/5/2018,3/13/2018,235.1982727,227.1458893
JSWSTEEL,3/5/2018,3/13/2018,261.4386597,272.0611267
NIFTY200,3/5/2018,3/13/2018,5620.45,5643.8
PRESTIGE,3/5/2018,3/13/2018,320.2339172,287.7006226
ASHOKLEY,3/13/2018,3/21/2018,121.7008591,119.7523575
BRITANNIA,3/13/2018,3/21/2018,2182.731201,2166.820557
CHAMBLFERT,3/13/2018,3/21/2018,136.7095642,143.922699
CHOLAFIN,3/13/2018,3/21/2018,282.3908997,282.6350098
JSWSTEEL,3/13/2018,3/21/2018,272.0611267,258.5253296
NIFTY200,3/13/2018,3/21/2018,5643.8,5516.1
TITAN,3/13/2018,3/21/2018,821.0524902,840.616272
BRITANNIA,3/21/2018,4/2/2018,2166.820557,2289.000488
CHOLAFIN,3/21/2018,4/2/2018,282.6350098,287.7314758
JUBLFOOD,3/21/2018,4/2/2018,216.863266,231.4773254
NIFTY200,3/21/2018,4/2/2018,5516.1,5565.9
OBEROIRLTY,3/21/2018,4/2/2018,490.5786133,489.4070435
SHRIRAMFIN,3/21/2018,4/2/2018,189.9007874,199.5932617
TITAN,3/21/2018,4/2/2018,840.616272,909.8604736
BRITANNIA,4/2/2018,4/10/2018,2289.000488,2301.19165
CHOLAFIN,4/2/2018,4/10/2018,287.7314758,305.4328003
JSWSTEEL,4/2/2018,4/10/2018,265.8310852,279.0979614
NIFTY200,4/2/2018,4/10/2018,5565.9,5684.05
OBEROIRLTY,4/2/2018,4/10/2018,489.4070435,520.1109619
SHRIRAMFIN,4/2/2018,4/10/2018,199.5932617,212.2084808
TITAN,4/2/2018,4/10/2018,909.8604736,927.3521118
ASHOKLEY,4/10/2018,4/18/2018,117.966217,121.2949295
BRITANNIA,4/10/2018,4/18/2018,2301.19165,2403.113281
JSWSTEEL,4/10/2018,4/18/2018,279.0979614,277.8429565
JUBLFOOD,4/10/2018,4/18/2018,238.600174,244.3279114
NIFTY200,4/10/2018,4/18/2018,5684.05,5745.95
OBEROIRLTY,4/10/2018,4/18/2018,520.1109619,500.8294983
TITAN,4/10/2018,4/18/2018,927.3521118,941.6636353
BRITANNIA,4/18/2018,4/26/2018,2403.113281,2408.379639
CHAMBLFERT,4/18/2018,4/26/2018,151.432785,176.0422058
JUBLFOOD,4/18/2018,4/26/2018,244.3279114,248.1496887
M&M,4/18/2018,4/26/2018,740.0908203,795.5768433
NIFTY200,4/18/2018,4/26/2018,5745.95,5792.75
OBEROIRLTY,4/18/2018,4/26/2018,500.8294983,537.68396
TITAN,4/18/2018,4/26/2018,941.6636353,934.3392334
BRITANNIA,4/26/2018,5/7/2018,2408.379639,2452.886475
JUBLFOOD,4/26/2018,5/7/2018,248.1496887,255.9455261
M&M,4/26/2018,5/7/2018,795.5768433,821.0252686
NIFTY200,4/26/2018,5/7/2018,5792.75,5818.6
OBEROIRLTY,4/26/2018,5/7/2018,537.68396,505.9549561
TATACONSUM,4/26/2018,5/7/2018,274.6197205,277.4489136
TITAN,4/26/2018,5/7/2018,934.3392334,933.8092041
BRITANNIA,5/7/2018,5/15/2018,2452.886475,2444.86377
JSWSTEEL,5/7/2018,5/15/2018,292.0511169,299.8946838
JUBLFOOD,5/7/2018,5/15/2018,255.9455261,235.8345642
NIFTY200,5/7/2018,5/15/2018,5818.6,5802.7
OBEROIRLTY,5/7/2018,5/15/2018,505.9549561,518.7929688
SHRIRAMFIN,5/7/2018,5/15/2018,213.4319153,199.9671021
TITAN,5/7/2018,5/15/2018,933.8092041,897.2355347
BRITANNIA,5/15/2018,5/23/2018,2444.86377,2561.800049
CHOLAFIN,5/15/2018,5/23/2018,307.9908752,291.09021
DIVISLAB,5/15/2018,5/23/2018,1083.279541,1030.050537
JUBLFOOD,5/15/2018,5/23/2018,235.8345642,252.0304108
NIFTY200,5/15/2018,5/23/2018,5802.7,5614.35
OBEROIRLTY,5/15/2018,5/23/2018,518.7929688,487.8450317
TITAN,5/15/2018,5/23/2018,897.2355347,886.730835
BRITANNIA,5/23/2018,5/31/2018,2561.800049,2655.138916
BSOFT,5/23/2018,5/31/2018,143.8184967,154.3159943
COFORGE,5/23/2018,5/31/2018,982.1843872,1021.837585
JUBLFOOD,5/23/2018,5/31/2018,252.0304108,246.4598541
M&M,5/23/2018,5/31/2018,771.1481323,855.6518555
NIFTY200,5/23/2018,5/31/2018,5614.35,5772.75
TATAELXSI,5/23/2018,5/31/2018,1102.172241,1135.395996
BRITANNIA,5/31/2018,6/8/2018,2655.138916,2652.314941
BSOFT,5/31/2018,6/8/2018,154.3159943,152.0327148
EXIDEIND,5/31/2018,6/8/2018,241.8833923,240.7191925
JUBLFOOD,5/31/2018,6/8/2018,246.4598541,263.2255249
LT,5/31/2018,6/8/2018,1227.196533,1203.510498
M&M,5/31/2018,6/8/2018,855.6518555,845.1757202
NIFTY200,5/31/2018,6/8/2018,5772.75,5785.6
BRITANNIA,6/8/2018,6/18/2018,2652.314941,2722.391602
BSOFT,6/8/2018,6/18/2018,152.0327148,155.1791382
CHOLAFIN,6/8/2018,6/18/2018,305.8135681,314.7374573
EXIDEIND,6/8/2018,6/18/2018,240.7191925,234.7116699
JUBLFOOD,6/8/2018,6/18/2018,263.2255249,276.1399536
NIFTY200,6/8/2018,6/18/2018,5785.6,5789.15
OBEROIRLTY,6/8/2018,6/18/2018,503.874115,500.0517578
BRITANNIA,6/18/2018,6/26/2018,2722.391602,2711.679443
BSOFT,6/18/2018,6/26/2018,155.1791382,151.2530365
EXIDEIND,6/18/2018,6/26/2018,234.7116699,234.6650543
JUBLFOOD,6/18/2018,6/26/2018,276.1399536,276.3953552
M&M,6/18/2018,6/26/2018,847.2617188,832.5211792
NIFTY200,6/18/2018,6/26/2018,5789.15,5751.45
TECHM,6/18/2018,6/26/2018,580.0344238,561.5040894
BRITANNIA,6/26/2018,7/4/2018,2711.679443,2823.573975
BSOFT,6/26/2018,7/4/2018,151.2530365,153.424942
COFORGE,6/26/2018,7/4/2018,1015.068481,1016.669495
JUBLFOOD,6/26/2018,7/4/2018,276.3953552,280.767395
M&M,6/26/2018,7/4/2018,832.5211792,834.4678955
NIFTY200,6/26/2018,7/4/2018,5751.45,5734.1
TECHM,6/26/2018,7/4/2018,561.5040894,534.2800293
BRITANNIA,7/4/2018,7/12/2018,2823.573975,2871.03833
BSOFT,7/4/2018,7/12/2018,153.424942,166.8739624
COFORGE,7/4/2018,7/12/2018,1016.669495,1039.903198
EXIDEIND,7/4/2018,7/12/2018,244.3516083,248.3565674
JUBLFOOD,7/4/2018,7/12/2018,280.767395,279.9224548
M&M,7/4/2018,7/12/2018,834.4678955,855.9182739
NIFTY200,7/4/2018,7/12/2018,5734.1,5850.6
BRITANNIA,7/12/2018,7/20/2018,2871.03833,2849.748291
BSOFT,7/12/2018,7/20/2018,166.8739624,163.0035553
CHOLAFIN,7/12/2018,7/20/2018,306.0088806,297.2662964
INFY,7/12/2018,7/20/2018,550.5809326,573.4446411
JUBLFOOD,7/12/2018,7/20/2018,279.9224548,291.0831604
M&M,7/12/2018,7/20/2018,855.9182739,850.263916
NIFTY200,7/12/2018,7/20/2018,5850.6,5810.1
BSOFT,7/20/2018,7/30/2018,163.0035553,164.5350342
HINDUNILVR,7/20/2018,7/30/2018,1508.012329,1537.929199
INFY,7/20/2018,7/30/2018,573.4446411,574.6782227
JUBLFOOD,7/20/2018,7/30/2018,291.0831604,279.0185547
M&M,7/20/2018,7/30/2018,850.263916,872.227356
NIFTY200,7/20/2018,7/30/2018,5810.1,6011.6
TATAELXSI,7/20/2018,7/30/2018,1289.778687,1318.219727
BSOFT,7/30/2018,8/7/2018,164.5350342,169.2686462
HINDUNILVR,7/30/2018,8/7/2018,1537.929199,1575.587524
INFY,7/30/2018,8/7/2018,574.6782227,581.8883667
JUBLFOOD,7/30/2018,8/7/2018,279.0185547,293.0087585
M&M,7/30/2018,8/7/2018,872.227356,866.3859253
NIFTY200,7/30/2018,8/7/2018,6011.6,6061.45
TATAELXSI,7/30/2018,8/7/2018,1318.219727,1281.408569
BSOFT,8/7/2018,8/16/2018,169.2686462,165.3703766
HINDUNILVR,8/7/2018,8/16/2018,1575.587524,1582.281372
INFY,8/7/2018,8/16/2018,581.8883667,608.0913086
JUBLFOOD,8/7/2018,8/16/2018,293.0087585,296.6144409
M&M,8/7/2018,8/16/2018,866.3859253,889.050293
NIFTY200,8/7/2018,8/16/2018,6061.45,6051.65
TATAELXSI,8/7/2018,8/16/2018,1281.408569,1326.451294
BAJFINANCE,8/16/2018,8/27/2018,2804.115723,2896.535889
BSOFT,8/16/2018,8/27/2018,165.3703766,164.3344269
HINDUNILVR,8/16/2018,8/27/2018,1582.281372,1632.279541
INFY,8/16/2018,8/27/2018,608.0913086,602.0722656
JUBLFOOD,8/16/2018,8/27/2018,296.6144409,304.8572693
M&M,8/16/2018,8/27/2018,889.050293,912.6026001
NIFTY200,8/16/2018,8/27/2018,6051.65,6228.7
BAJFINANCE,8/27/2018,9/4/2018,2896.535889,2695.841797
BSOFT,8/27/2018,9/4/2018,164.3344269,169.3561707
HINDUNILVR,8/27/2018,9/4/2018,1632.279541,1503.777466
INFY,8/27/2018,9/4/2018,602.0722656,627.12677
JUBLFOOD,8/27/2018,9/4/2018,304.8572693,284.6677246
M&M,8/27/2018,9/4/2018,912.6026001,870.8253174
NIFTY200,8/27/2018,9/4/2018,6228.7,6124.75
BAJFINANCE,9/4/2018,9/12/2018,2695.841797,2546.340576
BSOFT,9/4/2018,9/12/2018,169.3561707,173.2494202
EXIDEIND,9/4/2018,9/12/2018,256.2399292,251.9427643
INFY,9/4/2018,9/12/2018,627.12677,632.0184937
JUBLFOOD,9/4/2018,9/12/2018,284.6677246,264.3012695
NIFTY200,9/4/2018,9/12/2018,6124.75,6039.35
TATAELXSI,9/4/2018,9/12/2018,1307.860718,1233.960938
BSOFT,9/12/2018,9/24/2018,173.2494202,156.1247864
COFORGE,9/12/2018,9/24/2018,1222.565796,1136.703491
DABUR,9/12/2018,9/24/2018,430.2441406,409.5939331
INFY,9/12/2018,9/24/2018,632.0184937,611.0475464
NIFTY200,9/12/2018,9/24/2018,6039.35,5788.45
PERSISTENT,9/12/2018,9/24/2018,391.5887451,379.3014221
TCS,9/12/2018,9/24/2018,1831.108154,1969.519531
DABUR,9/24/2018,10/3/2018,409.5939331,402.8684082
DIVISLAB,9/24/2018,10/3/2018,1292.850098,1242.911499
INFY,9/24/2018,10/3/2018,611.0475464,619.7677002
NIFTY200,9/24/2018,10/3/2018,5788.45,5695.65
RELIANCE,9/24/2018,10/3/2018,540.3692017,528.5490723
TCS,9/24/2018,10/3/2018,1969.519531,1937.626709
TECHM,9/24/2018,10/3/2018,627.3328857,626.2475586
DIVISLAB,10/3/2018,10/11/2018,1242.911499,1187.65625
INFY,10/3/2018,10/11/2018,619.7677002,572.8491211
JSWSTEEL,10/3/2018,10/11/2018,350.9031372,331.0424805
NIFTY200,10/3/2018,10/11/2018,5695.65,5384.55
SUNPHARMA,10/3/2018,10/11/2018,582.40979,550.3740845
TCS,10/3/2018,10/11/2018,1937.626709,1773.772461
TECHM,10/3/2018,10/11/2018,626.2475586,580.5823364
AARTIIND,10/11/2018,10/22/2018,304.4730835,296.7034302
ADANIENT,10/11/2018,10/22/2018,136.4397583,166.3538361
AUROPHARMA,10/11/2018,10/22/2018,726.6503296,729.2926025
DIVISLAB,10/11/2018,10/22/2018,1187.65625,1226.67688
DRREDDY,10/11/2018,10/22/2018,424.0582581,434.4743652
NIFTY200,10/11/2018,10/22/2018,5384.55,5392.05
WIPRO,10/11/2018,10/22/2018,111.170845,114.4202118
ADANIENT,10/22/2018,10/30/2018,166.3538361,166.8968353
BIOCON,10/22/2018,10/30/2018,331.4234619,314.6039124
COFORGE,10/22/2018,10/30/2018,1152.201538,1119.493896
DIVISLAB,10/22/2018,10/30/2018,1226.67688,1410.576294
DRREDDY,10/22/2018,10/30/2018,434.4743652,447.3909302
NIFTY200,10/22/2018,10/30/2018,5392.05,5398.85
SUNPHARMA,10/22/2018,10/30/2018,569.3236084,527.2503662
ADANIENT,10/30/2018,11/7/2018,166.8968353,163.6388702
BIOCON,10/30/2018,11/7/2018,314.6039124,311.1613159
COFORGE,10/30/2018,11/7/2018,1119.493896,1082.900635
DIVISLAB,10/30/2018,11/7/2018,1410.576294,1421.731812
DRREDDY,10/30/2018,11/7/2018,447.3909302,423.0149536
HAVELLS,10/30/2018,11/7/2018,609.9273071,623.1447144
NIFTY200,10/30/2018,11/7/2018,5398.85,5608.15
DIVISLAB,11/7/2018,11/16/2018,1421.731812,1479.835205
HCLTECH,11/7/2018,11/16/2018,431.705719,427.7927551
HINDUNILVR,11/7/2018,11/16/2018,1505.627808,1547.072754
NESTLEIND,11/7/2018,11/16/2018,949.9690552,993.3618774
NIFTY200,11/7/2018,11/16/2018,5608.15,5649.1
SRF,11/7/2018,11/16/2018,391.0815735,398.3943176
TORNTPOWER,11/7/2018,11/16/2018,228.3360138,225.9256897
BAJFINANCE,11/16/2018,11/27/2018,2357.966309,2390.703613
DIVISLAB,11/16/2018,11/27/2018,1479.835205,1446.083984
HINDUNILVR,11/16/2018,11/27/2018,1547.072754,1587.55603
LT,11/16/2018,11/27/2018,1268.849976,1298.370972
NESTLEIND,11/16/2018,11/27/2018,993.3618774,977.6674805
NIFTY200,11/16/2018,11/27/2018,5649.1,5646.6
TORNTPOWER,11/16/2018,11/27/2018,225.9256897,219.856781
BAJFINANCE,11/27/2018,12/5/2018,2390.703613,2448.276123
DIVISLAB,11/27/2018,12/5/2018,1446.083984,1405.449585
HINDUNILVR,11/27/2018,12/5/2018,1587.55603,1692.703613
INDHOTEL,11/27/2018,12/5/2018,130.9120789,139.4178162
NESTLEIND,11/27/2018,12/5/2018,977.6674805,974.8839722
NIFTY200,11/27/2018,12/5/2018,5646.6,5679.25
TORNTPOWER,11/27/2018,12/5/2018,219.856781,223.945755
BAJFINANCE,12/5/2018,12/13/2018,2448.276123,2443.367676
DIVISLAB,12/5/2018,12/13/2018,1405.449585,1444.992065
HINDUNILVR,12/5/2018,12/13/2018,1692.703613,1699.527222
INFY,12/5/2018,12/13/2018,586.010498,600.0716553
NESTLEIND,12/5/2018,12/13/2018,974.8839722,1026.939331
NIFTY200,12/5/2018,12/13/2018,5679.25,5702.7
TCS,12/5/2018,12/13/2018,1801.568604,1779.887695
BAJFINANCE,12/13/2018,12/21/2018,2443.367676,2543.640869
DIVISLAB,12/13/2018,12/21/2018,1444.992065,1400.180176
HINDUNILVR,12/13/2018,12/21/2018,1699.527222,1651.853516
INFY,12/13/2018,12/21/2018,600.0716553,555.7380371
NESTLEIND,12/13/2018,12/21/2018,1026.939331,1028.232788
NIFTY200,12/13/2018,12/21/2018,5702.7,5701.25
TCS,12/13/2018,12/21/2018,1779.887695,1701.962524
BAJFINANCE,12/21/2018,1/1/2019,2543.640869,2608.035645
DABUR,12/21/2018,1/1/2019,416.0700073,400.95755
DIVISLAB,12/21/2018,1/1/2019,1400.180176,1400.797363
HINDUNILVR,12/21/2018,1/1/2019,1651.853516,1649.655518
NESTLEIND,12/21/2018,1/1/2019,1028.232788,1028.66687
NIFTY200,12/21/2018,1/1/2019,5701.25,5773.7
TORNTPOWER,12/21/2018,1/1/2019,220.8037109,223.3862152
BAJFINANCE,1/1/2019,1/9/2019,2608.035645,2477.970459
DIVISLAB,1/1/2019,1/9/2019,1400.797363,1398.70874
HINDUNILVR,1/1/2019,1/9/2019,1649.655518,1634.909302
NESTLEIND,1/1/2019,1/9/2019,1028.66687,1050.818115
NIFTY200,1/1/2019,1/9/2019,5773.7,5730.95
RBLBANK,1/1/2019,1/9/2019,562.0570679,562.0570679
TECHM,1/1/2019,1/9/2019,600.3261108,579.1213989
BAJFINANCE,1/9/2019,1/17/2019,2477.970459,2489.307861
BRITANNIA,1/9/2019,1/17/2019,2783.063232,2886.056152
HINDUNILVR,1/9/2019,1/17/2019,1634.909302,1604.226196
INFY,1/9/2019,1/17/2019,581.4523926,630.6879272
NESTLEIND,1/9/2019,1/17/2019,1050.818115,1042.735596
NIFTY200,1/9/2019,1/17/2019,5730.95,5752.45
RBLBANK,1/9/2019,1/17/2019,562.0570679,555.0934448
BAJFINANCE,1/17/2019,1/25/2019,2489.307861,2551.788818
DABUR,1/17/2019,1/25/2019,399.4842529,408.7038879
HINDUNILVR,1/17/2019,1/25/2019,1604.226196,1609.080566
INFY,1/17/2019,1/25/2019,630.6879272,631.56073
NESTLEIND,1/17/2019,1/25/2019,1042.735596,1061.403687
NIFTY200,1/17/2019,1/25/2019,5752.45,5657.6
RELIANCE,1/17/2019,1/25/2019,497.5625,546.4874878
BAJFINANCE,1/25/2019,2/4/2019,2551.788818,2546.782471
DABUR,1/25/2019,2/4/2019,408.7038879,425.2896118
HINDUNILVR,1/25/2019,2/4/2019,1609.080566,1651.029297
NESTLEIND,1/25/2019,2/4/2019,1061.403687,1077.106812
NIFTY200,1/25/2019,2/4/2019,5657.6,5697.55
RBLBANK,1/25/2019,2/4/2019,558.6970215,579.00354
RELIANCE,1/25/2019,2/4/2019,546.4874878,566.1804199
BAJFINANCE,2/4/2019,2/12/2019,2546.782471,2573.629395
HINDUNILVR,2/4/2019,2/12/2019,1651.029297,1643.610229
INFY,2/4/2019,2/12/2019,653.6548462,648.9418945
MARICO,2/4/2019,2/12/2019,333.3069153,327.0884094
NESTLEIND,2/4/2019,2/12/2019,1077.106812,1007.070984
NIFTY200,2/4/2019,2/12/2019,5697.55,5632.75
RBLBANK,2/4/2019,2/12/2019,579.00354,548.8115234
AXISBANK,2/12/2019,2/21/2019,701.6675415,693.3143921
DIVISLAB,2/12/2019,2/21/2019,1555.217773,1471.575439
HINDUNILVR,2/12/2019,2/21/2019,1643.610229,1607.157104
INFY,2/12/2019,2/21/2019,648.9418945,634.241394
NIFTY200,2/12/2019,2/21/2019,5632.75,5617.25
RELIANCE,2/12/2019,2/21/2019,551.0489502,546.8822632
WIPRO,2/12/2019,2/21/2019,133.9248352,133.7641144
AXISBANK,2/21/2019,3/1/2019,693.3143921,698.4854126
COFORGE,2/21/2019,3/1/2019,1196.890625,1224.462524
HCLTECH,2/21/2019,3/1/2019,441.6954956,442.8475647
INFY,2/21/2019,3/1/2019,634.241394,641.5485229
NIFTY200,2/21/2019,3/1/2019,5617.25,5688.65
RELIANCE,2/21/2019,3/1/2019,546.8822632,540.3592529
WIPRO,2/21/2019,3/1/2019,133.7641144,134.3773193
DRREDDY,3/1/2019,3/12/2019,465.5226135,469.1908264
INFY,3/1/2019,3/12/2019,641.5485229,611.3258667
MANAPPURAM,3/1/2019,3/12/2019,102.1439209,105.6477509
NIFTY200,3/1/2019,3/12/2019,5688.65,5931.6
RELIANCE,3/1/2019,3/12/2019,540.3592529,586.7684326
TCS,3/1/2019,3/12/2019,1791.762329,1807.072266
WIPRO,3/1/2019,3/12/2019,134.3773193,124.6366882
AUROPHARMA,3/12/2019,3/20/2019,745.401001,748.6303101
DIVISLAB,3/12/2019,3/20/2019,1613.938477,1590.58313
DRREDDY,3/12/2019,3/20/2019,469.1908264,484.1101685
NIFTY200,3/12/2019,3/20/2019,5931.6,6014.95
PETRONET,3/12/2019,3/20/2019,181.8456726,183.9363098
RELIANCE,3/12/2019,3/20/2019,586.7684326,606.2047119
TCS,3/12/2019,3/20/2019,1807.072266,1809.407104
AUROPHARMA,3/20/2019,4/1/2019,748.6303101,763.8129883
DIVISLAB,3/20/2019,4/1/2019,1590.58313,1636.106934
DRREDDY,3/20/2019,4/1/2019,484.1101685,491.7016907
HCLTECH,3/20/2019,4/1/2019,436.684021,467.3123474
INFY,3/20/2019,4/1/2019,638.9974976,652.9628906
KEI,3/20/2019,4/1/2019,385.7842102,413.684082
NIFTY200,3/20/2019,4/1/2019,6014.95,6102.6
AUROPHARMA,4/1/2019,4/9/2019,763.8129883,757.6434937
DIVISLAB,4/1/2019,4/9/2019,1636.106934,1629.033813
DRREDDY,4/1/2019,4/9/2019,491.7016907,484.4003906
INFY,4/1/2019,4/9/2019,652.9628906,657.7189331
NIFTY200,4/1/2019,4/9/2019,6102.6,6091.6
TECHM,4/1/2019,4/9/2019,655.7587891,659.0981445
TORNTPOWER,4/1/2019,4/9/2019,225.4311676,220.6910706
AXISBANK,4/9/2019,4/18/2019,759.1455078,766.9020386
DIVISLAB,4/9/2019,4/18/2019,1629.033813,1637.103882
DRREDDY,4/9/2019,4/18/2019,484.4003906,492.4581604
NIFTY200,4/9/2019,4/18/2019,6091.6,6129.8
PETRONET,4/9/2019,4/18/2019,182.4538879,182.3778381
SRF,4/9/2019,4/18/2019,482.61026,480.250885
WIPRO,4/9/2019,4/18/2019,130.5740509,135.8199005
AUROPHARMA,4/18/2019,4/30/2019,761.1137695,789.5513916
AXISBANK,4/18/2019,4/30/2019,766.9020386,762.5761719
DRREDDY,4/18/2019,4/30/2019,492.4581604,516.1478271
NIFTY200,4/18/2019,4/30/2019,6129.8,6092.55
PETRONET,4/18/2019,4/30/2019,182.3778381,183.328125
SRF,4/18/2019,4/30/2019,480.250885,502.7381897
WIPRO,4/18/2019,4/30/2019,135.8199005,142.3772278
AXISBANK,4/30/2019,5/9/2019,762.5761719,726.9260254
DRREDDY,4/30/2019,5/9/2019,516.1478271,510.3154907
NIFTY200,4/30/2019,5/9/2019,6092.55,5859.75
PETRONET,4/30/2019,5/9/2019,183.328125,180.43927
RECLTD,4/30/2019,5/9/2019,69.65066528,64.50533295
SRF,4/30/2019,5/9/2019,502.7381897,474.543396
WIPRO,4/30/2019,5/9/2019,142.3772278,138.8005371
BAJFINANCE,5/9/2019,5/17/2019,2916.757324,3240.448975
DRREDDY,5/9/2019,5/17/2019,510.3154907,482.9401855
NIFTY200,5/9/2019,5/17/2019,5859.75,5888.9
PETRONET,5/9/2019,5/17/2019,180.43927,179.9071198
SRF,5/9/2019,5/17/2019,474.543396,547.9281006
UPL,5/9/2019,5/17/2019,593.7478638,607.3573608
WIPRO,5/9/2019,5/17/2019,138.8005371,136.582962
AXISBANK,5/17/2019,5/27/2019,744.776001,809.3640137
BAJFINANCE,5/17/2019,5/27/2019,3240.448975,3385.631348
NIFTY200,5/17/2019,5/27/2019,5888.9,6177.15
PETRONET,5/17/2019,5/27/2019,179.9071198,186.2549896
SRF,5/17/2019,5/27/2019,547.9281006,579.2261963
UPL,5/17/2019,5/27/2019,607.3573608,641.0212402
WIPRO,5/17/2019,5/27/2019,136.582962,133.7692413
BAJFINANCE,5/27/2019,6/4/2019,3385.631348,3466.271729
NIFTY200,5/27/2019,6/4/2019,6177.15,6227
PETRONET,5/27/2019,6/4/2019,186.2549896,187.5853729
RECLTD,5/27/2019,6/4/2019,69.46185303,70.16992188
SRF,5/27/2019,6/4/2019,579.2261963,567.0281372
UPL,5/27/2019,6/4/2019,641.0212402,637.5526733
WIPRO,5/27/2019,6/4/2019,133.7692413,140.0881195
BAJFINANCE,6/4/2019,6/13/2019,3466.271729,3479.376709
HCLTECH,6/4/2019,6/13/2019,457.6938782,464.0377197
NIFTY200,6/4/2019,6/13/2019,6227,6153.95
PETRONET,6/4/2019,6/13/2019,187.5853729,180.3252258
SRF,6/4/2019,6/13/2019,567.0281372,571.6293945
UPL,6/4/2019,6/13/2019,637.5526733,633.800354
WIPRO,6/4/2019,6/13/2019,140.0881195,142.3056641
ADANIENT,6/13/2019,6/21/2019,151.1500092,144.9302216
BAJFINANCE,6/13/2019,6/21/2019,3479.376709,3500.334717
HDFCBANK,6/13/2019,6/21/2019,1163.591797,1156.216919
NIFTY200,6/13/2019,6/21/2019,6153.95,6053.9
SRF,6/13/2019,6/21/2019,571.6293945,591.5418701
UPL,6/13/2019,6/21/2019,633.800354,561.3389282
WIPRO,6/13/2019,6/21/2019,142.3056641,136.3206635
ADANIENT,6/21/2019,7/1/2019,144.9302216,152.1372681
BAJFINANCE,6/21/2019,7/1/2019,3500.334717,3631.03833
HDFCBANK,6/21/2019,7/1/2019,1156.216919,1190.388306
NIFTY200,6/21/2019,7/1/2019,6053.9,6135.1
SRF,6/21/2019,7/1/2019,591.5418701,591.4146118
TITAN,6/21/2019,7/1/2019,1250.932617,1280.793701
WIPRO,6/21/2019,7/1/2019,136.3206635,134.4845734
BAJFINANCE,7/1/2019,7/9/2019,3631.03833,3536.900146
HDFCBANK,7/1/2019,7/9/2019,1190.388306,1139.430786
KOTAKBANK,7/1/2019,7/9/2019,1475.942627,1457.657959
NIFTY200,7/1/2019,7/9/2019,6135.1,5975.8
RECLTD,7/1/2019,7/9/2019,76.56616974,64.81217957
SRF,7/1/2019,7/9/2019,591.4146118,547.4484253
TITAN,7/1/2019,7/9/2019,1280.793701,1063.730713
BAJFINANCE,7/9/2019,7/17/2019,3536.900146,3405.62793
HDFCBANK,7/9/2019,7/17/2019,1139.430786,1148.194946
HINDPETRO,7/9/2019,7/17/2019,151.9457703,156.7485046
KOTAKBANK,7/9/2019,7/17/2019,1457.657959,1529.977417
NIFTY200,7/9/2019,7/17/2019,5975.8,6039.6
SIEMENS,7/9/2019,7/17/2019,1224.901489,1186.602173
SRF,7/9/2019,7/17/2019,547.4484253,530.6293945
BAJFINANCE,7/17/2019,7/25/2019,3405.62793,2995.768311
GODREJPROP,7/17/2019,7/25/2019,989.9000244,944.25
HDFCBANK,7/17/2019,7/25/2019,1148.194946,1094.842896
HINDPETRO,7/17/2019,7/25/2019,156.7485046,140.7833862
INFY,7/17/2019,7/25/2019,696.4318848,696.7388306
NIFTY200,7/17/2019,7/25/2019,6039.6,5797.35
RECLTD,7/17/2019,7/25/2019,72.43574524,69.15500641
APOLLOHOSP,7/25/2019,8/2/2019,1317.439941,1284.69043
GODREJPROP,7/25/2019,8/2/2019,944.25,936.5499878
INFY,7/25/2019,8/2/2019,696.7388306,680.1643066
KOTAKBANK,7/25/2019,8/2/2019,1480.576782,1503.058716
NAUKRI,7/25/2019,8/2/2019,2202.629883,2144.011475
NESTLEIND,7/25/2019,8/2/2019,1078.304932,1070.472168
NIFTY200,7/25/2019,8/2/2019,5797.35,5668.7
GODREJPROP,8/2/2019,8/13/2019,936.5499878,902.9000244
INFY,8/2/2019,8/13/2019,680.1643066,670.649353
KOTAKBANK,8/2/2019,8/13/2019,1503.058716,1506.847412
MUTHOOTFIN,8/2/2019,8/13/2019,566.1263428,546.6723022
NIFTY200,8/2/2019,8/13/2019,5668.7,5631.25
TATACONSUM,8/2/2019,8/13/2019,255.5550842,253.630722
TRENT,8/2/2019,8/13/2019,440.4349976,445.8516541
HINDUNILVR,8/13/2019,8/22/2019,1683.396118,1727.078125
INFY,8/13/2019,8/22/2019,670.649353,697.7911377
KOTAKBANK,8/13/2019,8/22/2019,1506.847412,1473.797241
NIFTY200,8/13/2019,8/22/2019,5631.25,5528
PETRONET,8/13/2019,8/22/2019,182.6819458,184.9527588
SRF,8/13/2019,8/22/2019,555.6925049,547.1547241
TRENT,8/13/2019,8/22/2019,445.8516541,466.9714661
COFORGE,8/22/2019,8/30/2019,1258.973877,1383.742554
INFY,8/22/2019,8/30/2019,697.7911377,714.6287231
NIFTY200,8/22/2019,8/30/2019,5528,5691.55
PETRONET,8/22/2019,8/30/2019,184.9527588,206.7210388
SRF,8/22/2019,8/30/2019,547.1547241,544.5737915
TCS,8/22/2019,8/30/2019,2010.637329,2050.197021
TRENT,8/22/2019,8/30/2019,466.9714661,466.3751221
ASTRAL,8/30/2019,9/11/2019,587.7050171,575.8334961
BAJFINANCE,8/30/2019,9/11/2019,3277.005615,3359.508545
INFY,8/30/2019,9/11/2019,714.6287231,719.1888428
NIFTY200,8/30/2019,9/11/2019,5691.55,5705.4
PETRONET,8/30/2019,9/11/2019,206.7210388,205.5977478
RECLTD,8/30/2019,9/11/2019,68.09290314,70.38234711
TRENT,8/30/2019,9/11/2019,466.3751221,452.8087769
BAJAJFINSV,9/11/2019,9/19/2019,733.7149048,717.1983643
BAJFINANCE,9/11/2019,9/19/2019,3359.508545,3306.063721
COFORGE,9/11/2019,9/19/2019,1313.100464,1267.06958
MANAPPURAM,9/11/2019,9/19/2019,112.2926483,110.3242035
NIFTY200,9/11/2019,9/19/2019,5705.4,5543.05
PETRONET,9/11/2019,9/19/2019,205.5977478,197.5024567
RECLTD,9/11/2019,9/19/2019,70.38234711,59.45441818
BAJFINANCE,9/19/2019,9/27/2019,3306.063721,3989.834473
COFORGE,9/19/2019,9/27/2019,1267.06958,1289.830566
INFY,9/19/2019,9/27/2019,719.7149048,685.9523315
MANAPPURAM,9/19/2019,9/27/2019,110.3242035,128.3535767
NIFTY200,9/19/2019,9/27/2019,5543.05,5947.3
PETRONET,9/19/2019,9/27/2019,197.5024567,201.8018799
TITAN,9/19/2019,9/27/2019,1126.530029,1254.354004
BAJAJFINSV,9/27/2019,10/9/2019,853.0526123,829.8964233
BAJFINANCE,9/27/2019,10/9/2019,3989.834473,3956.892334
COFORGE,9/27/2019,10/9/2019,1289.830566,1270.678101
MANAPPURAM,9/27/2019,10/9/2019,128.3535767,125.2666931
NIFTY200,9/27/2019,10/9/2019,5947.3,5816.65
PETRONET,9/27/2019,10/9/2019,201.8018799,199.5166016
TITAN,9/27/2019,10/9/2019,1254.354004,1201.847412
BAJAJFINSV,10/9/2019,10/17/2019,829.8964233,829.7366943
BAJFINANCE,10/9/2019,10/17/2019,3956.892334,4038.411621
IGL,10/9/2019,10/17/2019,159.5206451,163.8027954
INDHOTEL,10/9/2019,10/17/2019,146.8934174,144.795639
MANAPPURAM,10/9/2019,10/17/2019,125.2666931,128.9799652
NIFTY200,10/9/2019,10/17/2019,5816.65,5957.4
PETRONET,10/9/2019,10/17/2019,199.5166016,203.6997986
ABB,10/17/2019,10/27/2019,1340.774902,1337.509766
BAJAJFINSV,10/17/2019,10/27/2019,829.7366943,798.2949219
BAJFINANCE,10/17/2019,10/27/2019,4038.411621,3912.641357
COFORGE,10/17/2019,10/27/2019,1301.534668,1393.504028
INDHOTEL,10/17/2019,10/27/2019,144.795639,145.0816498
NIFTY200,10/17/2019,10/27/2019,5957.4,6001.6
TITAN,10/17/2019,10/27/2019,1247.515869,1289.375
ADANIENT,10/27/2019,11/5/2019,181.615036,198.5981445
BAJAJFINSV,10/27/2019,11/5/2019,798.2949219,882.5241699
BAJFINANCE,10/27/2019,11/5/2019,3912.641357,4157.396973
COFORGE,10/27/2019,11/5/2019,1393.504028,1452.088501
MANAPPURAM,10/27/2019,11/5/2019,146.3830872,150.4542694
NIFTY200,10/27/2019,11/5/2019,6001.6,6142.15
TITAN,10/27/2019,11/5/2019,1289.375,1254.109985
ADANIENT,11/5/2019,11/14/2019,198.5981445,200.3311005
BAJAJFINSV,11/5/2019,11/14/2019,882.5241699,904.0840454
BAJFINANCE,11/5/2019,11/14/2019,4157.396973,4140.434082
BPCL,11/5/2019,11/14/2019,191.1178741,190.0653534
IGL,11/5/2019,11/14/2019,171.3075714,187.4649048
MANAPPURAM,11/5/2019,11/14/2019,150.4542694,145.8014984
NIFTY200,11/5/2019,11/14/2019,6142.15,6119.75
BAJAJFINSV,11/14/2019,11/22/2019,904.0840454,901.8342285
BAJFINANCE,11/14/2019,11/22/2019,4140.434082,4010.386719
DABUR,11/14/2019,11/22/2019,442.4657288,443.661499
HDFCLIFE,11/14/2019,11/22/2019,579.1071167,579.1564941
IGL,11/14/2019,11/22/2019,187.4649048,178.128067
MANAPPURAM,11/14/2019,11/22/2019,145.8014984,144.1391144
NIFTY200,11/14/2019,11/22/2019,6119.75,6137.95
BAJAJFINSV,11/22/2019,12/2/2019,901.8342285,892.7553711
BAJFINANCE,11/22/2019,12/2/2019,4010.386719,3884.665527
DABUR,11/22/2019,12/2/2019,443.661499,434.0478516
HDFCLIFE,11/22/2019,12/2/2019,579.1564941,562.3665161
IGL,11/22/2019,12/2/2019,178.128067,183.6242371
MANAPPURAM,11/22/2019,12/2/2019,144.1391144,140.9070587
NIFTY200,11/22/2019,12/2/2019,6137.95,6212.75
BAJAJFINSV,12/2/2019,12/10/2019,892.7553711,890.6501465
BAJFINANCE,12/2/2019,12/10/2019,3884.665527,3920.459473
BHARTIARTL,12/2/2019,12/10/2019,442.0476685,430.866333
IGL,12/2/2019,12/10/2019,183.6242371,180.4457092
MANAPPURAM,12/2/2019,12/10/2019,140.9070587,140.9519501
NIFTY200,12/2/2019,12/10/2019,6212.75,6085.35
PETRONET,12/2/2019,12/10/2019,219.6661835,214.4933929
BAJAJFINSV,12/10/2019,12/18/2019,890.6501465,934.0893555
BAJFINANCE,12/10/2019,12/18/2019,3920.459473,4050.753174
DABUR,12/10/2019,12/18/2019,437.0610657,442.7049255
HINDUNILVR,12/10/2019,12/18/2019,1878.168335,1788.402832
IGL,12/10/2019,12/18/2019,180.4457092,190.2019196
MANAPPURAM,12/10/2019,12/18/2019,140.9519501,154.1942596
NIFTY200,12/10/2019,12/18/2019,6085.35,6263.45
BAJFINANCE,12/18/2019,12/27/2019,4050.753174,4181.833008
DABUR,12/18/2019,12/27/2019,442.7049255,439.835144
HDFCLIFE,12/18/2019,12/27/2019,594.0700073,623.600708
IGL,12/18/2019,12/27/2019,190.2019196,187.9284363
NIFTY200,12/18/2019,12/27/2019,6263.45,6286.25
RELIANCE,12/18/2019,12/27/2019,702.9156494,687.9728394
SIEMENS,12/18/2019,12/27/2019,1461.40564,1484.103271
ADANIGREEN,12/27/2019,1/6/2020,151,200.6000061
BAJFINANCE,12/27/2019,1/6/2020,4181.833008,3930.145264
BHARTIARTL,12/27/2019,1/6/2020,438.6740112,433.4206848
DABUR,12/27/2019,1/6/2020,439.835144,428.5475464
IGL,12/27/2019,1/6/2020,187.9284363,181.7259674
NIFTY200,12/27/2019,1/6/2020,6286.25,6166.55
RELIANCE,12/27/2019,1/6/2020,687.9728394,669.7514648
ADANIGREEN,1/6/2020,1/14/2020,200.6000061,199.1000061
BHARTIARTL,1/6/2020,1/14/2020,433.4206848,452.409668
HDFCLIFE,1/6/2020,1/14/2020,611.8970337,606.6624756
IGL,1/6/2020,1/14/2020,181.7259674,187.5311279
MANAPPURAM,1/6/2020,1/14/2020,153.9698029,158.3240662
NIFTY200,1/6/2020,1/14/2020,6166.55,6367.8
RELIANCE,1/6/2020,1/14/2020,669.7514648,682.1963501
ADANIGREEN,1/14/2020,1/22/2020,199.1000061,197.6499939
BHARTIARTL,1/14/2020,1/22/2020,452.409668,495.9300232
DABUR,1/14/2020,1/22/2020,461.6929932,465.6627808
HDFCLIFE,1/14/2020,1/22/2020,606.6624756,605.1810303
IGL,1/14/2020,1/22/2020,187.5311279,208.3679199
NIFTY200,1/14/2020,1/22/2020,6367.8,6270.4
RELIANCE,1/14/2020,1/22/2020,682.1963501,683.958313
ADANIGREEN,1/22/2020,1/30/2020,197.6499939,180.4499969
BHARTIARTL,1/22/2020,1/30/2020,495.9300232,472.1215515
DABUR,1/22/2020,1/30/2020,465.6627808,457.9623413
HDFCLIFE,1/22/2020,1/30/2020,605.1810303,593.03302
NIFTY200,1/22/2020,1/30/2020,6270.4,6248.25
NMDC,1/22/2020,1/30/2020,14.45274448,13.17267895
SJVN,1/22/2020,1/30/2020,19.21246147,19.10097694
ADANIGREEN,1/30/2020,2/7/2020,180.4499969,213
DABUR,1/30/2020,2/7/2020,457.9623413,491.3469543
HDFCLIFE,1/30/2020,2/7/2020,593.03302,588.3416138
NIFTY200,1/30/2020,2/7/2020,6248.25,6295.75
NMDC,1/30/2020,2/7/2020,13.17267895,12.445117
PHOENIXLTD,1/30/2020,2/7/2020,432.5501404,431.7084961
SJVN,1/30/2020,2/7/2020,19.10097694,19.36110687
ADANIGREEN,2/7/2020,2/17/2020,213,198.3500061
BHARTIARTL,2/7/2020,2/17/2020,519.9795532,544.4627075
DABUR,2/7/2020,2/17/2020,491.3469543,479.1983643
MCX,2/7/2020,2/17/2020,1186.5625,1189.802124
NIFTY200,2/7/2020,2/17/2020,6295.75,6230.4
PHOENIXLTD,2/7/2020,2/17/2020,431.7084961,427.2277832
SJVN,2/7/2020,2/17/2020,19.36110687,18.58071709
ADANIGREEN,2/17/2020,2/26/2020,198.3500061,171.5500031
BHARTIARTL,2/17/2020,2/26/2020,544.4627075,516.605896
DABUR,2/17/2020,2/26/2020,479.1983643,480.1549683
MCX,2/17/2020,2/26/2020,1189.802124,1275.438599
NIFTY200,2/17/2020,2/26/2020,6230.4,6053.3
PHOENIXLTD,2/17/2020,2/26/2020,427.2277832,455.1765442
TRENT,2/17/2020,2/26/2020,745.2062988,733.4786377
APOLLOHOSP,2/26/2020,3/5/2020,1742.915771,1703.465332
DABUR,2/26/2020,3/5/2020,480.1549683,495.4602966
HINDUNILVR,2/26/2020,3/5/2020,2073.696045,2056.818848
INFY,2/26/2020,3/5/2020,702.3931274,677.1329346
MANAPPURAM,2/26/2020,3/5/2020,158.706665,142.2234955
NIFTY200,2/26/2020,3/5/2020,6053.3,5845.75
PHOENIXLTD,2/26/2020,3/5/2020,455.1765442,421.4845276
APOLLOHOSP,3/5/2020,3/16/2020,1703.465332,1452.561401
BHARTIARTL,3/5/2020,3/16/2020,507.8824768,448.0238647
DABUR,3/5/2020,3/16/2020,495.4602966,412.7639465
DIXON,3/5/2020,3/16/2020,817.8521729,774.9002686
HINDUNILVR,3/5/2020,3/16/2020,2056.818848,1800.782715
NIFTY200,3/5/2020,3/16/2020,5845.75,4777.95
TRENT,3/5/2020,3/16/2020,680.6542358,568.4955444
BHARTIARTL,3/16/2020,3/24/2020,448.0238647,389.4665222
DIVISLAB,3/16/2020,3/24/2020,1828.772827,1855.886719
DIXON,3/16/2020,3/24/2020,774.9002686,635.7079468
GRANULES,3/16/2020,3/24/2020,149.3858643,118.3497543
NIFTY200,3/16/2020,3/24/2020,4777.95,4030.7
PIDILITIND,3/16/2020,3/24/2020,1455.316772,1253.325928
TORNTPHARM,3/16/2020,3/24/2020,919.0012817,859.0074463
ADANIGREEN,3/24/2020,4/1/2020,141.3000031,152.8999939
DIVISLAB,3/24/2020,4/1/2020,1855.886719,1814.369751
DIXON,3/24/2020,4/1/2020,635.7079468,713.3533325
DRREDDY,3/24/2020,4/1/2020,522.6970215,566.0515747
HINDUNILVR,3/24/2020,4/1/2020,1880.486572,2021.255127
NIFTY200,3/24/2020,4/1/2020,4030.7,4275.7
TORNTPHARM,3/24/2020,4/1/2020,859.0074463,925.4519653
ADANIGREEN,4/1/2020,4/15/2020,152.8999939,187.8000031
DRREDDY,4/1/2020,4/15/2020,566.0515747,696.3805542
GRANULES,4/1/2020,4/15/2020,139.2205811,164.8548279
HINDUNILVR,4/1/2020,4/15/2020,2021.255127,2306.780518
NESTLEIND,4/1/2020,4/15/2020,1477.063599,1634.761719
NIFTY200,4/1/2020,4/15/2020,4275.7,4647
TORNTPHARM,4/1/2020,4/15/2020,925.4519653,1084.866943
AARTIIND,4/15/2020,4/23/2020,449.727478,462.1740417
ADANIGREEN,4/15/2020,4/23/2020,187.8000031,200
DIVISLAB,4/15/2020,4/23/2020,2315.520508,2336.641602
DRREDDY,4/15/2020,4/23/2020,696.3805542,736.5254517
HINDUNILVR,4/15/2020,4/23/2020,2306.780518,2149.087891
NIFTY200,4/15/2020,4/23/2020,4647,4827.1
PIDILITIND,4/15/2020,4/23/2020,1449.812256,1512.915894
ADANIGREEN,4/23/2020,5/4/2020,200,209.5500031
DIVISLAB,4/23/2020,5/4/2020,2336.641602,2210.834229
DIXON,4/23/2020,5/4/2020,832.6265869,915.7624512
DRREDDY,4/23/2020,5/4/2020,736.5254517,720.4126587
HINDUNILVR,4/23/2020,5/4/2020,2149.087891,1931.304321
NIFTY200,4/23/2020,5/4/2020,4827.1,4810.05
TATACONSUM,4/23/2020,5/4/2020,317.4714355,322.2823181
AARTIIND,5/4/2020,5/12/2020,539.9343262,510.2104187
ADANIGREEN,5/4/2020,5/12/2020,209.5500031,226.0500031
DIVISLAB,5/4/2020,5/12/2020,2210.834229,2284.685303
DIXON,5/4/2020,5/12/2020,915.7624512,840.133606
DRREDDY,5/4/2020,5/12/2020,720.4126587,690.1256714
NIFTY200,5/4/2020,5/12/2020,4810.05,4767.45
TORNTPHARM,5/4/2020,5/12/2020,1122.376099,1155.185303
AARTIIND,5/12/2020,5/20/2020,510.2104187,493.6478577
ADANIGREEN,5/12/2020,5/20/2020,226.0500031,234.6999969
DIVISLAB,5/12/2020,5/20/2020,2284.685303,2293.529785
DIXON,5/12/2020,5/20/2020,840.133606,876.6503296
DRREDDY,5/12/2020,5/20/2020,690.1256714,715.1452637
JUBLFOOD,5/12/2020,5/20/2020,316.0465393,301.7853394
NIFTY200,5/12/2020,5/20/2020,4767.45,4707.15
AARTIIND,5/20/2020,5/29/2020,493.6478577,481.1766663
ADANIGREEN,5/20/2020,5/29/2020,234.6999969,248.6000061
BALKRISIND,5/20/2020,5/29/2020,935.3751221,1041.300537
DIVISLAB,5/20/2020,5/29/2020,2293.529785,2310.349365
DIXON,5/20/2020,5/29/2020,876.6503296,973.4724121
DRREDDY,5/20/2020,5/29/2020,715.1452637,744.6001587
NIFTY200,5/20/2020,5/29/2020,4707.15,4963.4
AARTIIND,5/29/2020,6/8/2020,481.1766663,455.0758362
ADANIGREEN,5/29/2020,6/8/2020,248.6000061,297.75
DIVISLAB,5/29/2020,6/8/2020,2310.349365,2332.533447
DIXON,5/29/2020,6/8/2020,973.4724121,1000.276001
DRREDDY,5/29/2020,6/8/2020,744.6001587,725.6433716
NESTLEIND,5/29/2020,6/8/2020,1655.038208,1588.556641
NIFTY200,5/29/2020,6/8/2020,4963.4,5267.9
ADANIGREEN,6/8/2020,6/16/2020,297.75,363.4500122
BALKRISIND,6/8/2020,6/16/2020,1114.603638,1157.407959
DIVISLAB,6/8/2020,6/16/2020,2332.533447,2242.926758
DIXON,6/8/2020,6/16/2020,1000.276001,1058.84436
DRREDDY,6/8/2020,6/16/2020,725.6433716,732.5657959
NESTLEIND,6/8/2020,6/16/2020,1588.556641,1547.646118
NIFTY200,6/8/2020,6/16/2020,5267.9,5154.5
ADANIGREEN,6/16/2020,6/24/2020,363.4500122,440.4500122
AUROPHARMA,6/16/2020,6/24/2020,745.3490601,768.1925659
BALKRISIND,6/16/2020,6/24/2020,1157.407959,1211.74585
DIVISLAB,6/16/2020,6/24/2020,2242.926758,2263.22583
DIXON,6/16/2020,6/24/2020,1058.84436,1130.360474
DRREDDY,6/16/2020,6/24/2020,732.5657959,739.3695068
NIFTY200,6/16/2020,6/24/2020,5154.5,5360.5
ADANIGREEN,6/24/2020,7/2/2020,440.4500122,357.9500122
DIVISLAB,6/24/2020,7/2/2020,2263.22583,2123.354004
DIXON,6/24/2020,7/2/2020,1130.360474,1189.53772
DRREDDY,6/24/2020,7/2/2020,739.3695068,717.038269
JUBLFOOD,6/24/2020,7/2/2020,350.608551,342.2779846
MCX,6/24/2020,7/2/2020,1150.692749,1199.990112
NIFTY200,6/24/2020,7/2/2020,5360.5,5464.2
ADANIGREEN,7/2/2020,7/10/2020,357.9500122,371.0499878
AUROPHARMA,7/2/2020,7/10/2020,756.4555054,796.1286621
BALKRISIND,7/2/2020,7/10/2020,1233.654663,1219.949829
DIXON,7/2/2020,7/10/2020,1189.53772,1243.86377
JUBLFOOD,7/2/2020,7/10/2020,342.2779846,321.4415588
MCX,7/2/2020,7/10/2020,1199.990112,1243.794312
NIFTY200,7/2/2020,7/10/2020,5464.2,5569
ADANIGREEN,7/10/2020,7/20/2020,371.0499878,349.9500122
AUROPHARMA,7/10/2020,7/20/2020,796.1286621,798.8931885
BALKRISIND,7/10/2020,7/20/2020,1219.949829,1209.574707
DIXON,7/10/2020,7/20/2020,1243.86377,1363.88562
DRREDDY,7/10/2020,7/20/2020,714.2766113,773.1595459
MCX,7/10/2020,7/20/2020,1243.794312,1352.952515
NIFTY200,7/10/2020,7/20/2020,5569,5683.45
ADANIGREEN,7/20/2020,7/28/2020,349.9500122,338.0499878
AUROPHARMA,7/20/2020,7/28/2020,798.8931885,767.46521
DIVISLAB,7/20/2020,7/28/2020,2222.047119,2263.419434
DIXON,7/20/2020,7/28/2020,1363.88562,1415.42627
DRREDDY,7/20/2020,7/28/2020,773.1595459,765.4603271
JUBLFOOD,7/20/2020,7/28/2020,347.4746704,336.3473816
NIFTY200,7/20/2020,7/28/2020,5683.45,5790.55
ADANIGREEN,7/28/2020,8/5/2020,338.0499878,342.9500122
AUROPHARMA,7/28/2020,8/5/2020,767.46521,834.8317261
BALKRISIND,7/28/2020,8/5/2020,1198.426636,1287.268921
DIXON,7/28/2020,8/5/2020,1415.42627,1570.866699
DRREDDY,7/28/2020,8/5/2020,765.4603271,869.3015137
JUBLFOOD,7/28/2020,8/5/2020,336.3473816,369.2035522
NIFTY200,7/28/2020,8/5/2020,5790.55,5737.2
ADANIGREEN,8/5/2020,8/13/2020,342.9500122,362.1499939
AUROPHARMA,8/5/2020,8/13/2020,834.8317261,854.8622437
BIOCON,8/5/2020,8/13/2020,402.2698975,387.5370789
BSOFT,8/5/2020,8/13/2020,117.8983307,138.9158478
DIVISLAB,8/5/2020,8/13/2020,2578.734863,3021.211182
DIXON,8/5/2020,8/13/2020,1570.866699,1617.695679
NIFTY200,8/5/2020,8/13/2020,5737.2,5864.4
AUROPHARMA,8/13/2020,8/21/2020,854.8622437,831.6790771
BIOCON,8/13/2020,8/21/2020,387.5370789,388.3254395
BSOFT,8/13/2020,8/21/2020,138.9158478,164.3458252
DIVISLAB,8/13/2020,8/21/2020,3021.211182,3138.995117
DIXON,8/13/2020,8/21/2020,1617.695679,1612.973877
MCX,8/13/2020,8/21/2020,1582.349243,1636.679932
NIFTY200,8/13/2020,8/21/2020,5864.4,5917.35
AUROPHARMA,8/21/2020,8/31/2020,831.6790771,785.779541
BIOCON,8/21/2020,8/31/2020,388.3254395,370.6854858
BSOFT,8/21/2020,8/31/2020,164.3458252,152.3425293
DIVISLAB,8/21/2020,8/31/2020,3138.995117,3018.601318
DIXON,8/21/2020,8/31/2020,1612.973877,1616.188232
MCX,8/21/2020,8/31/2020,1636.679932,1527.810059
NIFTY200,8/21/2020,8/31/2020,5917.35,5887.55
AUROPHARMA,8/31/2020,9/8/2020,785.779541,763.8741455
BRITANNIA,8/31/2020,9/8/2020,3484.049805,3489.239502
BSOFT,8/31/2020,9/8/2020,152.3425293,164.9151764
DIVISLAB,8/31/2020,9/8/2020,3018.601318,3008.741211
DIXON,8/31/2020,9/8/2020,1616.188232,1917.615601
MCX,8/31/2020,9/8/2020,1527.810059,1480.113892
NIFTY200,8/31/2020,9/8/2020,5887.55,5854.15
BIOCON,9/8/2020,9/16/2020,409.759491,432.2775269
BSOFT,9/8/2020,9/16/2020,164.9151764,189.4911041
DIVISLAB,9/8/2020,9/16/2020,3008.741211,3136.095459
DIXON,9/8/2020,9/16/2020,1917.615601,1993.783691
JUBLFOOD,9/8/2020,9/16/2020,451.0119324,472.6020508
LAURUSLABS,9/8/2020,9/16/2020,236.0561829,264.367218
NIFTY200,9/8/2020,9/16/2020,5854.15,6025.4
AUROPHARMA,9/16/2020,9/24/2020,808.3165283,722.4916992
BIOCON,9/16/2020,9/24/2020,432.2775269,402.3191833
BSOFT,9/16/2020,9/24/2020,189.4911041,174.1667328
DIVISLAB,9/16/2020,9/24/2020,3136.095459,2919.666016
DIXON,9/16/2020,9/24/2020,1993.783691,1683.102173
JUBLFOOD,9/16/2020,9/24/2020,472.6020508,448.5821533
NIFTY200,9/16/2020,9/24/2020,6025.4,5601.1
ADANIENT,9/24/2020,10/5/2020,269.7769775,325.787262
BSOFT,9/24/2020,10/5/2020,174.1667328,194.0932159
DIVISLAB,9/24/2020,10/5/2020,2919.666016,3021.887695
DIXON,9/24/2020,10/5/2020,1683.102173,1765.020142
JUBLFOOD,9/24/2020,10/5/2020,448.5821533,471.4813843
LAURUSLABS,9/24/2020,10/5/2020,253.7972107,290.281311
NIFTY200,9/24/2020,10/5/2020,5601.1,5963.15
ADANIENT,10/5/2020,10/13/2020,325.787262,312.4205933
BSOFT,10/5/2020,10/13/2020,194.0932159,192.8596191
DIVISLAB,10/5/2020,10/13/2020,3021.887695,3034.405029
DIXON,10/5/2020,10/13/2020,1765.020142,1800.907959
JUBLFOOD,10/5/2020,10/13/2020,471.4813843,451.9441528
LAURUSLABS,10/5/2020,10/13/2020,290.281311,321.6179199
NIFTY200,10/5/2020,10/13/2020,5963.15,6123.8
ADANIENT,10/13/2020,10/21/2020,312.4205933,311.2236023
BSOFT,10/13/2020,10/21/2020,192.8596191,185.2211456
CDSL,10/13/2020,10/21/2020,229.6860809,224.0177765
DIVISLAB,10/13/2020,10/21/2020,3034.405029,2976.213867
DIXON,10/13/2020,10/21/2020,1800.907959,1869.588867
JUBLFOOD,10/13/2020,10/21/2020,451.9441528,448.9986877
NIFTY200,10/13/2020,10/21/2020,6123.8,6135.85
ADANIENT,10/21/2020,10/29/2020,311.2236023,328.0815735
BIOCON,10/21/2020,10/29/2020,433.2137146,397.3425293
BSOFT,10/21/2020,10/29/2020,185.2211456,165.7216949
DIVISLAB,10/21/2020,10/29/2020,2976.213867,3003.908203
DIXON,10/21/2020,10/29/2020,1869.588867,1806.588135
NIFTY200,10/21/2020,10/29/2020,6135.85,6025.55
TATAELXSI,10/21/2020,10/29/2020,1499.672852,1465.720825
ADANIENT,10/29/2020,11/6/2020,328.0815735,351.2238464
CDSL,10/29/2020,11/6/2020,223.0810547,223.0570526
DIVISLAB,10/29/2020,11/6/2020,3003.908203,3129.232178
DIXON,10/29/2020,11/6/2020,1806.588135,1999.543823
JUBLFOOD,10/29/2020,11/6/2020,440.6780396,448.8896179
NIFTY200,10/29/2020,11/6/2020,6025.55,6319.65
TATAELXSI,10/29/2020,11/6/2020,1465.720825,1508.658691
BSOFT,11/6/2020,11/14/2020,171.557312,173.5726318
DIVISLAB,11/6/2020,11/14/2020,3129.232178,3330.001709
DIXON,11/6/2020,11/14/2020,1999.543823,2056.844238
LAURUSLABS,11/6/2020,11/14/2020,271.9115295,285.3988342
NIFTY200,11/6/2020,11/14/2020,6319.65,6579.6
PIIND,11/6/2020,11/14/2020,2284.042236,2314.517334
TATAELXSI,11/6/2020,11/14/2020,1508.658691,1461.106323
BSOFT,11/14/2020,11/24/2020,173.5726318,184.212204
DIVISLAB,11/14/2020,11/24/2020,3330.001709,3419.028809
DIXON,11/14/2020,11/24/2020,2056.844238,2170.197754
LAURUSLABS,11/14/2020,11/24/2020,285.3988342,285.4480896
NIFTY200,11/14/2020,11/24/2020,6579.6,6748.9
PIIND,11/14/2020,11/24/2020,2314.517334,2327.191162
TATAELXSI,11/14/2020,11/24/2020,1461.106323,1517.984741
ADANIGREEN,11/24/2020,12/3/2020,1205.150024,1145
BSOFT,11/24/2020,12/3/2020,184.212204,179.4411011
DIVISLAB,11/24/2020,12/3/2020,3419.028809,3569.146729
DIXON,11/24/2020,12/3/2020,2170.197754,2281.944092
LAURUSLABS,11/24/2020,12/3/2020,285.4480896,315.1555786
NIFTY200,11/24/2020,12/3/2020,6748.9,6835.05
TATAELXSI,11/24/2020,12/3/2020,1517.984741,1643.107178
ADANIGREEN,12/3/2020,12/11/2020,1145,1041.5
BSOFT,12/3/2020,12/11/2020,179.4411011,191.4165649
DIVISLAB,12/3/2020,12/11/2020,3569.146729,3520.57373
DIXON,12/3/2020,12/11/2020,2281.944092,2521.748535
NIFTY200,12/3/2020,12/11/2020,6835.05,7014.4
PIIND,12/3/2020,12/11/2020,2301.449707,2273.341309
TATAELXSI,12/3/2020,12/11/2020,1643.107178,1559.999756
ADANIGREEN,12/11/2020,12/21/2020,1041.5,1020.299988
BIOCON,12/11/2020,12/21/2020,448.8827515,443.4626465
DIVISLAB,12/11/2020,12/21/2020,3520.57373,3512.888672
DIXON,12/11/2020,12/21/2020,2521.748535,2588.043457
LAURUSLABS,12/11/2020,12/21/2020,324.1220398,326.6838684
NIFTY200,12/11/2020,12/21/2020,7014.4,6890.6
TATAELXSI,12/11/2020,12/21/2020,1559.999756,1507.250122
ADANIENT,12/21/2020,12/30/2020,428.131958,482.9451904
ADANIGREEN,12/21/2020,12/30/2020,1020.299988,1052.949951
DIXON,12/21/2020,12/30/2020,2588.043457,2669.062988
M&M,12/21/2020,12/30/2020,652.8275757,685.8995972
NIFTY200,12/21/2020,12/30/2020,6890.6,7226.75
TATACONSUM,12/21/2020,12/30/2020,545.4023438,576.0281982
TATAELXSI,12/21/2020,12/30/2020,1507.250122,1798.781738
ACC,12/30/2020,1/7/2021,1579.15271,1632.900879
ADANIENT,12/30/2020,1/7/2021,482.9451904,516.8106689
ADANIGREEN,12/30/2020,1/7/2021,1052.949951,1063.099976
DIXON,12/30/2020,1/7/2021,2669.062988,3125.122559
M&M,12/30/2020,1/7/2021,685.8995972,708.4552002
NIFTY200,12/30/2020,1/7/2021,7226.75,7374.25
TATAELXSI,12/30/2020,1/7/2021,1798.781738,1941.875977
ADANIENT,1/7/2021,1/15/2021,516.8106689,525.987793
APLAPOLLO,1/7/2021,1/15/2021,452.8920898,467.9620972
DIXON,1/7/2021,1/15/2021,3125.122559,2974.333984
LAURUSLABS,1/7/2021,1/15/2021,348.0161133,364.6188049
NIFTY200,1/7/2021,1/15/2021,7374.25,7488
TATACONSUM,1/7/2021,1/15/2021,582.3278809,583.8301392
TATAELXSI,1/7/2021,1/15/2021,1941.875977,2290.480225
ADANIENT,1/15/2021,1/25/2021,525.987793,512.6212158
BSOFT,1/15/2021,1/25/2021,245.8071289,235.9309387
DIXON,1/15/2021,1/25/2021,2974.333984,2744.432373
LAURUSLABS,1/15/2021,1/25/2021,364.6188049,373.9793701
NIFTY200,1/15/2021,1/25/2021,7488,7373.3
TATACONSUM,1/15/2021,1/25/2021,583.8301392,555.9178467
TATAELXSI,1/15/2021,1/25/2021,2290.480225,2407.976563
ADANIENT,1/25/2021,2/3/2021,512.6212158,565.1900024
APLAPOLLO,1/25/2021,2/3/2021,466.2794189,468.630249
DIXON,1/25/2021,2/3/2021,2744.432373,3170.354004
LAURUSLABS,1/25/2021,2/3/2021,373.9793701,336.684967
NIFTY200,1/25/2021,2/3/2021,7373.3,7642.15
TATACONSUM,1/25/2021,2/3/2021,555.9178467,562.2659912
TATAELXSI,1/25/2021,2/3/2021,2407.976563,2794.176025
ADANIENT,2/3/2021,2/11/2021,565.1900024,656.9609985
APLAPOLLO,2/3/2021,2/11/2021,468.630249,465.7102661
DIXON,2/3/2021,2/11/2021,3170.354004,3881.151611
LAURUSLABS,2/3/2021,2/11/2021,336.684967,362.3826294
M&M,2/3/2021,2/11/2021,792.9672852,870.0560913
NIFTY200,2/3/2021,2/11/2021,7642.15,7843.1
TATAELXSI,2/3/2021,2/11/2021,2794.176025,2754.054932
ACC,2/11/2021,2/19/2021,1701.499268,1674.098389
ADANIENT,2/11/2021,2/19/2021,656.9609985,779.9542847
APLAPOLLO,2/11/2021,2/19/2021,465.7102661,479.5429688
DIXON,2/11/2021,2/19/2021,3881.151611,3889.108154
LAURUSLABS,2/11/2021,2/19/2021,362.3826294,360.4096375
NIFTY200,2/11/2021,2/19/2021,7843.1,7782.5
TATAELXSI,2/11/2021,2/19/2021,2754.054932,2662.350586
ADANIENT,2/19/2021,3/1/2021,779.9542847,849.3811035
APLAPOLLO,2/19/2021,3/1/2021,479.5429688,540.788147
APOLLOHOSP,2/19/2021,3/1/2021,2884.521973,3043.765869
DIXON,2/19/2021,3/1/2021,3889.108154,3889.956787
LAURUSLABS,2/19/2021,3/1/2021,360.4096375,358.7819214
NIFTY200,2/19/2021,3/1/2021,7782.5,7708.7
TATAELXSI,2/19/2021,3/1/2021,2662.350586,2547.281982
ADANIENT,3/1/2021,3/9/2021,849.3811035,902.9474487
APLAPOLLO,3/1/2021,3/9/2021,540.788147,656.5722656
APOLLOHOSP,3/1/2021,3/9/2021,3043.765869,2851.083008
DIXON,3/1/2021,3/9/2021,3889.956787,3895.517334
LAURUSLABS,3/1/2021,3/9/2021,358.7819214,342.0611572
NIFTY200,3/1/2021,3/9/2021,7708.7,7865.9
TATAELXSI,3/1/2021,3/9/2021,2547.281982,2578.514648
ADANIENT,3/9/2021,3/18/2021,902.9474487,868.8823853
APOLLOHOSP,3/9/2021,3/18/2021,2851.083008,2922.801758
DALBHARAT,3/9/2021,3/18/2021,1423.160767,1541.745117
DIXON,3/9/2021,3/18/2021,3895.517334,4232.961426
NIFTY200,3/9/2021,3/18/2021,7865.9,7583.3
SIEMENS,3/9/2021,3/18/2021,1873.790283,1765.332642
TATAELXSI,3/9/2021,3/18/2021,2578.514648,2598.331787
ADANIENT,3/18/2021,3/26/2021,868.8823853,985.8405762
APLAPOLLO,3/18/2021,3/26/2021,603.5921631,660.0861816
APOLLOHOSP,3/18/2021,3/26/2021,2922.801758,2817.100342
DALBHARAT,3/18/2021,3/26/2021,1541.745117,1521.106567
DIXON,3/18/2021,3/26/2021,4232.961426,3618.327637
NIFTY200,3/18/2021,3/26/2021,7583.3,7573.55
TATAELXSI,3/18/2021,3/26/2021,2598.331787,2574.531494
ADANIENT,3/26/2021,4/7/2021,985.8405762,1162.649536
APLAPOLLO,3/26/2021,4/7/2021,660.0861816,615.692749
APOLLOHOSP,3/26/2021,4/7/2021,2817.100342,3060.214355
DIXON,3/26/2021,4/7/2021,3618.327637,3607.645752
NIFTY200,3/26/2021,4/7/2021,7573.55,7772.7
SIEMENS,3/26/2021,4/7/2021,1783.564819,1764.938354
TATAPOWER,3/26/2021,4/7/2021,99.96730042,100.9336319
ADANIENT,4/7/2021,4/16/2021,1162.649536,1156.115845
APLAPOLLO,4/7/2021,4/16/2021,615.692749,622.7946777
APOLLOHOSP,4/7/2021,4/16/2021,3060.214355,3023.86084
DIXON,4/7/2021,4/16/2021,3607.645752,3729.884033
NIFTY200,4/7/2021,4/16/2021,7772.7,7658.7
TATAELXSI,4/7/2021,4/16/2021,2862.274414,2879.177734
TATAPOWER,4/7/2021,4/16/2021,100.9336319,93.87940216
ADANIENT,4/16/2021,4/27/2021,1156.115845,1188.185791
APOLLOHOSP,4/16/2021,4/27/2021,3023.86084,3152.333008
DIXON,4/16/2021,4/27/2021,3729.884033,4026.719482
NIFTY200,4/16/2021,4/27/2021,7658.7,7685.8
PERSISTENT,4/16/2021,4/27/2021,954.0750732,949.1630249
TATAELXSI,4/16/2021,4/27/2021,2879.177734,3084.347656
TECHM,4/16/2021,4/27/2021,897.2866821,860.8286133
ACC,4/27/2021,5/5/2021,1795.285156,1823.086792
ADANIENT,4/27/2021,5/5/2021,1188.185791,1264.345703
APLAPOLLO,4/27/2021,5/5/2021,649.8662109,644.793396
APOLLOHOSP,4/27/2021,5/5/2021,3152.333008,3292.46167
DIXON,4/27/2021,5/5/2021,4026.719482,4111.073242
NIFTY200,4/27/2021,5/5/2021,7685.8,7707.3
TITAN,4/27/2021,5/5/2021,1471.608398,1405.956421
ADANIENT,5/5/2021,5/14/2021,1264.345703,1217.313232
ADANIPORTS,5/5/2021,5/14/2021,719.97229,715.5339966
APLAPOLLO,5/5/2021,5/14/2021,644.793396,591.5163574
APOLLOHOSP,5/5/2021,5/14/2021,3292.46167,3102.840576
DIXON,5/5/2021,5/14/2021,4111.073242,3947.157471
GRASIM,5/5/2021,5/14/2021,1393.147827,1340.300781
NIFTY200,5/5/2021,5/14/2021,7707.3,7737.25
ADANIENT,5/14/2021,5/24/2021,1217.313232,1303.548218
APLAPOLLO,5/14/2021,5/24/2021,591.5163574,620.2706299
DIXON,5/14/2021,5/24/2021,3947.157471,3899.590088
GRASIM,5/14/2021,5/24/2021,1340.300781,1343.977295
NIFTY200,5/14/2021,5/24/2021,7737.25,8036.7
NMDC,5/14/2021,5/24/2021,28.11582756,27.67687416
TATACONSUM,5/14/2021,5/24/2021,625.2622681,620.3679199
ADANIENT,5/24/2021,6/1/2021,1303.548218,1412.725708
APLAPOLLO,5/24/2021,6/1/2021,620.2706299,642.0961304
DIXON,5/24/2021,6/1/2021,3899.590088,4100.291504
NIFTY200,5/24/2021,6/1/2021,8036.7,8199.65
NMDC,5/24/2021,6/1/2021,27.67687416,27.45739174
PIDILITIND,5/24/2021,6/1/2021,2024.724365,2031.80127
TATACONSUM,5/24/2021,6/1/2021,620.3679199,645.2756958
ADANIENT,6/1/2021,6/9/2021,1412.725708,1590.681885
APOLLOHOSP,6/1/2021,6/9/2021,3200.491211,3265.789551
DIXON,6/1/2021,6/9/2021,4100.291504,4188.589355
GRASIM,6/1/2021,6/9/2021,1416.33606,1462.908203
NIFTY200,6/1/2021,6/9/2021,8199.65,8295.8
NMDC,6/1/2021,6/9/2021,27.45739174,27.15466881
PIDILITIND,6/1/2021,6/9/2021,2031.80127,2040.598755
ADANIENT,6/9/2021,6/17/2021,1590.681885,1364.296509
APOLLOHOSP,6/9/2021,6/17/2021,3265.789551,3201.281494
DIXON,6/9/2021,6/17/2021,4188.589355,4291.709961
GRASIM,6/9/2021,6/17/2021,1462.908203,1429.719238
NIFTY200,6/9/2021,6/17/2021,8295.8,8307.25
NMDC,6/9/2021,6/17/2021,27.15466881,27.21521187
PIDILITIND,6/9/2021,6/17/2021,2040.598755,2091.022705
ADANIENT,6/17/2021,6/25/2021,1364.296509,1515.668823
APOLLOHOSP,6/17/2021,6/25/2021,3201.281494,3397.27417
DIXON,6/17/2021,6/25/2021,4291.709961,4491.314453
GRASIM,6/17/2021,6/25/2021,1429.719238,1477.419312
NIFTY200,6/17/2021,6/25/2021,8307.25,8380.6
PIDILITIND,6/17/2021,6/25/2021,2091.022705,2097.804688
TITAN,6/17/2021,6/25/2021,1684.509888,1726.292847
ADANIENT,6/25/2021,7/5/2021,1515.668823,1391.803467
APOLLOHOSP,6/25/2021,7/5/2021,3397.27417,3672.988281
DIXON,6/25/2021,7/5/2021,4491.314453,4601.473633
GRASIM,6/25/2021,7/5/2021,1477.419312,1460.604004
NIFTY200,6/25/2021,7/5/2021,8380.6,8382.1
PIDILITIND,6/25/2021,7/5/2021,2097.804688,2228.435059
TITAN,6/25/2021,7/5/2021,1726.292847,1722.404785
ADANIENT,7/5/2021,7/13/2021,1391.803467,1415.110718
APOLLOHOSP,7/5/2021,7/13/2021,3672.988281,3704.797363
DIXON,7/5/2021,7/13/2021,4601.473633,4578.263672
GRASIM,7/5/2021,7/13/2021,1460.604004,1545.855957
NIFTY200,7/5/2021,7/13/2021,8382.1,8392.9
PIDILITIND,7/5/2021,7/13/2021,2228.435059,2210.10376
TITAN,7/5/2021,7/13/2021,1722.404785,1697.157837
ADANIENT,7/13/2021,7/22/2021,1415.110718,1414.162476
DIXON,7/13/2021,7/22/2021,4578.263672,4578.462891
NIFTY200,7/13/2021,7/22/2021,8392.9,8409.55
PIDILITIND,7/13/2021,7/22/2021,2210.10376,2270.946777
TATACHEM,7/13/2021,7/22/2021,748.4251099,729.0680542
TATAPOWER,7/13/2021,7/22/2021,121.3674011,121.0249634
TITAN,7/13/2021,7/22/2021,1697.157837,1679.029663
ADANIENT,7/22/2021,7/30/2021,1414.162476,1417.656128
DIXON,7/22/2021,7/30/2021,4578.462891,4297.150391
JSL,7/22/2021,7/30/2021,142.9402924,159.6092987
NIFTY200,7/22/2021,7/30/2021,8409.55,8396.15
OIL,7/22/2021,7/30/2021,86.92780304,89.86310577
PIDILITIND,7/22/2021,7/30/2021,2270.946777,2248.118408
TITAN,7/22/2021,7/30/2021,1679.029663,1691.658813
ADANIENT,7/30/2021,8/9/2021,1417.656128,1490.672607
NIFTY200,7/30/2021,8/9/2021,8396.15,8594.4
OIL,7/30/2021,8/9/2021,89.86310577,89.13602448
PIDILITIND,7/30/2021,8/9/2021,2248.118408,2201.751465
TATACHEM,7/30/2021,8/9/2021,729.49823,808.9815674
TATACONSUM,7/30/2021,8/9/2021,737.1328125,745.5153809
VEDL,7/30/2021,8/9/2021,149.043396,152.8453979
ADANIENT,8/9/2021,8/17/2021,1490.672607,1439.01709
APOLLOHOSP,8/9/2021,8/17/2021,3955.122803,4860.799316
KEI,8/9/2021,8/17/2021,737.5252075,736.3325195
NIFTY200,8/9/2021,8/17/2021,8594.4,8734.6
PIDILITIND,8/9/2021,8/17/2021,2201.751465,2186.262695
TATACHEM,8/9/2021,8/17/2021,808.9815674,827.1915283
TATACONSUM,8/9/2021,8/17/2021,745.5153809,811.7476807
ADANIENT,8/17/2021,8/26/2021,1439.01709,1473.004761
APOLLOHOSP,8/17/2021,8/26/2021,4860.799316,4646.203125
BALKRISIND,8/17/2021,8/26/2021,2248.033691,2219.127197
HAL,8/17/2021,8/26/2021,497.59552,601.4614258
NIFTY200,8/17/2021,8/26/2021,8734.6,8743.85
PIDILITIND,8/17/2021,8/26/2021,2186.262695,2197.706299
TATACONSUM,8/17/2021,8/26/2021,811.7476807,831.7294922
ADANIENT,8/26/2021,9/3/2021,1473.004761,1562.690918
APOLLOHOSP,8/26/2021,9/3/2021,4646.203125,4956.72998
BALKRISIND,8/26/2021,9/3/2021,2219.127197,2354.727783
HAL,8/26/2021,9/3/2021,601.4614258,650.4095459
NIFTY200,8/26/2021,9/3/2021,8743.85,9152.85
TATACHEM,8/26/2021,9/3/2021,790.1502686,803.9152832
TATASTEEL,8/26/2021,9/3/2021,58.02212143,60.91679764
ADANIENT,9/3/2021,9/14/2021,1562.690918,1510.436401
APOLLOHOSP,9/3/2021,9/14/2021,4956.72998,4677.883789
BAJAJFINSV,9/3/2021,9/14/2021,1670.897095,1680.572388
BALKRISIND,9/3/2021,9/14/2021,2354.727783,2414.641357
CHAMBLFERT,9/3/2021,9/14/2021,292.2245789,296.2479248
NIFTY200,9/3/2021,9/14/2021,9152.85,9222.3
TATACHEM,9/3/2021,9/14/2021,803.9152832,798.8967896
ADANIENT,9/14/2021,9/22/2021,1510.436401,1435.124146
APOLLOHOSP,9/14/2021,9/22/2021,4677.883789,4848.34375
BAJAJFINSV,9/14/2021,9/22/2021,1680.572388,1758.803589
CHAMBLFERT,9/14/2021,9/22/2021,296.2479248,282.9754944
NIFTY200,9/14/2021,9/22/2021,9222.3,9287.95
SRF,9/14/2021,9/22/2021,2112.063232,2122.80542
TATACHEM,9/14/2021,9/22/2021,798.8967896,788.9076538
BAJAJFINSV,9/22/2021,9/30/2021,1758.803589,1775.977539
HCLTECH,9/22/2021,9/30/2021,1147.293335,1115.940552
NIFTY200,9/22/2021,9/30/2021,9287.95,9318.55
OFSS,9/22/2021,9/30/2021,4024.307129,3923.590088
SRF,9/22/2021,9/30/2021,2122.80542,2231.29248
TATACHEM,9/22/2021,9/30/2021,788.9076538,878.7625732
TATACONSUM,9/22/2021,9/30/2021,832.5580444,793.03302
ADANIENT,9/30/2021,10/8/2021,1465.418701,1545.072998
APOLLOHOSP,9/30/2021,10/8/2021,4429.925293,4328.755371
BAJAJFINSV,9/30/2021,10/8/2021,1775.977539,1752.283569
NIFTY200,9/30/2021,10/8/2021,9318.55,9495.7
SRF,9/30/2021,10/8/2021,2231.29248,2362.807129
TATACHEM,9/30/2021,10/8/2021,878.7625732,923.0688477
TATAELXSI,9/30/2021,10/8/2021,5469.094727,6092.501953
ADANIENT,10/8/2021,10/19/2021,1545.072998,1566.583618
BAJAJFINSV,10/8/2021,10/19/2021,1752.283569,1904.762085
COFORGE,10/8/2021,10/19/2021,5361.799316,5566.504883
NIFTY200,10/8/2021,10/19/2021,9495.7,9754
OFSS,10/8/2021,10/19/2021,4124.852539,4257.779297
TATACONSUM,10/8/2021,10/19/2021,798.0528564,821.9822388
TATAELXSI,10/8/2021,10/19/2021,6092.501953,6148.86377
BAJAJFINSV,10/19/2021,10/27/2021,1904.762085,1798.468384
BALKRISIND,10/19/2021,10/27/2021,2523.923096,2427.484131
COFORGE,10/19/2021,10/27/2021,5566.504883,4789.137207
NIFTY200,10/19/2021,10/27/2021,9754,9595.6
SRF,10/19/2021,10/27/2021,2282.559082,2121.479492
TATAELXSI,10/19/2021,10/27/2021,6148.86377,5736.094238
TRENT,10/19/2021,10/27/2021,1112.418823,1029.932373
BAJAJFINSV,10/27/2021,11/4/2021,1798.468384,1756.731812
CGPOWER,10/27/2021,11/4/2021,156.6712189,163.1063843
JSWENERGY,10/27/2021,11/4/2021,359.9052429,326.4725342
NIFTY200,10/27/2021,11/4/2021,9595.6,9502.4
RELIANCE,10/27/2021,11/4/2021,1196.199585,1137.673584
TATAELXSI,10/27/2021,11/4/2021,5736.094238,6081.160645
TRENT,10/27/2021,11/4/2021,1029.932373,1090.153564
BAJAJFINSV,11/4/2021,11/15/2021,1756.731812,1810.300537
CHAMBLFERT,11/4/2021,11/15/2021,324.9200439,329.2671204
NIFTY200,11/4/2021,11/15/2021,9502.4,9637.35
RELIANCE,11/4/2021,11/15/2021,1137.673584,1173.617676
SRF,11/4/2021,11/15/2021,2076.425049,2169.056396
TATAELXSI,11/4/2021,11/15/2021,6081.160645,6471.443359
TRENT,11/4/2021,11/15/2021,1090.153564,1152.815063
ADANIENT,11/15/2021,11/24/2021,1746.354614,1751.944458
BAJAJFINSV,11/15/2021,11/24/2021,1810.300537,1738.229858
COFORGE,11/15/2021,11/24/2021,5233.16748,5120.338379
NIFTY200,11/15/2021,11/24/2021,9637.35,9282.3
PERSISTENT,11/15/2021,11/24/2021,2074.324463,2001.87146
TATAELXSI,11/15/2021,11/24/2021,6471.443359,5877.953125
TRENT,11/15/2021,11/24/2021,1152.815063,1091.5979
BAJAJFINSV,11/24/2021,12/2/2021,1738.229858,1773.121826
CGPOWER,11/24/2021,12/2/2021,153.8991547,155.5327148
COFORGE,11/24/2021,12/2/2021,5120.338379,5155.043945
MPHASIS,11/24/2021,12/2/2021,2998.942383,2900.86499
NIFTY200,11/24/2021,12/2/2021,9282.3,9237.9
TATAELXSI,11/24/2021,12/2/2021,5877.953125,5846.179199
TRENT,11/24/2021,12/2/2021,1091.5979,1027.441895
BAJAJFINSV,12/2/2021,12/10/2021,1773.121826,1768.42395
CDSL,12/2/2021,12/10/2021,746.236084,739.730835
CGPOWER,12/2/2021,12/10/2021,155.5327148,163.4528961
COFORGE,12/2/2021,12/10/2021,5155.043945,5060.972168
KEI,12/2/2021,12/10/2021,1140.999878,1107.256836
NIFTY200,12/2/2021,12/10/2021,9237.9,9332.45
TATAELXSI,12/2/2021,12/10/2021,5846.179199,5859.866699
BAJAJFINSV,12/10/2021,12/20/2021,1768.42395,1580.219849
CDSL,12/10/2021,12/20/2021,739.730835,714.411377
COFORGE,12/10/2021,12/20/2021,5060.972168,4933.956055
KEI,12/10/2021,12/20/2021,1107.256836,1058.456299
NIFTY200,12/10/2021,12/20/2021,9332.45,8807.7
PERSISTENT,12/10/2021,12/20/2021,2114.169434,2153.137207
TATAELXSI,12/10/2021,12/20/2021,5859.866699,5312.424316
CDSL,12/20/2021,12/28/2021,714.411377,720.3845215
CHAMBLFERT,12/20/2021,12/28/2021,346.1929016,358.956665
JSL,12/20/2021,12/28/2021,174.8031464,191.4229584
KEI,12/20/2021,12/28/2021,1058.456299,1152.479492
NIFTY200,12/20/2021,12/28/2021,8807.7,9151.2
PERSISTENT,12/20/2021,12/28/2021,2153.137207,2265.021484
PIDILITIND,12/20/2021,12/28/2021,2373.161865,2439.506348
CDSL,12/28/2021,1/5/2022,720.3845215,738.8119507
CHAMBLFERT,12/28/2021,1/5/2022,358.956665,396.8778687
COFORGE,12/28/2021,1/5/2022,5385.033203,5655.251953
KEI,12/28/2021,1/5/2022,1152.479492,1150.143677
NIFTY200,12/28/2021,1/5/2022,9151.2,9477.2
PERSISTENT,12/28/2021,1/5/2022,2265.021484,2280.545166
TITAN,12/28/2021,1/5/2022,2348.076172,2541.755371
BAJAJFINSV,1/5/2022,1/13/2022,1796.111938,1819.736084
CHAMBLFERT,1/5/2022,1/13/2022,396.8778687,417.5958252
COFORGE,1/5/2022,1/13/2022,5655.251953,5452.588379
KEI,1/5/2022,1/13/2022,1150.143677,1135.980713
NIFTY200,1/5/2022,1/13/2022,9477.2,9672.75
TATAELXSI,1/5/2022,1/13/2022,5830.585449,6258.753418
TRENT,1/5/2022,1/13/2022,1066.792358,1178.417847
ASTRAL,1/13/2022,1/21/2022,1852.247925,1772.81604
BAJAJFINSV,1/13/2022,1/21/2022,1819.736084,1631.042603
CHAMBLFERT,1/13/2022,1/21/2022,417.5958252,432.1168518
COFORGE,1/13/2022,1/21/2022,5452.588379,4951.475586
NIFTY200,1/13/2022,1/21/2022,9672.75,9330.85
TATAELXSI,1/13/2022,1/21/2022,6258.753418,7039.856934
TRENT,1/13/2022,1/21/2022,1178.417847,1177.371704
ASTRAL,1/21/2022,2/1/2022,1772.81604,1627.34082
BAJFINANCE,1/21/2022,2/1/2022,7279.369141,6924.815918
CHAMBLFERT,1/21/2022,2/1/2022,432.1168518,389.8947754
KEI,1/21/2022,2/1/2022,1158.691406,1090.161865
NIFTY200,1/21/2022,2/1/2022,9330.85,9305.6
TATAELXSI,1/21/2022,2/1/2022,7039.856934,7298.106445
TRENT,1/21/2022,2/1/2022,1177.371704,1056.381836
CGPOWER,2/1/2022,2/9/2022,172.2145844,170.4325562
CHAMBLFERT,2/1/2022,2/9/2022,389.8947754,377.9327698
KEI,2/1/2022,2/9/2022,1090.161865,1044.581055
NIFTY200,2/1/2022,2/9/2022,9305.6,9251.2
PERSISTENT,2/1/2022,2/9/2022,2202.344727,2138.576904
SRF,2/1/2022,2/9/2022,2420.591797,2560.664063
TATAELXSI,2/1/2022,2/9/2022,7298.106445,7496.425293
CDSL,2/9/2022,2/17/2022,730.7348633,715.1610718
CGPOWER,2/9/2022,2/17/2022,170.4325562,171.6205902
HAL,2/9/2022,2/17/2022,666.5639038,655.5316772
NIFTY200,2/9/2022,2/17/2022,9251.2,9125.25
PERSISTENT,2/9/2022,2/17/2022,2138.576904,1916.515503
SRF,2/9/2022,2/17/2022,2560.664063,2411.015869
TATAELXSI,2/9/2022,2/17/2022,7496.425293,6786.202148
ADANIGREEN,2/17/2022,2/25/2022,2047.599976,1923.5
CGPOWER,2/17/2022,2/25/2022,171.6205902,167.5119934
HAL,2/17/2022,2/25/2022,655.5316772,631.5355835
NIFTY200,2/17/2022,2/25/2022,9125.25,8779.15
RELIANCE,2/17/2022,2/25/2022,1112.473755,1039.834106
SRF,2/17/2022,2/25/2022,2411.015869,2403.187012
TATAELXSI,2/17/2022,2/25/2022,6786.202148,6354.564453
ADANIGREEN,2/25/2022,3/8/2022,1923.5,1783.949951
BANKBARODA,2/25/2022,3/8/2022,97.94282532,89.36823273
CUMMINSIND,2/25/2022,3/8/2022,920.6217041,907.0464478
FEDERALBNK,2/25/2022,3/8/2022,93.79402161,86.91094208
NIFTY200,2/25/2022,3/8/2022,8779.15,8467.3
ONGC,2/25/2022,3/8/2022,130.9717865,147.0661316
SRF,2/25/2022,3/8/2022,2403.187012,2170.142334
ADANIGREEN,3/8/2022,3/16/2022,1783.949951,1833.650024
INFY,3/8/2022,3/16/2022,1667.030273,1771.278198
IOC,3/8/2022,3/16/2022,66.80859375,69.60536957
NIFTY200,3/8/2022,3/16/2022,8467.3,8952.35
PERSISTENT,3/8/2022,3/16/2022,2055.144531,2168.917969
SUNPHARMA,3/8/2022,3/16/2022,830.4385376,863.6561279
TRENT,3/8/2022,3/16/2022,1074.637573,1167.488403
ADANIGREEN,3/16/2022,3/25/2022,1833.650024,1921.25
CHAMBLFERT,3/16/2022,3/25/2022,376.1557922,383.3104553
NIFTY200,3/16/2022,3/25/2022,8952.35,9058.5
PIDILITIND,3/16/2022,3/25/2022,2429.739502,2423.376465
RELIANCE,3/16/2022,3/25/2022,1094.194458,1181.835571
TATAELXSI,3/16/2022,3/25/2022,7052.272949,8249.714844
TRENT,3/16/2022,3/25/2022,1167.488403,1257.249268
ADANIGREEN,3/25/2022,4/4/2022,1921.25,2110.449951
CGPOWER,3/25/2022,4/4/2022,182.6593475,184.6394043
CHAMBLFERT,3/25/2022,4/4/2022,383.3104553,433.5331421
GAIL,3/25/2022,4/4/2022,88.01939392,96.39510345
NIFTY200,3/25/2022,4/4/2022,9058.5,9514.7
TATAELXSI,3/25/2022,4/4/2022,8249.714844,8808.448242
TRENT,3/25/2022,4/4/2022,1257.249268,1290.492188
ADANIGREEN,4/4/2022,4/12/2022,2110.449951,2792.399902
CGPOWER,4/4/2022,4/12/2022,184.6394043,200.9252777
CHAMBLFERT,4/4/2022,4/12/2022,433.5331421,428.6698608
NIFTY200,4/4/2022,4/12/2022,9514.7,9351.7
PERSISTENT,4/4/2022,4/12/2022,2346.728516,2146.5354
TATAELXSI,4/4/2022,4/12/2022,8808.448242,8221.411133
TRENT,4/4/2022,4/12/2022,1290.492188,1246.484009
ADANIGREEN,4/12/2022,4/22/2022,2792.399902,2882.800049
CGPOWER,4/12/2022,4/22/2022,200.9252777,191.1735535
CHAMBLFERT,4/12/2022,4/22/2022,428.6698608,438.8173218
IOC,4/12/2022,4/22/2022,71.94552612,76.6829071
NIFTY200,4/12/2022,4/22/2022,9351.7,9179.5
TATAELXSI,4/12/2022,4/22/2022,8221.411133,8171.306152
TRENT,4/12/2022,4/22/2022,1246.484009,1282.467896
ADANIGREEN,4/22/2022,5/2/2022,2882.800049,2830.350098
CGPOWER,4/22/2022,5/2/2022,191.1735535,190.6785278
CHAMBLFERT,4/22/2022,5/2/2022,438.8173218,431.5223389
IOC,4/22/2022,5/2/2022,76.6829071,72.28798676
NIFTY200,4/22/2022,5/2/2022,9179.5,9098.95
TATAELXSI,4/22/2022,5/2/2022,8171.306152,7500.873535
TRENT,4/22/2022,5/2/2022,1282.467896,1216.28125
ADANIGREEN,5/2/2022,5/11/2022,2830.350098,2648.050049
BANKBARODA,5/2/2022,5/11/2022,103.3993683,92.85310364
CESC,5/2/2022,5/11/2022,74.66214752,69.12670135
CGPOWER,5/2/2022,5/11/2022,190.6785278,168.6010284
CHAMBLFERT,5/2/2022,5/11/2022,431.5223389,382.0478821
NIFTY200,5/2/2022,5/11/2022,9098.95,8544.7
TRENT,5/2/2022,5/11/2022,1216.28125,1042.541138
ABB,5/11/2022,5/19/2022,2252.333496,2257.344482
ADANIENT,5/11/2022,5/19/2022,2115.429688,2110.887451
ADANIGREEN,5/11/2022,5/19/2022,2648.050049,2317.5
ITC,5/11/2022,5/19/2022,232.9936523,251.2212219
NIFTY200,5/11/2022,5/19/2022,8544.7,8378.35
POWERGRID,5/11/2022,5/19/2022,155.0240936,147.9598999
SOLARINDS,5/11/2022,5/19/2022,2798.457275,2862.009766
ABB,5/19/2022,5/27/2022,2257.344482,2266.373535
ADANIENT,5/19/2022,5/27/2022,2110.887451,2076.35083
ITC,5/19/2022,5/27/2022,251.2212219,251.0977173
M&M,5/19/2022,5/27/2022,849.3881836,917.0466919
NIFTY200,5/19/2022,5/27/2022,8378.35,8606.15
POWERGRID,5/19/2022,5/27/2022,147.9598999,145.6267395
TATAELXSI,5/19/2022,5/27/2022,8076.961914,8150.678223
ADANIENT,5/27/2022,6/6/2022,2076.35083,2220.986328
GMRAIRPORT,5/27/2022,6/6/2022,37.90000153,37.15000153
ITC,5/27/2022,6/6/2022,251.0977173,256.3211365
NIFTY200,5/27/2022,6/6/2022,8606.15,8703.35
POWERGRID,5/27/2022,6/6/2022,145.6267395,145.6915436
RELIANCE,5/27/2022,6/6/2022,1172.388428,1260.006836
TATAELXSI,5/27/2022,6/6/2022,8150.678223,8502.000977
ABB,6/6/2022,6/14/2022,2345.056396,2303.28418
ADANIENT,6/6/2022,6/14/2022,2220.986328,2192.438232
CGPOWER,6/6/2022,6/14/2022,182.510849,167.3139648
INDHOTEL,6/6/2022,6/14/2022,227.0552979,214.7967834
NIFTY200,6/6/2022,6/14/2022,8703.35,8291.1
POWERGRID,6/6/2022,6/14/2022,145.6915436,145.1406708
TATAELXSI,6/6/2022,6/14/2022,8502.000977,8199.414063
ABB,6/14/2022,6/22/2022,2303.28418,2198.704346
ITC,6/14/2022,6/22/2022,247.5998993,247.4599762
KEI,6/14/2022,6/22/2022,1242.419922,1142.305054
M&MFIN,6/14/2022,6/22/2022,163.4022369,159.8140869
NIFTY200,6/14/2022,6/22/2022,8291.1,8093.45
RELIANCE,6/14/2022,6/22/2022,1196.518311,1140.746582
TATAELXSI,6/14/2022,6/22/2022,8199.414063,7362.251465
ASHOKLEY,6/22/2022,6/30/2022,123.6455154,136.9412537
EICHERMOT,6/22/2022,6/30/2022,2587.598633,2715.484619
ITC,6/22/2022,6/30/2022,247.4599762,255.1085815
MARUTI,6/22/2022,6/30/2022,7588.089355,8258.881836
NIFTY200,6/22/2022,6/30/2022,8093.45,8290.8
TATASTEEL,6/22/2022,6/30/2022,79.55812836,82.30625916
TVSMOTOR,6/22/2022,6/30/2022,734.2874146,831.0704346
ABB,6/30/2022,7/8/2022,2282.993164,2568.950439
ASHOKLEY,6/30/2022,7/8/2022,136.9412537,133.513092
NIFTY200,6/30/2022,7/8/2022,8290.8,8564
RELIANCE,6/30/2022,7/8/2022,1181.744629,1088.753784
TATAELXSI,6/30/2022,7/8/2022,8028.729004,7854.408203
TATASTEEL,6/30/2022,7/8/2022,82.30625916,84.09562683
TVSMOTOR,6/30/2022,7/8/2022,831.0704346,828.3066406
ABB,7/8/2022,7/18/2022,2568.950439,2566.420166
BANKBARODA,7/8/2022,7/18/2022,99.75835419,102.025589
NIFTY200,7/8/2022,7/18/2022,8564,8651.95
TATAELXSI,7/8/2022,7/18/2022,7854.408203,7963.382813
TATASTEEL,7/8/2022,7/18/2022,84.09562683,85.84227753
TRENT,7/8/2022,7/18/2022,1201.657593,1205.948364
TVSMOTOR,7/8/2022,7/18/2022,828.3066406,866.8519897
ABB,7/18/2022,7/26/2022,2566.420166,2692.282715
BANKBARODA,7/18/2022,7/26/2022,102.025589,110.0553741
CHOLAFIN,7/18/2022,7/26/2022,666.4991455,674.508667
NIFTY200,7/18/2022,7/26/2022,8651.95,8745.85
POONAWALLA,7/18/2022,7/26/2022,263.3356323,260.5121765
TATAELXSI,7/18/2022,7/26/2022,7963.382813,8216.167969
TVSMOTOR,7/18/2022,7/26/2022,866.8519897,853.2797241
ABB,7/26/2022,8/3/2022,2692.282715,2650.80835
BANKBARODA,7/26/2022,8/3/2022,110.0553741,114.3536835
BOSCHLTD,7/26/2022,8/3/2022,15532.84961,16420.61523
CHOLAFIN,7/26/2022,8/3/2022,674.508667,753.8772583
NIFTY200,7/26/2022,8/3/2022,8745.85,9214.3
TATAELXSI,7/26/2022,8/3/2022,8216.167969,8686.853516
TVSMOTOR,7/26/2022,8/3/2022,853.2797241,915.7617188
ABB,8/3/2022,8/12/2022,2650.80835,2775.480469
BANKBARODA,8/3/2022,8/12/2022,114.3536835,116.3375092
BOSCHLTD,8/3/2022,8/12/2022,16420.61523,16383.69141
CHOLAFIN,8/3/2022,8/12/2022,753.8772583,779.9519653
NESTLEIND,8/3/2022,8/12/2022,1878.881348,1896.087891
NIFTY200,8/3/2022,8/12/2022,9214.3,9387.5
TVSMOTOR,8/3/2022,8/12/2022,915.7617188,940.241272
ABB,8/12/2022,8/23/2022,2775.480469,2845.778809
AMBUJACEM,8/12/2022,8/23/2022,381.4190979,401.8876648
CHOLAFIN,8/12/2022,8/23/2022,779.9519653,783.3356934
EICHERMOT,8/12/2022,8/23/2022,3140.310303,3389.371094
ITC,8/12/2022,8/23/2022,287.8016357,294.6574097
NIFTY200,8/12/2022,8/23/2022,9387.5,9349.05
TRENT,8/12/2022,8/23/2022,1379.773315,1343.900635
ABB,8/23/2022,9/1/2022,2845.778809,3377.210938
CHOLAFIN,8/23/2022,9/1/2022,783.3356934,785.5251465
COALINDIA,8/23/2022,9/1/2022,178.6207733,184.5921631
INDIGO,8/23/2022,9/1/2022,2004.5,2038.349976
ITC,8/23/2022,9/1/2022,294.6574097,296.2430725
KOTAKBANK,8/23/2022,9/1/2022,1852.193115,1899.202881
NIFTY200,8/23/2022,9/1/2022,9349.05,9401.95
BANKBARODA,9/1/2022,9/9/2022,126.0677261,130.4132538
CHOLAFIN,9/1/2022,9/9/2022,785.5251465,786.9682617
COALINDIA,9/1/2022,9/9/2022,184.5921631,190.4433289
INDIGO,9/1/2022,9/9/2022,2038.349976,1933.300049
ITC,9/1/2022,9/9/2022,296.2430725,308.2756042
NIFTY200,9/1/2022,9/9/2022,9401.95,9547.15
PRESTIGE,9/1/2022,9/9/2022,467.4247131,471.0504761
ABB,9/9/2022,9/19/2022,3288.853516,3133.224365
BANKBARODA,9/9/2022,9/19/2022,130.4132538,133.2473145
CGPOWER,9/9/2022,9/19/2022,225.0818634,237.6551514
CHOLAFIN,9/9/2022,9/19/2022,786.9682617,781.8927002
COALINDIA,9/9/2022,9/19/2022,190.4433289,184.2715454
ITC,9/9/2022,9/19/2022,308.2756042,313.0326843
NIFTY200,9/9/2022,9/19/2022,9547.15,9447.1
ABB,9/19/2022,9/27/2022,3133.224365,3009.147461
BANKBARODA,9/19/2022,9/27/2022,133.2473145,120.6830444
CHOLAFIN,9/19/2022,9/27/2022,781.8927002,717.2035522
COALINDIA,9/19/2022,9/27/2022,184.2715454,171.4470978
EICHERMOT,9/19/2022,9/27/2022,3512.140869,3492.869385
ITC,9/19/2022,9/27/2022,313.0326843,312.3331299
NIFTY200,9/19/2022,9/27/2022,9447.1,9093.9
ABB,9/27/2022,10/6/2022,3009.147461,3164.032959
AMBUJACEM,9/27/2022,10/6/2022,499.9187317,502.4463196
BANKBARODA,9/27/2022,10/6/2022,120.6830444,127.4375076
ITC,9/27/2022,10/6/2022,312.3331299,314.0120544
LICHSGFIN,9/27/2022,10/6/2022,383.8680725,412.4441833
NIFTY200,9/27/2022,10/6/2022,9093.9,9281.25
TRENT,9/27/2022,10/6/2022,1393.044678,1444.284058
AMBUJACEM,10/6/2022,10/14/2022,502.4463196,497.4407043
BANKBARODA,10/6/2022,10/14/2022,127.4375076,123.2336807
COALINDIA,10/6/2022,10/14/2022,187.1570587,189.4414368
ITC,10/6/2022,10/14/2022,314.0120544,309.7680664
LICHSGFIN,10/6/2022,10/14/2022,412.4441833,392.5714722
NIFTY200,10/6/2022,10/14/2022,9281.25,9139.1
TVSMOTOR,10/6/2022,10/14/2022,1060.911499,1064.415649
AMBUJACEM,10/14/2022,10/24/2022,497.4407043,512.3584595
BANKBARODA,10/14/2022,10/24/2022,123.2336807,136.4592285
COALINDIA,10/14/2022,10/24/2022,189.4414368,192.7677612
INDIANB,10/14/2022,10/24/2022,182.3783112,221.7845459
ITC,10/14/2022,10/24/2022,309.7680664,324.3190002
NIFTY200,10/14/2022,10/24/2022,9139.1,9388.35
NTPC,10/14/2022,10/24/2022,152.286499,153.9928894
ADANIENT,10/24/2022,11/2/2022,3305.159668,3575.679688
AMBUJACEM,10/24/2022,11/2/2022,512.3584595,540.2115479
BANKBARODA,10/24/2022,11/2/2022,136.4592285,138.91539
COALINDIA,10/24/2022,11/2/2022,192.7677612,197.0158691
INDHOTEL,10/24/2022,11/2/2022,314.3740845,340.4766541
ITC,10/24/2022,11/2/2022,324.3190002,330.8016663
NIFTY200,10/24/2022,11/2/2022,9388.35,9590.05
AMBUJACEM,11/2/2022,11/11/2022,540.2115479,552.6513062
BANKBARODA,11/2/2022,11/11/2022,138.91539,152.8022156
BEL,11/2/2022,11/11/2022,103.6249771,103.8184891
COALINDIA,11/2/2022,11/11/2022,197.0158691,202.9872589
INDHOTEL,11/2/2022,11/11/2022,340.4766541,313.5785828
ITC,11/2/2022,11/11/2022,330.8016663,332.3873291
NIFTY200,11/2/2022,11/11/2022,9590.05,9693.1
BANKBARODA,11/11/2022,11/21/2022,152.8022156,152.9439087
COALINDIA,11/11/2022,11/21/2022,202.9872589,195.7914124
ITC,11/11/2022,11/21/2022,332.3873291,314.5250854
NIFTY200,11/11/2022,11/21/2022,9693.1,9565.55
NTPC,11/11/2022,11/21/2022,158.1436615,151.6408081
PRESTIGE,11/11/2022,11/21/2022,470.0073853,467.0175171
TVSMOTOR,11/11/2022,11/21/2022,1093.139648,1034.901978
ADANIENT,11/21/2022,11/29/2022,3996.239502,3872.962158
BANKBARODA,11/21/2022,11/29/2022,152.9439087,158.5175323
BEL,11/21/2022,11/29/2022,102.367157,102.7058105
CGPOWER,11/21/2022,11/29/2022,264.6828003,277.058075
COALINDIA,11/21/2022,11/29/2022,195.7914124,193.87146
ITC,11/21/2022,11/29/2022,314.5250854,319.282135
NIFTY200,11/21/2022,11/29/2022,9565.55,9789
BANKBARODA,11/29/2022,12/7/2022,158.5175323,166.7362671
BEL,11/29/2022,12/7/2022,102.7058105,102.2703934
CGPOWER,11/29/2022,12/7/2022,277.058075,278.3946533
COALINDIA,11/29/2022,12/7/2022,193.87146,196.0474091
ITC,11/29/2022,12/7/2022,319.282135,317.2300415
NIFTY200,11/29/2022,12/7/2022,9789,9811.4
NTPC,11/29/2022,12/7/2022,156.9445343,158.5126343
ADANIENT,12/7/2022,12/15/2022,3993.693115,4038.080811
BANKBARODA,12/7/2022,12/15/2022,166.7362671,174.3409424
BEL,12/7/2022,12/15/2022,102.2703934,99.89989471
COALINDIA,12/7/2022,12/15/2022,196.0474091,194.7247772
ITC,12/7/2022,12/15/2022,317.2300415,316.0641479
NIFTY200,12/7/2022,12/15/2022,9811.4,9751.7
NTPC,12/7/2022,12/15/2022,158.5126343,158.7432251
AMBUJACEM,12/15/2022,12/23/2022,556.2692261,486.9338074
BANKBARODA,12/15/2022,12/23/2022,174.3409424,159.6983795
CGPOWER,12/15/2022,12/23/2022,276.2165833,249.1394043
INDHOTEL,12/15/2022,12/23/2022,331.3780518,297.817627
ITC,12/15/2022,12/23/2022,316.0641479,304.7311707
NIFTY200,12/15/2022,12/23/2022,9751.7,9332.9
NTPC,12/15/2022,12/23/2022,158.7432251,150.3494568
BANKBARODA,12/23/2022,1/2/2023,159.6983795,175.9468994
CANBK,12/23/2022,1/2/2023,54.60663605,62.96011353
DALBHARAT,12/23/2022,1/2/2023,1754.72937,1870.885254
HDFCBANK,12/23/2022,1/2/2023,1558.257324,1588.541748
INDIANB,12/23/2022,1/2/2023,257.5393982,280.4908447
LICHSGFIN,12/23/2022,1/2/2023,382.0306702,410.4617615
NIFTY200,12/23/2022,1/2/2023,9332.9,9599.75
BANKBARODA,1/2/2023,1/10/2023,175.9468994,170.7039185
CGPOWER,1/2/2023,1/10/2023,267.9003601,286.9088135
COALINDIA,1/2/2023,1/10/2023,191.7808685,184.9543915
INDHOTEL,1/2/2023,1/10/2023,315.4182129,308.6066589
NIFTY200,1/2/2023,1/10/2023,9599.75,9475.35
NTPC,1/2/2023,1/10/2023,154.9614258,154.9153137
UNIONBANK,1/2/2023,1/10/2023,76.72068024,74.55289459
BANKBARODA,1/10/2023,1/18/2023,170.7039185,168.3894501
CGPOWER,1/10/2023,1/18/2023,286.9088135,305.2737427
DALBHARAT,1/10/2023,1/18/2023,1856.81189,1867.614868
INDIANB,1/10/2023,1/18/2023,274.0890808,266.1224976
NIFTY200,1/10/2023,1/18/2023,9475.35,9571.6
NTPC,1/10/2023,1/18/2023,154.9153137,156.2988739
UNIONBANK,1/10/2023,1/18/2023,74.55289459,76.57929993
BANKBARODA,1/18/2023,1/27/2023,168.3894501,148.5511475
BEL,1/18/2023,1/27/2023,99.36773682,91.24031067
CGPOWER,1/18/2023,1/27/2023,305.2737427,295.4230347
DALBHARAT,1/18/2023,1/27/2023,1867.614868,1678.613403
NIFTY200,1/18/2023,1/27/2023,9571.6,9202.15
NTPC,1/18/2023,1/27/2023,156.2988739,153.3933563
UNIONBANK,1/18/2023,1/27/2023,76.57929993,70.59433746
CGPOWER,1/27/2023,2/6/2023,295.4230347,304.3332214
COALINDIA,1/27/2023,2/6/2023,189.775589,187.3863525
EXIDEIND,1/27/2023,2/6/2023,181.0595856,180.170105
HDFCBANK,1/27/2023,2/6/2023,1575.959961,1611.023438
INDIANB,1/27/2023,2/6/2023,267.7822266,277.1714172
NIFTY200,1/27/2023,2/6/2023,9202.15,9226.6
UNIONBANK,1/27/2023,2/6/2023,70.59433746,69.74607086
BANKBARODA,2/6/2023,2/14/2023,158.6119995,159.4622192
CGPOWER,2/6/2023,2/14/2023,304.3332214,332.4004211
HDFCBANK,2/6/2023,2/14/2023,1611.023438,1632.432129
INDHOTEL,2/6/2023,2/14/2023,312.9819641,312.4847717
ITC,2/6/2023,2/14/2023,357.6183777,360.4632874
NIFTY200,2/6/2023,2/14/2023,9226.6,9260.7
NTPC,2/6/2023,2/14/2023,157.1648712,157.1648712
BANKBARODA,2/14/2023,2/22/2023,159.4622192,148.4094543
CGPOWER,2/14/2023,2/22/2023,332.4004211,311.2633972
EXIDEIND,2/14/2023,2/22/2023,179.082962,171.6211548
HDFCBANK,2/14/2023,2/22/2023,1632.432129,1574.39917
ITC,2/14/2023,2/22/2023,360.4632874,363.6846619
NIFTY200,2/14/2023,2/22/2023,9260.7,9082.65
NTPC,2/14/2023,2/22/2023,157.1648712,161.37677
CGPOWER,2/22/2023,3/2/2023,311.2633972,297.0565491
CYIENT,2/22/2023,3/2/2023,940.0306396,924.8751221
DALBHARAT,2/22/2023,3/2/2023,1895.9104,1829.309204
ITC,2/22/2023,3/2/2023,363.6846619,355.8207092
JSL,2/22/2023,3/2/2023,259.8199768,274.3254089
NIFTY200,2/22/2023,3/2/2023,9082.65,8999.9
NTPC,2/22/2023,3/2/2023,161.37677,161.6606903
CGPOWER,3/2/2023,3/13/2023,297.0565491,288.0473633
CYIENT,3/2/2023,3/13/2023,924.8751221,898.4734497
DALBHARAT,3/2/2023,3/13/2023,1829.309204,1724.253296
ITC,3/2/2023,3/13/2023,355.8207092,363.4951782
JSL,3/2/2023,3/13/2023,274.3254089,303.8280334
NIFTY200,3/2/2023,3/13/2023,8999.9,8924.7
NTPC,3/2/2023,3/13/2023,161.6606903,170.0844574
CYIENT,3/13/2023,3/21/2023,898.4734497,913.9669189
ITC,3/13/2023,3/21/2023,363.4951782,357.1471558
JSL,3/13/2023,3/21/2023,303.8280334,286.2247925
NCC,3/13/2023,3/21/2023,94.08747864,101.1319885
NIFTY200,3/13/2023,3/21/2023,8924.7,8906.65
NTPC,3/13/2023,3/21/2023,170.0844574,167.6235962
SIEMENS,3/13/2023,3/21/2023,3255.634033,3298.644775
CGPOWER,3/21/2023,3/29/2023,294.8534546,303.56073
DALBHARAT,3/21/2023,3/29/2023,1806.464233,1911.569824
ITC,3/21/2023,3/29/2023,357.1471558,362.6424255
JSL,3/21/2023,3/29/2023,286.2247925,274.6203918
NIFTY200,3/21/2023,3/29/2023,8906.65,8875.6
NTPC,3/21/2023,3/29/2023,167.6235962,164.6894836
SIEMENS,3/21/2023,3/29/2023,3298.644775,3311.289551
CGPOWER,3/29/2023,4/11/2023,303.56073,293.111969
DALBHARAT,3/29/2023,4/11/2023,1911.569824,1983.37439
ITC,3/29/2023,4/11/2023,362.6424255,375.1963501
JSL,3/29/2023,4/11/2023,274.6203918,272.4077148
NIFTY200,3/29/2023,4/11/2023,8875.6,9192.55
NTPC,3/29/2023,4/11/2023,164.6894836,168.5700836
SHREECEM,3/29/2023,4/11/2023,25605.96289,25999.60938
BANKBARODA,4/11/2023,4/20/2023,161.398819,167.9171143
DALBHARAT,4/11/2023,4/20/2023,1983.37439,1971.233398
ITC,4/11/2023,4/20/2023,375.1963501,379.2704468
JSL,4/11/2023,4/20/2023,272.4077148,260.7541504
NCC,4/11/2023,4/20/2023,103.8339844,109.3827362
NIFTY200,4/11/2023,4/20/2023,9192.55,9179.2
NTPC,4/11/2023,4/20/2023,168.5700836,160.6195679
BANKBARODA,4/20/2023,4/28/2023,167.9171143,177.3639374
CGPOWER,4/20/2023,4/28/2023,298.6846619,307.3422241
DALBHARAT,4/20/2023,4/28/2023,1971.233398,1978.418945
ITC,4/20/2023,4/28/2023,379.2704468,403.1940002
NCC,4/20/2023,4/28/2023,109.3827362,115.6069794
NIFTY200,4/20/2023,4/28/2023,9179.2,9404
SIEMENS,4/20/2023,4/28/2023,3256.978271,3434.497803
CGPOWER,4/28/2023,5/9/2023,307.3422241,318.9353333
DALBHARAT,4/28/2023,5/9/2023,1978.418945,2057.310059
ITC,4/28/2023,5/9/2023,403.1940002,401.5358887
JSL,4/28/2023,5/9/2023,279.2527161,288.9606934
NCC,4/28/2023,5/9/2023,115.6069794,108.900238
NIFTY200,4/28/2023,5/9/2023,9404,9527
NTPC,4/28/2023,5/9/2023,162.7964783,166.5824432
DALBHARAT,5/9/2023,5/17/2023,2057.310059,2058.201904
HDFCBANK,5/9/2023,5/17/2023,1603.952148,1616.377563
ITC,5/9/2023,5/17/2023,401.5358887,405.136261
NCC,5/9/2023,5/17/2023,108.900238,109.286232
NIFTY200,5/9/2023,5/17/2023,9527,9511.7
NTPC,5/9/2023,5/17/2023,166.5824432,166.5824432
SIEMENS,5/9/2023,5/17/2023,3648.556396,3874.164307
BANKBARODA,5/17/2023,5/25/2023,175.6162567,171.7430725
DALBHARAT,5/17/2023,5/25/2023,2058.201904,2022.96875
HDFCBANK,5/17/2023,5/25/2023,1616.377563,1587.91626
ITC,5/17/2023,5/25/2023,405.136261,417.9744568
NCC,5/17/2023,5/25/2023,109.286232,113.6287308
NIFTY200,5/17/2023,5/25/2023,9511.7,9598.7
SIEMENS,5/17/2023,5/25/2023,3874.164307,3471.982666
BANKBARODA,5/25/2023,6/2/2023,171.7430725,176.4192505
DALBHARAT,5/25/2023,6/2/2023,2022.96875,2120.244385
IGL,5/25/2023,6/2/2023,230.2402496,220.1724854
ITC,5/25/2023,6/2/2023,417.9744568,422.6945496
NCC,5/25/2023,6/2/2023,113.6287308,123.6647263
NIFTY200,5/25/2023,6/2/2023,9598.7,9741.4
SIEMENS,5/25/2023,6/2/2023,3471.982666,3537.096436
BEL,6/2/2023,6/12/2023,111.0381012,116.7222977
DALBHARAT,6/2/2023,6/12/2023,2120.244385,2083.425049
ITC,6/2/2023,6/12/2023,422.6945496,416.5457764
NCC,6/2/2023,6/12/2023,123.6647263,118.5984879
NIFTY200,6/2/2023,6/12/2023,9741.4,9796.65
NTPC,6/2/2023,6/12/2023,165.210022,175.7633972
SIEMENS,6/2/2023,6/12/2023,3537.096436,3642.383545
BEL,6/12/2023,6/20/2023,116.7222977,122.6515198
CGPOWER,6/12/2023,6/20/2023,376.0053406,365.0092468
DALBHARAT,6/12/2023,6/20/2023,2083.425049,2220.542969
ITC,6/12/2023,6/20/2023,416.5457764,431.7032471
NCC,6/12/2023,6/20/2023,118.5984879,118.1642303
NIFTY200,6/12/2023,6/20/2023,9796.65,9948.8
SIEMENS,6/12/2023,6/20/2023,3642.383545,3812.634766
BEL,6/20/2023,6/28/2023,122.6515198,118.3393555
CGPOWER,6/20/2023,6/28/2023,365.0092468,372.6219482
DALBHARAT,6/20/2023,6/28/2023,2220.542969,2204.789551
ITC,6/20/2023,6/28/2023,431.7032471,428.3666992
NCC,6/20/2023,6/28/2023,118.1642303,116.571991
NIFTY200,6/20/2023,6/28/2023,9948.8,10004.9
SIEMENS,6/20/2023,6/28/2023,3812.634766,3748.267822
CGPOWER,6/28/2023,7/7/2023,372.6219482,384.5633545
DALBHARAT,6/28/2023,7/7/2023,2204.789551,2132.374023
INDIGO,6/28/2023,7/7/2023,2621.100098,2631.050049
ITC,6/28/2023,7/7/2023,428.3666992,446.5270996
NCC,6/28/2023,7/7/2023,116.571991,122.8927383
NIFTY200,6/28/2023,7/7/2023,10004.9,10178.1
SIEMENS,6/28/2023,7/7/2023,3748.267822,3674.292969
BALKRISIND,7/7/2023,7/17/2023,2360.191895,2394.316895
CGPOWER,7/7/2023,7/17/2023,384.5633545,404.9135132
INDIGO,7/7/2023,7/17/2023,2631.050049,2677.449951
IOC,7/7/2023,7/17/2023,87.83828735,86.20017242
NCC,7/7/2023,7/17/2023,122.8927383,132.7839813
NIFTY200,7/7/2023,7/17/2023,10178.1,10360.3
SIEMENS,7/7/2023,7/17/2023,3674.292969,3685.892334
BALKRISIND,7/17/2023,7/25/2023,2394.316895,2360.521729
BEL,7/17/2023,7/25/2023,124.6116028,124.5135956
INDIGO,7/17/2023,7/25/2023,2677.449951,2584.399902
IOC,7/17/2023,7/25/2023,86.20017242,87.66120148
ITC,7/17/2023,7/25/2023,450.2926636,440.7119446
NIFTY200,7/17/2023,7/25/2023,10360.3,10361.9
SIEMENS,7/17/2023,7/25/2023,3685.892334,3676.583252
BALKRISIND,7/25/2023,8/2/2023,2360.521729,2443.896484
CGPOWER,7/25/2023,8/2/2023,397.5496521,405.4110718
INDIGO,7/25/2023,8/2/2023,2584.399902,2565.300049
IOC,7/25/2023,8/2/2023,87.66120148,85.7088089
NIFTY200,7/25/2023,8/2/2023,10361.9,10320.9
PFC,7/25/2023,8/2/2023,178.3568726,191.8693237
SIEMENS,7/25/2023,8/2/2023,3676.583252,3802.280518
BALKRISIND,8/2/2023,8/10/2023,2443.896484,2339.294189
BEL,8/2/2023,8/10/2023,122.8475266,126.8166733
CGPOWER,8/2/2023,8/10/2023,405.4110718,399.4403687
INDIGO,8/2/2023,8/10/2023,2565.300049,2550.350098
IOC,8/2/2023,8/10/2023,85.7088089,85.7088089
NIFTY200,8/2/2023,8/10/2023,10320.9,10358.75
PFC,8/2/2023,8/10/2023,191.8693237,199.9169006
BALKRISIND,8/10/2023,8/21/2023,2339.294189,2361.350586
BEL,8/10/2023,8/21/2023,126.8166733,127.2511673
CGPOWER,8/10/2023,8/21/2023,399.4403687,421.0344238
INDIGO,8/10/2023,8/21/2023,2550.350098,2449.649902
IOC,8/10/2023,8/21/2023,85.7088089,84.01930237
NIFTY200,8/10/2023,8/21/2023,10358.75,10290.75
PFC,8/10/2023,8/21/2023,199.9169006,202.162735
IOC,8/21/2023,8/29/2023,84.01930237,83.92797852
LT,8/21/2023,8/29/2023,2641.485596,2697.743408
LUPIN,8/21/2023,8/29/2023,1081.608032,1092.908447
NIFTY200,8/21/2023,8/29/2023,10290.75,10311.55
PFC,8/21/2023,8/29/2023,202.162735,202.1253052
SHRIRAMFIN,8/21/2023,8/29/2023,333.4704285,338.7170105
SUPREMEIND,8/21/2023,8/29/2023,4270.239258,4421.716797
BALKRISIND,8/29/2023,9/6/2023,2342.714355,2395.203125
DRREDDY,8/29/2023,9/6/2023,1138.020874,1110.086304
INDIGO,8/29/2023,9/6/2023,2485.399902,2461.899902
LT,8/29/2023,9/6/2023,2697.743408,2709.153564
NCC,8/29/2023,9/6/2023,151.6002045,161.0348663
NIFTY200,8/29/2023,9/6/2023,10311.55,10500.85
PFC,8/29/2023,9/6/2023,202.1253052,192.7676697
DRREDDY,9/6/2023,9/14/2023,1110.086304,1142.166382
LT,9/6/2023,9/14/2023,2709.153564,2895.836182
LUPIN,9/6/2023,9/14/2023,1134.078125,1150.605591
NCC,9/6/2023,9/14/2023,161.0348663,145.7904358
NIFTY200,9/6/2023,9/14/2023,10500.85,10721.05
PFC,9/6/2023,9/14/2023,192.7676697,209.2745667
SUPREMEIND,9/6/2023,9/14/2023,4421.319336,4261.903809
DRREDDY,9/14/2023,9/25/2023,1142.166382,1081.346558
LT,9/14/2023,9/25/2023,2895.836182,2879.861816
LUPIN,9/14/2023,9/25/2023,1150.605591,1105.702515
NIFTY200,9/14/2023,9/25/2023,10721.05,10518.7
PFC,9/14/2023,9/25/2023,209.2745667,222.8993073
SHRIRAMFIN,9/14/2023,9/25/2023,346.5233765,351.9779663
SUPREMEIND,9/14/2023,9/25/2023,4261.903809,4158.405273
BEL,9/25/2023,10/4/2023,134.4875183,136.7027283
LT,9/25/2023,10/4/2023,2879.861816,3004.134766
LUPIN,9/25/2023,10/4/2023,1105.702515,1146.473633
NCC,9/25/2023,10/4/2023,147.8263397,155.8209686
NIFTY200,9/25/2023,10/4/2023,10518.7,10399.55
SHRIRAMFIN,9/25/2023,10/4/2023,351.9779663,334.8001404
SUPREMEIND,9/25/2023,10/4/2023,4158.405273,3924.466309
BEL,10/4/2023,10/12/2023,136.7027283,136.0627747
LT,10/4/2023,10/12/2023,3004.134766,3057.713623
LUPIN,10/4/2023,10/12/2023,1146.473633,1167.730469
NCC,10/4/2023,10/12/2023,155.8209686,164.0142365
NIFTY200,10/4/2023,10/12/2023,10399.55,10579.85
OFSS,10/4/2023,10/12/2023,3918.442627,3974.041748
SHRIRAMFIN,10/4/2023,10/12/2023,334.8001404,339.7752991
BEL,10/12/2023,10/20/2023,136.0627747,132.1246033
DRREDDY,10/12/2023,10/20/2023,1099.528931,1107.302734
LT,10/12/2023,10/20/2023,3057.713623,2988.85498
LUPIN,10/12/2023,10/20/2023,1167.730469,1174.500854
NIFTY200,10/12/2023,10/20/2023,10579.85,10435
OFSS,10/12/2023,10/20/2023,3974.041748,3806.905273
SHRIRAMFIN,10/12/2023,10/20/2023,339.7752991,339.5220032
BEL,10/20/2023,10/31/2023,132.1246033,131.1893005
DRREDDY,10/20/2023,10/31/2023,1107.302734,1067.190308
LT,10/20/2023,10/31/2023,2988.85498,2906.204834
LUPIN,10/20/2023,10/31/2023,1174.500854,1123.225586
NCC,10/20/2023,10/31/2023,153.3381653,143.4565887
NIFTY200,10/20/2023,10/31/2023,10435,10198.35
SHRIRAMFIN,10/20/2023,10/31/2023,339.5220032,340.0919189
BEL,10/31/2023,11/8/2023,131.1893005,138.228714
LT,10/31/2023,11/8/2023,2906.204834,2973.078857
LUPIN,10/31/2023,11/8/2023,1123.225586,1205.813477
NIFTY200,10/31/2023,11/8/2023,10198.35,10457.95
NTPC,10/31/2023,11/8/2023,226.3055115,229.3629608
PFC,10/31/2023,11/8/2023,230.7597198,246.6209564
SHRIRAMFIN,10/31/2023,11/8/2023,340.0919189,376.8635559
BEL,11/8/2023,11/17/2023,138.228714,143.8406067
LT,11/8/2023,11/17/2023,2973.078857,3084.751221
LUPIN,11/8/2023,11/17/2023,1205.813477,1191.078125
NCC,11/8/2023,11/17/2023,155.1754456,160.5382996
NIFTY200,11/8/2023,11/17/2023,10457.95,10649.5
PFC,11/8/2023,11/17/2023,246.6209564,295.9358215
SHRIRAMFIN,11/8/2023,11/17/2023,376.8635559,379.7476196
DRREDDY,11/17/2023,11/28/2023,1115.703125,1128.477417
LT,11/17/2023,11/28/2023,3084.751221,3026.211426
LTF,11/17/2023,11/28/2023,139.2097321,142.7602539
LUPIN,11/17/2023,11/28/2023,1191.078125,1239.515747
NIFTY200,11/17/2023,11/28/2023,10649.5,10742.95
PFC,11/17/2023,11/28/2023,295.9358215,304.2277527
SHRIRAMFIN,11/17/2023,11/28/2023,379.7476196,374.2079163
DRREDDY,11/28/2023,12/6/2023,1128.477417,1139.32312
LT,11/28/2023,12/6/2023,3026.211426,3365.841553
LUPIN,11/28/2023,12/6/2023,1239.515747,1238.072144
NIFTY200,11/28/2023,12/6/2023,10742.95,11337.2
PFC,11/28/2023,12/6/2023,304.2277527,359.3219299
SHRIRAMFIN,11/28/2023,12/6/2023,374.2079163,391.341095
TORNTPHARM,11/28/2023,12/6/2023,2041.53064,2042.463501
DRREDDY,12/6/2023,12/14/2023,1139.32312,1108.108032
LT,12/6/2023,12/14/2023,3365.841553,3406.323486
LUPIN,12/6/2023,12/14/2023,1238.072144,1250.865967
NBCC,12/6/2023,12/14/2023,51.42926025,54.36148834
NIFTY200,12/6/2023,12/14/2023,11337.2,11520.35
SHRIRAMFIN,12/6/2023,12/14/2023,391.341095,403.2581787
TORNTPHARM,12/6/2023,12/14/2023,2042.463501,2065.490967
DRREDDY,12/14/2023,12/22/2023,1108.108032,1118.914063
INDIGO,12/14/2023,12/22/2023,2980.199951,2871.399902
LT,12/14/2023,12/22/2023,3406.323486,3450.823486
LUPIN,12/14/2023,12/22/2023,1250.865967,1259.577759
NIFTY200,12/14/2023,12/22/2023,11520.35,11569.1
SHRIRAMFIN,12/14/2023,12/22/2023,403.2581787,391.2934875
TORNTPHARM,12/14/2023,12/22/2023,2065.490967,2182.44458
ANGELONE,12/22/2023,1/2/2024,3249.664551,3507.521973
DRREDDY,12/22/2023,1/2/2024,1118.914063,1150.469482
LUPIN,12/22/2023,1/2/2024,1259.577759,1388.26355
MUTHOOTFIN,12/22/2023,1/2/2024,1453.951538,1433.843994
NIFTY200,12/22/2023,1/2/2024,11569.1,11782.6
SHRIRAMFIN,12/22/2023,1/2/2024,391.2934875,379.8720093
TORNTPHARM,12/22/2023,1/2/2024,2182.44458,2280.347656
AUROPHARMA,1/2/2024,1/10/2024,1090.376343,1121.381714
DRREDDY,1/2/2024,1/10/2024,1150.469482,1123.371216
LTF,1/2/2024,1/10/2024,160.1183319,163.4715881
LUPIN,1/2/2024,1/10/2024,1388.26355,1399.116089
MUTHOOTFIN,1/2/2024,1/10/2024,1433.843994,1454.197998
NIFTY200,1/2/2024,1/10/2024,11782.6,11820.45
SHRIRAMFIN,1/2/2024,1/10/2024,379.8720093,402.3175659
DRREDDY,1/10/2024,1/18/2024,1123.371216,1096.729248
LTF,1/10/2024,1/18/2024,163.4715881,164.1619568
LUPIN,1/10/2024,1/18/2024,1399.116089,1419.427002
MUTHOOTFIN,1/10/2024,1/18/2024,1454.197998,1360.510742
NBCC,1/10/2024,1/18/2024,61.05656433,57.55818939
NIFTY200,1/10/2024,1/18/2024,11820.45,11749.35
SHRIRAMFIN,1/10/2024,1/18/2024,402.3175659,422.0404663
BAJAJ-AUTO,1/18/2024,1/30/2024,7026.493652,7505.401367
COLPAL,1/18/2024,1/30/2024,2451.929688,2447.311035
LT,1/18/2024,1/30/2024,3567.952881,3604.961914
LTF,1/18/2024,1/30/2024,164.1619568,165.4934082
LUPIN,1/18/2024,1/30/2024,1419.427002,1461.741455
NIFTY200,1/18/2024,1/30/2024,11749.35,11829.6
SHRIRAMFIN,1/18/2024,1/30/2024,422.0404663,459.006897
BAJAJ-AUTO,1/30/2024,2/7/2024,7505.401367,7639.809082
COLPAL,1/30/2024,2/7/2024,2447.311035,2506.90918
DRREDDY,1/30/2024,2/7/2024,1133.80481,1199.570435
JSL,1/30/2024,2/7/2024,569.3999023,626.2553711
LTF,1/30/2024,2/7/2024,165.4934082,173.8272552
LUPIN,1/30/2024,2/7/2024,1461.741455,1587.340942
NIFTY200,1/30/2024,2/7/2024,11829.6,12126.8
HEROMOTOCO,2/7/2024,2/15/2024,4567.291016,4589.777344
JSL,2/7/2024,2/15/2024,626.2553711,596.6825562
LT,2/7/2024,2/15/2024,3368.222656,3274.559082
LTF,2/7/2024,2/15/2024,173.8272552,169.2411804
LUPIN,2/7/2024,2/15/2024,1587.340942,1598.093628
NIFTY200,2/7/2024,2/15/2024,12126.8,12124.8
NTPC,2/7/2024,2/15/2024,323.5781555,331.9440002
HEROMOTOCO,2/15/2024,2/23/2024,4589.777344,4376.503906
JSL,2/15/2024,2/23/2024,596.6825562,640.0459595
LTF,2/15/2024,2/23/2024,169.2411804,169.2411804
LUPIN,2/15/2024,2/23/2024,1598.093628,1607.900635
NIFTY200,2/15/2024,2/23/2024,12124.8,12292.45
PFC,2/15/2024,2/23/2024,420.9189453,402.3879089
SHRIRAMFIN,2/15/2024,2/23/2024,466.0199585,467.5207825
AUROPHARMA,2/23/2024,3/4/2024,1043.800049,1090.900024
HEROMOTOCO,2/23/2024,3/4/2024,4376.503906,4466.03418
LTF,2/23/2024,3/4/2024,169.2411804,171.904068
LUPIN,2/23/2024,3/4/2024,1607.900635,1662.561035
NIFTY200,2/23/2024,3/4/2024,12292.45,12386.95
PFC,2/23/2024,3/4/2024,402.3879089,410.8177185
TORNTPHARM,2/23/2024,3/4/2024,2601.139893,2664.412109
HEROMOTOCO,3/4/2024,3/13/2024,4466.03418,4369.580078
JSL,3/4/2024,3/13/2024,678.9785156,616.0990601
LTF,3/4/2024,3/13/2024,171.904068,145.5710907
LUPIN,3/4/2024,3/13/2024,1662.561035,1596.500732
NIFTY200,3/4/2024,3/13/2024,12386.95,12008.8
PFC,3/4/2024,3/13/2024,410.8177185,387.477478
SHRIRAMFIN,3/4/2024,3/13/2024,467.7214661,443.8049011
COLPAL,3/13/2024,3/21/2024,2527.790527,2632.689453
HEROMOTOCO,3/13/2024,3/21/2024,4369.580078,4377.133789
LUPIN,3/13/2024,3/21/2024,1596.500732,1604.615112
NIFTY200,3/13/2024,3/21/2024,12008.8,12114.5
NTPC,3/13/2024,3/21/2024,315.5547485,318.0009155
ONGC,3/13/2024,3/21/2024,242.4888611,249.7061157
SHRIRAMFIN,3/13/2024,3/21/2024,443.8049011,441.7784119
JSL,3/21/2024,4/2/2024,677.7836304,712.7332153
LT,3/21/2024,4/2/2024,3532.233643,3777.703857
LUPIN,3/21/2024,4/2/2024,1604.615112,1602.872803
NIFTY200,3/21/2024,4/2/2024,12114.5,12483.4
ONGC,3/21/2024,4/2/2024,249.7061157,258.7750854
POWERGRID,3/21/2024,4/2/2024,264.5568542,270.1620789
SHRIRAMFIN,3/21/2024,4/2/2024,441.7784119,471.4399414
AUROPHARMA,4/2/2024,4/10/2024,1101.449951,1108.650024
LUPIN,4/2/2024,4/10/2024,1602.872803,1597.595825
NIFTY200,4/2/2024,4/10/2024,12483.4,12671.8
ONGC,4/2/2024,4/10/2024,258.7750854,258.3002625
POWERGRID,4/2/2024,4/10/2024,270.1620789,273.0613403
SHRIRAMFIN,4/2/2024,4/10/2024,471.4399414,483.3121948
TITAN,4/2/2024,4/10/2024,3743.700195,3699.096191
AUROPHARMA,4/10/2024,4/22/2024,1108.650024,1076.25
BAJAJ-AUTO,4/10/2024,4/22/2024,8932.949219,8724.84082
LUPIN,4/10/2024,4/22/2024,1597.595825,1596.650024
NIFTY200,4/10/2024,4/22/2024,12671.8,12441.4
OIL,4/10/2024,4/22/2024,409.8438721,387.0783691
POWERGRID,4/10/2024,4/22/2024,273.0613403,274.1243896
SHRIRAMFIN,4/10/2024,4/22/2024,483.3121948,463.54422
BAJAJ-AUTO,4/22/2024,4/30/2024,8724.84082,8831.871094
JSL,4/22/2024,4/30/2024,709.5967407,703.9211426
LUPIN,4/22/2024,4/30/2024,1596.650024,1638.715576
NIFTY200,4/22/2024,4/30/2024,12441.4,12673.15
OIL,4/22/2024,4/30/2024,387.0783691,402.2229309
POWERGRID,4/22/2024,4/30/2024,274.1243896,291.7132263
UNIONBANK,4/22/2024,4/30/2024,146.7218933,150.229187
BAJAJ-AUTO,4/30/2024,5/9/2024,8831.871094,8775.52832
JSL,4/30/2024,5/9/2024,703.9211426,676.5887451
LUPIN,4/30/2024,5/9/2024,1638.715576,1577.036011
NIFTY200,4/30/2024,5/9/2024,12673.15,12309.9
OIL,4/30/2024,5/9/2024,402.2229309,400.4069214
POWERGRID,4/30/2024,5/9/2024,291.7132263,286.2046204
UNIONBANK,4/30/2024,5/9/2024,150.229187,138.4407806
AUROPHARMA,5/9/2024,5/17/2024,1115.300049,1165.050049
JSL,5/9/2024,5/17/2024,676.5887451,704.0704956
LUPIN,5/9/2024,5/17/2024,1577.036011,1644.540039
NIFTY200,5/9/2024,5/17/2024,12309.9,12705.15
NTPC,5/9/2024,5/17/2024,338.5975647,357.5797729
OIL,5/9/2024,5/17/2024,400.4069214,414.6759033
POWERGRID,5/9/2024,5/17/2024,286.2046204,302.6337585
AUROPHARMA,5/17/2024,5/28/2024,1165.050049,1221
HINDALCO,5/17/2024,5/28/2024,651.7140503,677.416687
JSL,5/17/2024,5/28/2024,704.0704956,711.0404663
LICHSGFIN,5/17/2024,5/28/2024,643.4002686,636.8873901
NIFTY200,5/17/2024,5/28/2024,12705.15,12928.1
OIL,5/17/2024,5/28/2024,414.6759033,423.3669739
POWERGRID,5/17/2024,5/28/2024,302.6337585,302.2954407
AUROPHARMA,5/28/2024,6/5/2024,1221,1266.400024
BAJAJ-AUTO,5/28/2024,6/5/2024,8917.276367,9524.838867
HEROMOTOCO,5/28/2024,6/5/2024,5020.208984,5479.769531
LICHSGFIN,5/28/2024,6/5/2024,636.8873901,614.092041
NIFTY200,5/28/2024,6/5/2024,12928.1,12740.6
OIL,5/28/2024,6/5/2024,423.3669739,376.5063782
POWERGRID,5/28/2024,6/5/2024,302.2954407,288.7655945
BAJAJ-AUTO,6/5/2024,6/13/2024,9524.838867,9843.400391
BOSCHLTD,6/5/2024,6/13/2024,30717.76367,32276.28906
HAVELLS,6/5/2024,6/13/2024,1788.251343,1833.835327
HEROMOTOCO,6/5/2024,6/13/2024,5479.769531,5632.294922
NIFTY200,6/5/2024,6/13/2024,12740.6,13282.5
POWERGRID,6/5/2024,6/13/2024,288.7655945,310.6550293
SIEMENS,6/5/2024,6/13/2024,6514.750488,7381.361328
BAJAJ-AUTO,6/13/2024,6/24/2024,9843.400391,9745.25
HAVELLS,6/13/2024,6/24/2024,1833.835327,1906.999268
HEROMOTOCO,6/13/2024,6/24/2024,5632.294922,5349.954102
MCX,6/13/2024,6/24/2024,3875.394531,3823.363037
NIFTY200,6/13/2024,6/24/2024,13282.5,13397.05
POWERGRID,6/13/2024,6/24/2024,310.6550293,321.7688293
SIEMENS,6/13/2024,6/24/2024,7381.361328,7578.304688
AUROPHARMA,6/24/2024,7/2/2024,1218.650024,1213.050049
BAJAJ-AUTO,6/24/2024,7/2/2024,9745.25,9401.25
HAVELLS,6/24/2024,7/2/2024,1906.999268,1810.095703
HEROMOTOCO,6/24/2024,7/2/2024,5349.954102,5391.256836
NIFTY200,6/24/2024,7/2/2024,13397.05,13635.3
OIL,6/24/2024,7/2/2024,453.3966675,472.1896057
POWERGRID,6/24/2024,7/2/2024,321.7688293,319.690979
AUROPHARMA,7/2/2024,7/10/2024,1213.050049,1337.099976
BAJAJ-AUTO,7/2/2024,7/10/2024,9401.25,9542.450195
HEROMOTOCO,7/2/2024,7/10/2024,5391.256836,5334.749512
HINDALCO,7/2/2024,7/10/2024,690.7900391,689.3482666
NIFTY200,7/2/2024,7/10/2024,13635.3,13816.35
POWERGRID,7/2/2024,7/10/2024,319.690979,334.428894
TORNTPHARM,7/2/2024,7/10/2024,2797.819824,2928.897217
AUROPHARMA,7/10/2024,7/19/2024,1337.099976,1330.800049
BAJAJ-AUTO,7/10/2024,7/19/2024,9542.450195,9386.049805
HEROMOTOCO,7/10/2024,7/19/2024,5334.749512,5256.260254
NIFTY200,7/10/2024,7/19/2024,13816.35,13788.15
OIL,7/10/2024,7/19/2024,498.9438782,555.6143799
POWERGRID,7/10/2024,7/19/2024,334.428894,321.0440063
TORNTPHARM,7/10/2024,7/19/2024,2928.897217,2923.539063
AUROPHARMA,7/19/2024,7/29/2024,1330.800049,1405
HEROMOTOCO,7/19/2024,7/29/2024,5256.260254,5253.015625
HINDALCO,7/19/2024,7/29/2024,659.2210083,663.0490112
LTF,7/19/2024,7/29/2024,175.9499969,179.5399933
NIFTY200,7/19/2024,7/29/2024,13788.15,14089.8
OIL,7/19/2024,7/29/2024,555.6143799,564.6622925
POWERGRID,7/19/2024,7/29/2024,321.0440063,330.8531189
BOSCHLTD,7/29/2024,8/6/2024,34936.05078,32699.40039
HEROMOTOCO,7/29/2024,8/6/2024,5253.015625,5047.163086
HINDALCO,7/29/2024,8/6/2024,663.0490112,606.8213501
LTF,7/29/2024,8/6/2024,179.5399933,167.2299957
NIFTY200,7/29/2024,8/6/2024,14089.8,13540.15
OIL,7/29/2024,8/6/2024,564.6622925,555.809021
SIEMENS,7/29/2024,8/6/2024,7081.72998,6578.318848
BAJAJ-AUTO,8/6/2024,8/14/2024,9427.400391,9749.599609
MUTHOOTFIN,8/6/2024,8/14/2024,1787.949951,1816.449951
NIFTY200,8/6/2024,8/14/2024,13540.15,13680.85
OIL,8/6/2024,8/14/2024,555.809021,641.0337524
POWERGRID,8/6/2024,8/14/2024,329.3068542,322.3003235
TRENT,8/6/2024,8/14/2024,5220.700195,6438.350098
VOLTAS,8/6/2024,8/14/2024,1463.300049,1550.300049
HAVELLS,8/14/2024,8/23/2024,1841.266479,1879.868286
NIFTY200,8/14/2024,8/23/2024,13680.85,14099.2
OFSS,8/14/2024,8/23/2024,10632.15039,10931.5
OIL,8/14/2024,8/23/2024,641.0337524,663.2640991
SIEMENS,8/14/2024,8/23/2024,7025.54541,7007.682617
TRENT,8/14/2024,8/23/2024,6438.350098,6948.75
VOLTAS,8/14/2024,8/23/2024,1550.300049,1690.550049
BOSCHLTD,8/23/2024,9/2/2024,32600.15039,32327.59961
HAL,8/23/2024,9/2/2024,4788.061035,4654.280273
HAVELLS,8/23/2024,9/2/2024,1879.868286,1880.616455
NIFTY200,8/23/2024,9/2/2024,14099.2,14318.05
OIL,8/23/2024,9/2/2024,663.2640991,708.9725952
SIEMENS,8/23/2024,9/2/2024,7007.682617,6765.632324
VOLTAS,8/23/2024,9/2/2024,1690.550049,1769.650024
AUROPHARMA,9/2/2024,9/10/2024,1553.949951,1518.400024
BEL,9/2/2024,9/10/2024,296.8999939,285.75
HAVELLS,9/2/2024,9/10/2024,1880.616455,1917.572388
NIFTY200,9/2/2024,9/10/2024,14318.05,14213.5
OFSS,9/2/2024,9/10/2024,10937.75,11257.2998
OIL,9/2/2024,9/10/2024,708.9725952,594.4143066
VOLTAS,9/2/2024,9/10/2024,1769.650024,1830.099976
AUROPHARMA,9/10/2024,9/18/2024,1518.400024,1539.150024
BOSCHLTD,9/10/2024,9/18/2024,33534,34363.89844
HAVELLS,9/10/2024,9/18/2024,1917.572388,1982.756592
NIFTY200,9/10/2024,9/18/2024,14213.5,14380.45
OFSS,9/10/2024,9/18/2024,11257.2998,11259.5
OIL,9/10/2024,9/18/2024,594.4143066,580.8450317
VOLTAS,9/10/2024,9/18/2024,1830.099976,1889.400024
BOSCHLTD,9/18/2024,9/26/2024,34363.89844,37141.89844
HAVELLS,9/18/2024,9/26/2024,1982.756592,2016.919678
M&M,9/18/2024,9/26/2024,2808.199951,3181.100098
NIFTY200,9/18/2024,9/26/2024,14380.45,14789.35
OFSS,9/18/2024,9/26/2024,11259.5,11279.65039
OIL,9/18/2024,9/26/2024,580.8450317,550.777771
VOLTAS,9/18/2024,9/26/2024,1889.400024,1857.550049
AUROPHARMA,9/26/2024,10/7/2024,1515.300049,1466.599976
HAVELLS,9/26/2024,10/7/2024,2016.919678,1909.74231
M&M,9/26/2024,10/7/2024,3181.100098,3060.199951
NIFTY200,9/26/2024,10/7/2024,14789.35,13978.9
OFSS,9/26/2024,10/7/2024,11279.65039,10944.40039
SIEMENS,9/26/2024,10/7/2024,7062.669434,6983.731934
VOLTAS,9/26/2024,10/7/2024,1857.550049,1757.199951
BOSCHLTD,10/7/2024,10/15/2024,36784.30078,38703.14844
HAVELLS,10/7/2024,10/15/2024,1909.74231,1929.79126
M&M,10/7/2024,10/15/2024,3060.199951,3155.800049
NIFTY200,10/7/2024,10/15/2024,13978.9,14252.4
OFSS,10/7/2024,10/15/2024,10944.40039,11817.2998
SIEMENS,10/7/2024,10/15/2024,6983.731934,7853.835449
VOLTAS,10/7/2024,10/15/2024,1757.199951,1811.099976
BHARTIARTL,10/15/2024,10/23/2024,1717.25,1685.800049
BOSCHLTD,10/15/2024,10/23/2024,38703.14844,36255.80078
HAVELLS,10/15/2024,10/23/2024,1929.79126,1745.360474
M&M,10/15/2024,10/23/2024,3155.800049,2793.5
NIFTY200,10/15/2024,10/23/2024,14252.4,13753.45
OFSS,10/15/2024,10/23/2024,11817.2998,11214.15039
VOLTAS,10/15/2024,10/23/2024,1811.099976,1795.650024
BHARTIARTL,10/23/2024,10/31/2024,1685.800049,1612.599976
BOSCHLTD,10/23/2024,10/31/2024,36255.80078,35121.60156
MUTHOOTFIN,10/23/2024,10/31/2024,1925.050049,1930.449951
NIFTY200,10/23/2024,10/31/2024,13753.45,13618.2
OFSS,10/23/2024,10/31/2024,11214.15039,10886.5
TRENT,10/23/2024,10/31/2024,7511.299805,7128.350098
VOLTAS,10/23/2024,10/31/2024,1795.650024,1649.5
ANGELONE,10/31/2024,11/8/2024,3038.627197,2835.892578
EICHERMOT,10/31/2024,11/8/2024,4894.649902,4785.25
MUTHOOTFIN,10/31/2024,11/8/2024,1930.449951,1804.550049
NATIONALUM,10/31/2024,11/8/2024,218.9956818,230.141983
NIFTY200,10/31/2024,11/8/2024,13618.2,13602.3
SUNPHARMA,10/31/2024,11/8/2024,1837.824097,1798.759399
TRENT,10/31/2024,11/8/2024,7128.350098,6298.950195
EICHERMOT,11/8/2024,11/19/2024,4785.25,4965.450195
GRANULES,11/8/2024,11/19/2024,584.5,552.6500244
M&M,11/8/2024,11/19/2024,2974.899902,2948.949951
NIFTY200,11/8/2024,11/19/2024,13602.3,13244.8
OFSS,11/8/2024,11/19/2024,11518.15039,11169.0498
SIEMENS,11/8/2024,11/19/2024,7159.569336,6631.958496
VOLTAS,11/8/2024,11/19/2024,1766,1686.75
COFORGE,11/19/2024,11/28/2024,8098.868652,8642.235352
EICHERMOT,11/19/2024,11/28/2024,4965.450195,4815.700195
HDFCBANK,11/19/2024,11/28/2024,1742.25,1793.150024
M&M,11/19/2024,11/28/2024,2948.949951,2898.699951
NATIONALUM,11/19/2024,11/28/2024,231.509964,239.9010315
NIFTY200,11/19/2024,11/28/2024,13244.8,13524.75
OFSS,11/19/2024,11/28/2024,11169.0498,11658.09961
EICHERMOT,11/28/2024,12/6/2024,4815.700195,4877.049805
GRANULES,11/28/2024,12/6/2024,583.6500244,575.6500244
HDFCBANK,11/28/2024,12/6/2024,1793.150024,1855.849976
M&M,11/28/2024,12/6/2024,2898.699951,3073
MUTHOOTFIN,11/28/2024,12/6/2024,1911.949951,1951.550049
NIFTY200,11/28/2024,12/6/2024,13524.75,13996.8
OFSS,11/28/2024,12/6/2024,11658.09961,12579.5
HDFCBANK,12/6/2024,12/16/2024,1855.849976,1865.199951
M&M,12/6/2024,12/16/2024,3073,3084.850098
MUTHOOTFIN,12/6/2024,12/16/2024,1951.550049,2119.199951
NATIONALUM,12/6/2024,12/16/2024,243.0733185,215.3156281
NIFTY200,12/6/2024,12/16/2024,13996.8,14021.75
OFSS,12/6/2024,12/16/2024,12579.5,12456
VOLTAS,12/6/2024,12/16/2024,1710.900024,1808.099976
COFORGE,12/16/2024,12/24/2024,9264.53125,9373.293945
EICHERMOT,12/16/2024,12/24/2024,4838.5,4792.899902
GRANULES,12/16/2024,12/24/2024,584.0999756,596.8499756
HDFCBANK,12/16/2024,12/24/2024,1865.199951,1798.099976
MUTHOOTFIN,12/16/2024,12/24/2024,2119.199951,2035
NIFTY200,12/16/2024,12/24/2024,14021.75,13436
OFSS,12/16/2024,12/24/2024,12456,12299.5
COFORGE,12/24/2024,1/2/2025,9373.293945,9675.586914
GRANULES,12/24/2024,1/2/2025,596.8499756,608.5999756
JUBLFOOD,12/24/2024,1/2/2025,704.1500244,756.1500244
MUTHOOTFIN,12/24/2024,1/2/2025,2035,2256.899902
NIFTY200,12/24/2024,1/2/2025,13436,13685.05
OFSS,12/24/2024,1/2/2025,12299.5,12648.34961
TECHM,12/24/2024,1/2/2025,1704.900024,1726.949951
COFORGE,1/2/2025,1/10/2025,9675.586914,9383.72168
EICHERMOT,1/2/2025,1/10/2025,5308.100098,5058.450195
JUBLFOOD,1/2/2025,1/10/2025,756.1500244,737
MUTHOOTFIN,1/2/2025,1/10/2025,2256.899902,2136.550049
NIFTY200,1/2/2025,1/10/2025,13685.05,13105.35
OFSS,1/2/2025,1/10/2025,12648.34961,11451.34961
TECHM,1/2/2025,1/10/2025,1726.949951,1705.599976
COFORGE,1/10/2025,1/20/2025,9383.72168,8643.283203
GRANULES,1/10/2025,1/20/2025,593.5999756,597.75
JUBLFOOD,1/10/2025,1/20/2025,737,694.5499878
M&M,1/10/2025,1/20/2025,3092.850098,2888.100098
MUTHOOTFIN,1/10/2025,1/20/2025,2136.550049,2142.199951
NIFTY200,1/10/2025,1/20/2025,13105.35,13119.45
TECHM,1/10/2025,1/20/2025,1705.599976,1674.599976
BHARTIARTL,1/20/2025,1/28/2025,1641.150024,1618.349976
EICHERMOT,1/20/2025,1/28/2025,5016.75,5105.399902
GRANULES,1/20/2025,1/28/2025,597.75,516.4000244
JUBLFOOD,1/20/2025,1/28/2025,694.5499878,666.25
MUTHOOTFIN,1/20/2025,1/28/2025,2142.199951,2135.899902
NIFTY200,1/20/2025,1/28/2025,13119.45,12698.1
PERSISTENT,1/20/2025,1/28/2025,6070.786621,5890.783203
BHARTIARTL,1/28/2025,2/4/2025,1618.349976,1661.449951
EICHERMOT,1/28/2025,2/4/2025,5105.399902,5450.100098
KOTAKBANK,1/28/2025,2/4/2025,1887.75,1928.5
MUTHOOTFIN,1/28/2025,2/4/2025,2135.899902,2239
NIFTY200,1/28/2025,2/4/2025,12698.1,13170.85
TORNTPHARM,1/28/2025,2/4/2025,3289.136475,3103.050049
WIPRO,1/28/2025,2/4/2025,303.6000061,316.25
INDHOTEL,2/4/2025,2/12/2025,828.2000122,731.2000122
INFY,2/4/2025,2/12/2025,1898.800049,1863.150024
JUBLFOOD,2/4/2025,2/12/2025,724.2999878,641
M&M,2/4/2025,2/12/2025,3189.050049,2987.199951
MUTHOOTFIN,2/4/2025,2/12/2025,2239,2182.850098
NIFTY200,2/4/2025,2/12/2025,13170.85,12697.25
PERSISTENT,2/4/2025,2/12/2025,6111.899902,5705.200195
BHARTIARTL,2/12/2025,2/20/2025,1711.550049,1643.5
DIVISLAB,2/12/2025,2/20/2025,5969.850098,5978.299805
KOTAKBANK,2/12/2025,2/20/2025,1943.949951,1970.550049
MARUTI,2/12/2025,2/20/2025,12655.5498,12440.65039
MUTHOOTFIN,2/12/2025,2/20/2025,2182.850098,2276.25
NIFTY200,2/12/2025,2/20/2025,12697.25,12670.15
WIPRO,2/12/2025,2/20/2025,310.2000122,313.2999878
BHARTIARTL,2/20/2025,3/3/2025,1643.5,1595.800049
DIVISLAB,2/20/2025,3/3/2025,5978.299805,5540.25
JUBLFOOD,2/20/2025,3/3/2025,713.4000244,633.3499756
KOTAKBANK,2/20/2025,3/3/2025,1970.550049,1914.599976
MUTHOOTFIN,2/20/2025,3/3/2025,2276.25,2146.300049
NIFTY200,2/20/2025,3/3/2025,12670.15,12134.65
WIPRO,2/20/2025,3/3/2025,313.2999878,283.5499878
CHOLAFIN,3/3/2025,3/11/2025,1419.75,1448.75
KOTAKBANK,3/3/2025,3/11/2025,1914.599976,1935.199951
MANAPPURAM,3/3/2025,3/11/2025,199.1000061,201.4199982
MUTHOOTFIN,3/3/2025,3/11/2025,2146.300049,2184.600098
NIFTY200,3/3/2025,3/11/2025,12134.65,12360.1
SHRIRAMFIN,3/3/2025,3/11/2025,621.2999878,638.25
UPL,3/3/2025,3/11/2025,616.7000122,615.0499878
BHARTIARTL,3/11/2025,3/20/2025,1662.949951,1705.25
CHOLAFIN,3/11/2025,3/20/2025,1448.75,1493.199951
KOTAKBANK,3/11/2025,3/20/2025,1935.199951,2035.650024
MUTHOOTFIN,3/11/2025,3/20/2025,2184.600098,2374.75
NIFTY200,3/11/2025,3/20/2025,12360.1,12813.55
SRF,3/11/2025,3/20/2025,2921.25,2993.100098
VEDL,3/11/2025,3/20/2025,441.5499878,470.75
BHARTIARTL,3/20/2025,3/28/2025,1705.25,1733.400024
DIVISLAB,3/20/2025,3/28/2025,5822.100098,5775.450195
HDFCBANK,3/20/2025,3/28/2025,1768.75,1828.199951
HINDALCO,3/20/2025,3/28/2025,705.9500122,682.4500122
INDHOTEL,3/20/2025,3/28/2025,816.0999756,787.5499878
MUTHOOTFIN,3/20/2025,3/28/2025,2374.75,2382.899902
NIFTY200,3/20/2025,3/28/2025,12813.55,12982.75
BHARTIARTL,3/28/2025,4/8/2025,1733.400024,1720.400024
COFORGE,3/28/2025,4/8/2025,8109.200195,6472.600098
EICHERMOT,3/28/2025,4/8/2025,5347.700195,5231.350098
INDHOTEL,3/28/2025,4/8/2025,787.5499878,773.5999756
MUTHOOTFIN,3/28/2025,4/8/2025,2382.899902,2264.931396
NIFTY200,3/28/2025,4/8/2025,12982.75,12465
TATASTEEL,3/28/2025,4/8/2025,154.2400055,130.2799988
BHARTIARTL,4/8/2025,4/21/2025,1720.400024,1883.400024
EICHERMOT,4/8/2025,4/21/2025,5231.350098,5810.5
HDFCLIFE,4/8/2025,4/21/2025,685.75,712.2000122
KOTAKBANK,4/8/2025,4/21/2025,2055.149902,2241.399902
MUTHOOTFIN,4/8/2025,4/21/2025,2264.931396,2176.958008
NIFTY200,4/8/2025,4/21/2025,12465,13378.65
SOLARINDS,4/8/2025,4/21/2025,10930.75,12475
BEL,4/21/2025,4/29/2025,299.9500122,317.1000061
DIVISLAB,4/21/2025,4/29/2025,5891.5,6108
EICHERMOT,4/21/2025,4/29/2025,5810.5,5579
INDHOTEL,4/21/2025,4/29/2025,836.0499878,790.1500244
MANAPPURAM,4/21/2025,4/29/2025,233.3399963,232.0500031
NIFTY200,4/21/2025,4/29/2025,13378.65,13469
SOLARINDS,4/21/2025,4/29/2025,12475,13452
BHARTIARTL,4/29/2025,5/8/2025,1823.800049,1874.900024
CHOLAFIN,4/29/2025,5/8/2025,1484.5,1531.5
EICHERMOT,4/29/2025,5/8/2025,5579,5372.5
INDHOTEL,4/29/2025,5/8/2025,790.1500244,750
JUBLFOOD,4/29/2025,5/8/2025,708.2999878,671.8499756
MANAPPURAM,4/29/2025,5/8/2025,232.0500031,227.8600006
NIFTY200,4/29/2025,5/8/2025,13469,13326.75
BHARTIARTL,5/8/2025,5/16/2025,1874.900024,1814
EICHERMOT,5/8/2025,5/16/2025,5372.5,5509.5
LODHA,5/8/2025,5/16/2025,1287.800049,1394.800049
MARUTI,5/8/2025,5/16/2025,12392,12995
MUTHOOTFIN,5/8/2025,5/16/2025,2221.899902,2104.800049
NIFTY200,5/8/2025,5/16/2025,13326.75,13896.35
SOLARINDS,5/8/2025,5/16/2025,13118,14025
APOLLOHOSP,5/16/2025,5/26/2025,7015,7096.5
BHARTIARTL,5/16/2025,5/26/2025,1814,1847.400024
CHOLAFIN,5/16/2025,5/26/2025,1619.300049,1644.800049
EICHERMOT,5/16/2025,5/26/2025,5509.5,5427.5
HDFCBANK,5/16/2025,5/26/2025,1934.699951,1940.199951
KOTAKBANK,5/16/2025,5/26/2025,2108.199951,2089.300049
NIFTY200,5/16/2025,5/26/2025,13896.35,13898.2
BEL,5/26/2025,,384.5499878,
BHARTIARTL,5/26/2025,,1847.400024,
CHOLAFIN,5/26/2025,,1644.800049,
EICHERMOT,5/26/2025,,5427.5,
HDFCBANK,5/26/2025,,1940.199951,
KOTAKBANK,5/26/2025,,2089.300049,
