Symbol,EntryDate,ExitDate,EntryPrice,ExitPrice
MARUTI,2015-05-28,2015-06-05,3372.791748046875,3418.76025390625
AUROPHARMA,2015-05-28,2015-06-05,619.2670288085938,622.94677734375
INDUSINDBK,2015-05-28,2015-06-05,805.4051513671875,785.771484375
SOLARINDS,2015-05-28,2015-06-05,668.1693115234375,670.1499633789062
SIEMENS,2015-05-28,2015-06-05,1292.40625,1259.5638427734375
TORNTPHARM,2015-05-28,2015-06-05,544.9664306640625,541.7552490234375
MARUTI,2015-06-05,2015-06-15,3418.76025390625,3425.990234375
SIEMENS,2015-06-05,2015-06-15,1259.5638427734375,1228.351806640625
AUROPHARMA,2015-06-05,2015-06-15,622.94677734375,606.7191772460938
TORNTPHARM,2015-06-05,2015-06-15,541.7552490234375,565.3656616210938
EICHERMOT,2015-06-05,2015-06-15,1508.4512939453125,1563.5880126953125
LUPIN,2015-06-05,2015-06-15,1682.3203125,1621.00634765625
MARUTI,2015-06-15,2015-06-23,3425.990234375,3653.107177734375
EICHERMOT,2015-06-15,2015-06-23,1563.5880126953125,1671.9539794921875
TORNTPHARM,2015-06-15,2015-06-23,565.3656616210938,593.9886474609375
SOLARINDS,2015-06-15,2015-06-23,681.115478515625,720.155029296875
MARICO,2015-06-15,2015-06-23,179.8388214111328,192.29440307617188
BRITANNIA,2015-06-15,2015-06-23,1154.4576416015625,1205.3116455078125
SOLARINDS,2015-06-23,2015-07-01,720.155029296875,702.2715454101562
EICHERMOT,2015-06-23,2015-07-01,1671.9539794921875,1765.240478515625
BRITANNIA,2015-06-23,2015-07-01,1205.3116455078125,1202.1646728515625
SIEMENS,2015-06-23,2015-07-01,1296.6451416015625,1288.819091796875
AUROPHARMA,2015-06-23,2015-07-01,663.3377075195312,695.8642578125
PAGEIND,2015-06-23,2015-07-01,13683.3662109375,13825.9892578125
AUROPHARMA,2015-07-01,2015-07-09,695.8642578125,688.9265747070312
BRITANNIA,2015-07-01,2015-07-09,1202.1646728515625,1242.808349609375
PAGEIND,2015-07-01,2015-07-09,13825.9892578125,13492.4091796875
EICHERMOT,2015-07-01,2015-07-09,1765.240478515625,1790.29345703125
SOLARINDS,2015-07-01,2015-07-09,702.2715454101562,724.3841552734375
INDUSINDBK,2015-07-01,2015-07-09,824.4738159179688,840.9058227539062
SOLARINDS,2015-07-09,2015-07-17,724.3841552734375,771.1647338867188
EICHERMOT,2015-07-09,2015-07-17,1790.29345703125,1830.143310546875
AUROPHARMA,2015-07-09,2015-07-17,688.9265747070312,720.2412719726562
BRITANNIA,2015-07-09,2015-07-17,1242.808349609375,1266.8160400390625
CONCOR,2015-07-09,2015-07-17,500.7660827636719,513.1302490234375
TORNTPHARM,2015-07-09,2015-07-17,571.0903930664062,589.4574584960938
AUROPHARMA,2015-07-17,2015-07-27,720.2412719726562,702.13671875
BRITANNIA,2015-07-17,2015-07-27,1266.8160400390625,1297.554443359375
TORNTPHARM,2015-07-17,2015-07-27,589.4574584960938,614.632568359375
EICHERMOT,2015-07-17,2015-07-27,1830.143310546875,1678.1246337890625
SOLARINDS,2015-07-17,2015-07-27,771.1647338867188,719.7435913085938
DABUR,2015-07-17,2015-07-27,266.9602355957031,270.89093017578125
SOLARINDS,2015-07-27,2015-08-04,719.7435913085938,729.1397094726562
EICHERMOT,2015-07-27,2015-08-04,1678.1246337890625,1750.126953125
AUROPHARMA,2015-07-27,2015-08-04,702.13671875,716.7725219726562
BRITANNIA,2015-07-27,2015-08-04,1297.554443359375,1405.3817138671875
MARUTI,2015-07-27,2015-08-04,3799.4716796875,4036.54638671875
INDUSINDBK,2015-07-27,2015-08-04,883.5631103515625,896.7464599609375
EICHERMOT,2015-08-04,2015-08-12,1750.126953125,1721.595703125
AUROPHARMA,2015-08-04,2015-08-12,716.7725219726562,707.2211303710938
BRITANNIA,2015-08-04,2015-08-12,1405.3817138671875,1490.0191650390625
SIEMENS,2015-08-04,2015-08-12,1375.28076171875,1338.6185302734375
CHOLAFIN,2015-08-04,2015-08-12,131.58352661132812,124.14282989501952
DABUR,2015-08-04,2015-08-12,267.0973815917969,272.7647399902344
AUROPHARMA,2015-08-12,2015-08-20,707.2211303710938,759.2066040039062
BRITANNIA,2015-08-12,2015-08-20,1490.0191650390625,1426.9556884765625
SIEMENS,2015-08-12,2015-08-20,1338.6185302734375,1319.005859375
EICHERMOT,2015-08-12,2015-08-20,1721.595703125,1822.9354248046875
DABUR,2015-08-12,2015-08-20,272.7647399902344,272.07916259765625
BHARATFORG,2015-08-12,2015-08-20,543.3045043945312,587.1107788085938
EICHERMOT,2015-08-20,2015-08-28,1822.9354248046875,1640.9415283203125
AUROPHARMA,2015-08-20,2015-08-28,759.2066040039062,719.3134765625
DABUR,2015-08-20,2015-08-28,272.07916259765625,256.2196960449219
BRITANNIA,2015-08-20,2015-08-28,1426.9556884765625,1316.052978515625
INDUSINDBK,2015-08-20,2015-08-28,881.4298095703125,801.5706176757812
LUPIN,2015-08-20,2015-08-28,1797.3583984375,1769.1221923828125
AUROPHARMA,2015-08-28,2015-09-07,719.3134765625,670.9567260742188
LUPIN,2015-08-28,2015-09-07,1769.1221923828125,1715.930419921875
BRITANNIA,2015-08-28,2015-09-07,1316.052978515625,1282.2421875
BHARATFORG,2015-08-28,2015-09-07,550.8734741210938,473.0189514160156
TATAELXSI,2015-08-28,2015-09-07,840.7200927734375,777.1347045898438
OFSS,2015-08-28,2015-09-07,2551.80517578125,2439.04443359375
TATAELXSI,2015-09-07,2015-09-15,777.1347045898438,864.1842041015625
LUPIN,2015-09-07,2015-09-15,1715.930419921875,1745.497314453125
KEI,2015-09-07,2015-09-15,93.63536071777344,94.46270751953124
TORNTPHARM,2015-09-07,2015-09-15,675.7687377929688,663.7448120117188
CUMMINSIND,2015-09-07,2015-09-15,894.0689086914062,925.2054443359376
ASTRAL,2015-09-07,2015-09-15,184.1976013183593,192.07177734375
TATAELXSI,2015-09-15,2015-09-24,864.1842041015625,850.457275390625
TORNTPHARM,2015-09-15,2015-09-24,663.7448120117188,619.1857299804688
CUMMINSIND,2015-09-15,2015-09-24,925.2054443359376,927.56494140625
LUPIN,2015-09-15,2015-09-24,1745.497314453125,1892.23876953125
GODREJCP,2015-09-15,2015-09-24,397.1652221679688,365.8592834472656
BRITANNIA,2015-09-15,2015-09-24,1360.81689453125,1278.4803466796875
TATAELXSI,2015-09-24,2015-10-06,850.457275390625,880.1876831054688
MARUTI,2015-09-24,2015-10-06,4177.68310546875,3983.146484375
ASHOKLEY,2015-09-24,2015-10-06,72.1254653930664,74.69853973388672
KEI,2015-09-24,2015-10-06,96.26337432861328,102.78475189208984
SOLARINDS,2015-09-24,2015-10-06,695.47216796875,661.3772583007812
OFSS,2015-09-24,2015-10-06,2536.617919921875,2619.1953125
MARUTI,2015-10-06,2015-10-14,3983.146484375,3887.776123046875
ASHOKLEY,2015-10-06,2015-10-14,74.69853973388672,75.09439086914062
KEI,2015-10-06,2015-10-14,102.78475189208984,107.79745483398438
TATAELXSI,2015-10-06,2015-10-14,880.1876831054688,833.0338745117188
OFSS,2015-10-06,2015-10-14,2619.1953125,2544.44482421875
TORNTPHARM,2015-10-06,2015-10-14,693.8929443359375,682.5099487304688
ASHOKLEY,2015-10-14,2015-10-23,75.09439086914062,75.21315002441406
KEI,2015-10-14,2015-10-23,107.79745483398438,101.47075653076172
TATAELXSI,2015-10-14,2015-10-23,833.0338745117188,833.6650390625
OFSS,2015-10-14,2015-10-23,2544.44482421875,2622.254150390625
AARTIIND,2015-10-14,2015-10-23,121.86834716796876,119.98469543457033
INDUSINDBK,2015-10-14,2015-10-23,898.2622680664062,907.6240844726562
AARTIIND,2015-10-23,2015-11-02,119.98469543457033,119.38005828857422
KEI,2015-10-23,2015-11-02,101.47075653076172,98.55072021484376
INDUSINDBK,2015-10-23,2015-11-02,907.6240844726562,863.9828491210938
OFSS,2015-10-23,2015-11-02,2622.254150390625,2594.662109375
MARUTI,2015-10-23,2015-11-02,4007.75439453125,4112.82275390625
PETRONET,2015-10-23,2015-11-02,69.20169067382812,69.39807891845703
AARTIIND,2015-11-02,2015-11-10,119.38005828857422,118.54613494873048
KEI,2015-11-02,2015-11-10,98.55072021484376,101.7140884399414
OFSS,2015-11-02,2015-11-10,2594.662109375,2586.14453125
ASHOKLEY,2015-11-02,2015-11-10,71.4920883178711,70.85870361328125
ABFRL,2015-11-02,2015-11-10,213.35633850097656,204.4356842041016
CUMMINSIND,2015-11-02,2015-11-10,907.6361083984376,855.0535278320312
AARTIIND,2015-11-10,2015-11-20,118.54613494873048,118.59292602539062
KEI,2015-11-10,2015-11-20,101.7140884399414,110.18213653564452
OFSS,2015-11-10,2015-11-20,2586.14453125,2547.1416015625
DIVISLAB,2015-11-10,2015-11-20,1027.8251953125,1059.1181640625
TORNTPHARM,2015-11-10,2015-11-20,684.4991455078125,678.2885131835938
MFSL,2015-11-10,2015-11-20,517.989990234375,574.7803344726562
KEI,2015-11-20,2015-12-01,110.18213653564452,105.80211639404295
DIVISLAB,2015-11-20,2015-12-01,1059.1181640625,1046.951416015625
TORNTPHARM,2015-11-20,2015-12-01,678.2885131835938,649.2232055664062
ASHOKLEY,2015-11-20,2015-12-01,74.14433288574219,73.94639587402344
INDUSINDBK,2015-11-20,2015-12-01,871.7369995117188,891.4064331054688
ABFRL,2015-11-20,2015-12-01,216.9048767089844,213.94775390625
ASHOKLEY,2015-12-01,2015-12-09,73.94639587402344,68.52315521240234
DIVISLAB,2015-12-01,2015-12-09,1046.951416015625,1035.153076171875
SRF,2015-12-01,2015-12-09,241.39810180664065,227.39694213867188
AUROPHARMA,2015-12-01,2015-12-09,786.650146484375,748.7259521484375
MFSL,2015-12-01,2015-12-09,533.35791015625,513.5189819335938
OFSS,2015-12-01,2015-12-09,2574.37109375,2420.891357421875
DIVISLAB,2015-12-09,2015-12-17,1035.153076171875,1041.9739990234375
MARUTI,2015-12-09,2015-12-17,4097.59130859375,4269.2578125
AARTIIND,2015-12-09,2015-12-17,113.87869262695312,116.3703384399414
M&M,2015-12-09,2015-12-17,597.5228271484375,568.1271362304688
APOLLOHOSP,2015-12-09,2015-12-17,1315.904541015625,1376.898193359375
TITAN,2015-12-09,2015-12-17,342.8722229003906,336.5350952148437
MARUTI,2015-12-17,2015-12-28,4269.2578125,4244.78564453125
AUROPHARMA,2015-12-17,2015-12-28,792.4552612304688,829.6180419921875
INDUSINDBK,2015-12-17,2015-12-28,897.4585571289062,905.5436401367188
KEI,2015-12-17,2015-12-28,103.02809143066406,111.64214324951172
BAJAJ-AUTO,2015-12-17,2015-12-28,1991.776123046875,1961.4400634765625
SRF,2015-12-17,2015-12-28,237.1510162353516,243.4691925048828
MARUTI,2015-12-28,2016-01-05,4244.78564453125,4177.95849609375
KEI,2015-12-28,2016-01-05,111.64214324951172,116.31419372558594
INDUSINDBK,2015-12-28,2016-01-05,905.5436401367188,884.40869140625
BAJAJ-AUTO,2015-12-28,2016-01-05,1961.4400634765625,1969.1522216796875
GRANULES,2015-12-28,2016-01-05,142.18460083007812,139.77560424804688
BIOCON,2015-12-28,2016-01-05,82.1500015258789,86.28536987304688
MARUTI,2016-01-05,2016-01-13,4177.95849609375,3925.741455078125
BAJAJ-AUTO,2016-01-05,2016-01-13,1969.1522216796875,1864.7666015625
BPCL,2016-01-05,2016-01-13,85.22940063476562,84.59207153320312
ASHOKLEY,2016-01-05,2016-01-13,73.7088851928711,71.41289520263672
BAJFINANCE,2016-01-05,2016-01-13,584.1348876953125,591.9262084960938
BEL,2016-01-05,2016-01-13,34.58329391479492,33.91499710083008
BPCL,2016-01-13,2016-01-21,84.59207153320312,82.67058563232422
BAJFINANCE,2016-01-13,2016-01-21,591.9262084960938,559.222412109375
BEL,2016-01-13,2016-01-21,33.91499710083008,29.66977310180664
PETRONET,2016-01-13,2016-01-21,92.7509765625,86.37713623046875
SRF,2016-01-13,2016-01-21,240.8254547119141,212.851791381836
INDUSINDBK,2016-01-13,2016-01-21,885.4961547851562,825.9208984375
PETRONET,2016-01-21,2016-02-01,86.37713623046875,91.26909637451172
BAJFINANCE,2016-01-21,2016-02-01,559.222412109375,584.6511840820312
TRENT,2016-01-21,2016-02-01,157.64324951171875,151.58157348632812
KEI,2016-01-21,2016-02-01,107.9434585571289,109.11146545410156
APLAPOLLO,2016-01-21,2016-02-01,65.3774185180664,64.87674713134766
IGL,2016-01-21,2016-02-01,45.82452774047852,47.2662239074707
KEI,2016-02-01,2016-02-09,109.11146545410156,109.50080871582033
BAJFINANCE,2016-02-01,2016-02-09,584.6511840820312,641.2254638671875
GODREJCP,2016-02-01,2016-02-09,393.6692504882813,385.673095703125
SUPREMEIND,2016-02-01,2016-02-09,666.1542358398438,663.8560180664062
ABFRL,2016-02-01,2016-02-09,216.60916137695312,170.57664489746094
BIOCON,2016-02-01,2016-02-09,78.62039947509766,74.04080963134766
KEI,2016-02-09,2016-02-17,109.50080871582033,93.10002136230467
BAJFINANCE,2016-02-09,2016-02-17,641.2254638671875,595.1498413085938
SUPREMEIND,2016-02-09,2016-02-17,663.8560180664062,618.5234985351562
HAVELLS,2016-02-09,2016-02-17,271.1221923828125,263.0561828613281
TVSMOTOR,2016-02-09,2016-02-17,270.3328552246094,266.787109375
APOLLOHOSP,2016-02-09,2016-02-17,1387.289306640625,1374.3369140625
SUPREMEIND,2016-02-17,2016-02-25,618.5234985351562,596.578369140625
TVSMOTOR,2016-02-17,2016-02-25,266.787109375,253.0766143798828
BAJFINANCE,2016-02-17,2016-02-25,595.1498413085938,560.279052734375
APOLLOHOSP,2016-02-17,2016-02-25,1374.3369140625,1396.471923828125
PIDILITIND,2016-02-17,2016-02-25,571.1799926757812,570.8946533203125
IGL,2016-02-17,2016-02-25,44.504356384277344,41.0216178894043
PIDILITIND,2016-02-25,2016-03-04,570.8946533203125,567.8033447265625
APOLLOHOSP,2016-02-25,2016-03-04,1396.471923828125,1363.0272216796875
JSWSTEEL,2016-02-25,2016-03-04,99.269287109375,104.54295349121094
SJVN,2016-02-25,2016-03-04,15.81864070892334,15.92945384979248
NHPC,2016-02-25,2016-03-04,12.17397689819336,13.11284637451172
EICHERMOT,2016-02-25,2016-03-04,1638.2965087890625,1670.3662109375
TVSMOTOR,2016-03-04,2016-03-15,272.5549621582031,270.23834228515625
BAJFINANCE,2016-03-04,2016-03-15,616.9264526367188,630.5220947265625
INFY,2016-03-04,2016-03-15,465.44378662109375,451.031005859375
AARTIIND,2016-03-04,2016-03-15,114.5426788330078,116.5282745361328
SUPREMEIND,2016-03-04,2016-03-15,679.6278076171875,697.6076049804688
IGL,2016-03-04,2016-03-15,44.73485565185547,43.37697219848633
TVSMOTOR,2016-03-15,2016-03-23,270.23834228515625,294.1550598144531
BAJFINANCE,2016-03-15,2016-03-23,630.5220947265625,671.3496704101562
INFY,2016-03-15,2016-03-23,451.031005859375,480.2145385742188
AARTIIND,2016-03-15,2016-03-23,116.5282745361328,110.4926300048828
SUPREMEIND,2016-03-15,2016-03-23,697.6076049804688,703.2227783203125
TATAELXSI,2016-03-15,2016-03-23,873.0875244140625,871.8477783203125
TVSMOTOR,2016-03-23,2016-04-04,294.1550598144531,308.3186340332031
SUPREMEIND,2016-03-23,2016-04-04,703.2227783203125,669.0750732421875
BAJFINANCE,2016-03-23,2016-04-04,671.3496704101562,670.9103393554688
MPHASIS,2016-03-23,2016-04-04,396.4507141113281,359.81268310546875
YESBANK,2016-03-23,2016-04-04,161.1028594970703,164.65023803710938
HEROMOTOCO,2016-03-23,2016-04-04,2139.002685546875,2222.659423828125
BAJFINANCE,2016-04-04,2016-04-12,670.9103393554688,716.4013671875
HEROMOTOCO,2016-04-04,2016-04-12,2222.659423828125,2273.12841796875
ASIANPAINT,2016-04-04,2016-04-12,827.2633056640625,809.2924194335938
INDUSINDBK,2016-04-04,2016-04-12,909.0424194335938,916.2766723632812
ASHOKLEY,2016-04-04,2016-04-12,87.16808319091797,88.15772247314453
IGL,2016-04-04,2016-04-12,47.36261749267578,46.97286224365234
ASHOKLEY,2016-04-12,2016-04-25,88.15772247314453,83.88245391845703
BAJFINANCE,2016-04-12,2016-04-25,716.4013671875,669.3623657226562
INDUSINDBK,2016-04-12,2016-04-25,916.2766723632812,928.9481811523438
JSWSTEEL,2016-04-12,2016-04-25,114.4421157836914,118.63107299804688
INDHOTEL,2016-04-12,2016-04-25,91.42698669433594,92.70599365234376
KEI,2016-04-12,2016-04-25,100.7894058227539,96.6527099609375
JSWSTEEL,2016-04-25,2016-05-03,118.63107299804688,119.65403747558594
BAJFINANCE,2016-04-25,2016-05-03,669.3623657226562,682.2196655273438
INDUSINDBK,2016-04-25,2016-05-03,928.9481811523438,981.384033203125
ASHOKLEY,2016-04-25,2016-05-03,83.88245391845703,83.16991424560547
INDHOTEL,2016-04-25,2016-05-03,92.70599365234376,92.52957916259766
SUPREMEIND,2016-04-25,2016-05-03,715.8297119140625,729.0262451171875
JSWSTEEL,2016-05-03,2016-05-11,119.65403747558594,113.8821029663086
BAJFINANCE,2016-05-03,2016-05-11,682.2196655273438,730.7919311523438
ASHOKLEY,2016-05-03,2016-05-11,83.16991424560547,82.49693298339844
SUPREMEIND,2016-05-03,2016-05-11,729.0262451171875,760.0447998046875
INDHOTEL,2016-05-03,2016-05-11,92.52957916259766,92.83829498291016
CHAMBLFERT,2016-05-03,2016-05-11,50.6712532043457,51.77014923095703
JSWSTEEL,2016-05-11,2016-05-19,113.8821029663086,116.42635345458984
BAJFINANCE,2016-05-11,2016-05-19,730.7919311523438,755.7300415039062
ASHOKLEY,2016-05-11,2016-05-19,82.49693298339844,80.715576171875
SUPREMEIND,2016-05-11,2016-05-19,760.0447998046875,806.6631469726562
INDHOTEL,2016-05-11,2016-05-19,92.83829498291016,99.67436981201172
TRENT,2016-05-11,2016-05-19,167.32070922851562,173.5825958251953
JSWSTEEL,2016-05-19,2016-05-27,116.42635345458984,121.31639862060548
ASHOKLEY,2016-05-19,2016-05-27,80.715576171875,84.555419921875
SUPREMEIND,2016-05-19,2016-05-27,806.6631469726562,829.5642700195312
INDHOTEL,2016-05-19,2016-05-27,99.67436981201172,102.62932586669922
INDUSINDBK,2016-05-19,2016-05-27,1013.8193359375,1044.07958984375
IGL,2016-05-19,2016-05-27,48.21339797973633,48.13795852661133
JSWSTEEL,2016-05-27,2016-06-06,121.31639862060548,120.76963806152344
INDHOTEL,2016-05-27,2016-06-06,102.62932586669922,108.62744140625
SUPREMEIND,2016-05-27,2016-06-06,829.5642700195312,795.0086059570312
OBEROIRLTY,2016-05-27,2016-06-06,258.92535400390625,266.5036315917969
ABB,2016-05-27,2016-06-06,1091.3974609375,1057.3226318359375
BOSCHLTD,2016-05-27,2016-06-06,19886.46875,20108.19140625
JSWSTEEL,2016-06-06,2016-06-14,120.76963806152344,124.00617980957033
INDHOTEL,2016-06-06,2016-06-14,108.62744140625,109.90642547607422
SUPREMEIND,2016-06-06,2016-06-14,795.0086059570312,802.218994140625
PETRONET,2016-06-06,2016-06-14,96.3752899169922,99.9460678100586
TATACOMM,2016-06-06,2016-06-14,243.6233673095703,244.15040588378903
INDUSINDBK,2016-06-06,2016-06-14,1060.7703857421875,1056.0419921875
JSWSTEEL,2016-06-14,2016-06-22,124.00617980957033,122.6965560913086
INDHOTEL,2016-06-14,2016-06-22,109.90642547607422,115.46349334716795
SUPREMEIND,2016-06-14,2016-06-22,802.218994140625,794.05615234375
TATACOMM,2016-06-14,2016-06-22,244.15040588378903,252.61050415039065
BAJFINANCE,2016-06-14,2016-06-22,731.6758422851562,742.1403198242188
PEL,2016-06-14,2016-06-22,658.4151611328125,659.42919921875
JSWSTEEL,2016-06-22,2016-06-30,122.6965560913086,129.1387176513672
INDHOTEL,2016-06-22,2016-06-30,115.46349334716795,112.68497467041016
SUPREMEIND,2016-06-22,2016-06-30,794.05615234375,828.38525390625
TATACOMM,2016-06-22,2016-06-30,252.61050415039065,266.5350036621094
PETRONET,2016-06-22,2016-06-30,103.83824157714844,105.05229949951172
INDUSINDBK,2016-06-22,2016-06-30,1031.597412109375,1055.526123046875
JSWSTEEL,2016-06-30,2016-07-11,129.1387176513672,133.73973083496094
INDUSINDBK,2016-06-30,2016-07-11,1055.526123046875,1067.72802734375
SUPREMEIND,2016-06-30,2016-07-11,828.38525390625,804.8038330078125
INDHOTEL,2016-06-30,2016-07-11,112.68497467041016,115.4194107055664
TATACOMM,2016-06-30,2016-07-11,266.5350036621094,269.0592041015625
BAJFINANCE,2016-06-30,2016-07-11,780.9755859375,836.7213134765625
JSWSTEEL,2016-07-11,2016-07-19,133.73973083496094,144.328125
INDUSINDBK,2016-07-11,2016-07-19,1067.72802734375,1051.3006591796875
SUPREMEIND,2016-07-11,2016-07-19,804.8038330078125,816.5491943359375
INDHOTEL,2016-07-11,2016-07-19,115.4194107055664,117.09534454345705
TATACOMM,2016-07-11,2016-07-19,269.0592041015625,256.909912109375
PETRONET,2016-07-11,2016-07-19,105.40937042236328,101.83860778808594
JSWSTEEL,2016-07-19,2016-07-27,144.328125,154.1763153076172
PETRONET,2016-07-19,2016-07-27,101.83860778808594,106.60557556152344
TATACOMM,2016-07-19,2016-07-27,256.909912109375,254.8661193847656
INDHOTEL,2016-07-19,2016-07-27,117.09534454345705,119.25643157958984
BAJFINANCE,2016-07-19,2016-07-27,844.7892456054688,957.231689453125
NTPC,2016-07-19,2016-07-27,87.66095733642578,89.26038360595703
JSWSTEEL,2016-07-27,2016-08-04,154.1763153076172,151.57025146484375
BAJFINANCE,2016-07-27,2016-08-04,957.231689453125,974.458740234375
NTPC,2016-07-27,2016-08-04,89.26038360595703,89.26038360595703
PETRONET,2016-07-27,2016-08-04,106.60557556152344,111.62252044677734
TATACOMM,2016-07-27,2016-08-04,254.8661193847656,252.50100708007807
INDHOTEL,2016-07-27,2016-08-04,119.25643157958984,116.3896713256836
JSWSTEEL,2016-08-04,2016-08-12,151.57025146484375,153.17910766601562
BAJFINANCE,2016-08-04,2016-08-12,974.458740234375,992.5117797851562
NTPC,2016-08-04,2016-08-12,89.26038360595703,90.10222625732422
PETRONET,2016-08-04,2016-08-12,111.62252044677734,112.17599487304688
TATACOMM,2016-08-04,2016-08-12,252.50100708007807,269.929443359375
INDHOTEL,2016-08-04,2016-08-12,116.3896713256836,112.330078125
JSWSTEEL,2016-08-12,2016-08-23,153.17910766601562,155.8738555908203
INDHOTEL,2016-08-12,2016-08-23,112.330078125,114.49622344970705
BAJFINANCE,2016-08-12,2016-08-23,992.5117797851562,981.3936157226562
EICHERMOT,2016-08-12,2016-08-23,1946.645751953125,1919.45849609375
MANAPPURAM,2016-08-12,2016-08-23,71.86485290527344,72.8238525390625
EXIDEIND,2016-08-12,2016-08-23,158.07440185546875,159.8556671142578
JSWSTEEL,2016-08-23,2016-08-31,155.8738555908203,155.39959716796875
BAJFINANCE,2016-08-23,2016-08-31,981.3936157226562,1076.2474365234375
EICHERMOT,2016-08-23,2016-08-31,1919.45849609375,1984.089111328125
INDHOTEL,2016-08-23,2016-08-31,114.49622344970705,115.02670288085938
EXIDEIND,2016-08-23,2016-08-31,159.8556671142578,169.26431274414062
IOC,2016-08-23,2016-08-31,50.65827178955078,53.58721160888672
JSWSTEEL,2016-08-31,2016-09-09,155.39959716796875,161.66664123535156
EICHERMOT,2016-08-31,2016-09-09,1984.089111328125,1999.27197265625
BAJFINANCE,2016-08-31,2016-09-09,1076.2474365234375,1127.50341796875
INDHOTEL,2016-08-31,2016-09-09,115.02670288085938,114.98249816894533
ASIANPAINT,2016-08-31,2016-09-09,1086.7236328125,1099.7222900390625
MANAPPURAM,2016-08-31,2016-09-09,71.64791870117188,75.42769622802734
JSWSTEEL,2016-09-09,2016-09-20,161.66664123535156,156.1752166748047
ASIANPAINT,2016-09-09,2016-09-20,1099.7222900390625,1093.4342041015625
BAJFINANCE,2016-09-09,2016-09-20,1127.50341796875,1050.77587890625
EICHERMOT,2016-09-09,2016-09-20,1999.27197265625,2043.1168212890625
INDHOTEL,2016-09-09,2016-09-20,114.98249816894533,111.4017333984375
MANAPPURAM,2016-09-09,2016-09-20,75.42769622802734,80.80335235595703
JSWSTEEL,2016-09-20,2016-09-28,156.1752166748047,157.40736389160156
ASIANPAINT,2016-09-20,2016-09-28,1093.4342041015625,1120.1356201171875
BAJFINANCE,2016-09-20,2016-09-28,1050.77587890625,1081.1246337890625
EICHERMOT,2016-09-20,2016-09-28,2043.1168212890625,2248.82080078125
MANAPPURAM,2016-09-20,2016-09-28,80.80335235595703,82.35729217529297
EXIDEIND,2016-09-20,2016-09-28,178.2162322998047,173.60325622558594
JSWSTEEL,2016-09-28,2016-10-06,157.40736389160156,156.23727416992188
BAJFINANCE,2016-09-28,2016-10-06,1081.1246337890625,1052.926025390625
EICHERMOT,2016-09-28,2016-10-06,2248.82080078125,2288.440185546875
MANAPPURAM,2016-09-28,2016-10-06,82.35729217529297,77.94754028320312
EXIDEIND,2016-09-28,2016-10-06,173.60325622558594,176.34364318847656
INDHOTEL,2016-09-28,2016-10-06,115.42456817626952,115.86663055419922
JSWSTEEL,2016-10-06,2016-10-18,156.23727416992188,158.01454162597656
BAJFINANCE,2016-10-06,2016-10-18,1052.926025390625,1092.12060546875
EICHERMOT,2016-10-06,2016-10-18,2288.440185546875,2186.2529296875
MANAPPURAM,2016-10-06,2016-10-18,77.94754028320312,85.42312622070312
EXIDEIND,2016-10-06,2016-10-18,176.34364318847656,176.61767578125
ASIANPAINT,2016-10-06,2016-10-18,1135.151611328125,1102.303466796875
JSWSTEEL,2016-10-18,2016-10-26,158.01454162597656,147.87826538085938
BAJFINANCE,2016-10-18,2016-10-26,1092.12060546875,1122.4696044921875
EICHERMOT,2016-10-18,2016-10-26,2186.2529296875,2129.540771484375
MANAPPURAM,2016-10-18,2016-10-26,85.42312622070312,87.01902770996094
EXIDEIND,2016-10-18,2016-10-26,176.61767578125,184.975830078125
BAJAJFINSV,2016-10-18,2016-10-26,331.48443603515625,331.6788024902344
MANAPPURAM,2016-10-26,2016-11-04,87.01902770996094,82.60928344726562
EICHERMOT,2016-10-26,2016-11-04,2129.540771484375,2086.89111328125
BAJFINANCE,2016-10-26,2016-11-04,1122.4696044921875,970.72509765625
EXIDEIND,2016-10-26,2016-11-04,184.975830078125,173.86854553222656
MARUTI,2016-10-26,2016-11-04,5406.53759765625,5255.232421875
YESBANK,2016-10-26,2016-11-04,247.1708526611328,229.13473510742188
MARUTI,2016-11-04,2016-11-15,5255.232421875,4464.625
EICHERMOT,2016-11-04,2016-11-15,2086.89111328125,1768.7001953125
MANAPPURAM,2016-11-04,2016-11-15,82.60928344726562,62.91240310668945
EXIDEIND,2016-11-04,2016-11-15,173.86854553222656,159.17996215820312
IOC,2016-11-04,2016-11-15,57.84999084472656,54.03113555908203
TATACOMM,2016-11-04,2016-11-15,349.2723999023437,340.0091857910156
TATACOMM,2016-11-15,2016-11-23,340.0091857910156,357.85992431640625
JSWSTEEL,2016-11-15,2016-11-23,150.1475067138672,146.371337890625
HINDALCO,2016-11-15,2016-11-23,159.57945251464844,165.2396240234375
NMDC,2016-11-15,2016-11-23,10.254079818725586,10.014498710632324
TATASTEEL,2016-11-15,2016-11-23,14.171666145324709,14.159049987792969
PETRONET,2016-11-15,2016-11-23,129.6895294189453,135.44393920898438
TATACOMM,2016-11-23,2016-12-01,357.85992431640625,374.7252502441406
NMDC,2016-11-23,2016-12-01,10.014498710632324,10.258437156677246
TATASTEEL,2016-11-23,2016-12-01,14.159049987792969,14.768391609191896
VEDL,2016-11-23,2016-12-01,74.75160217285156,78.23401641845703
ONGC,2016-11-23,2016-12-01,119.10090637207033,124.31338500976562
IOC,2016-11-23,2016-12-01,56.4131965637207,56.3092155456543
VEDL,2016-12-01,2016-12-09,78.23401641845703,84.62998962402344
TATACOMM,2016-12-01,2016-12-09,374.7252502441406,360.7037048339844
NMDC,2016-12-01,2016-12-09,10.258437156677246,11.02509593963623
TATASTEEL,2016-12-01,2016-12-09,14.768391609191896,15.52375316619873
MARUTI,2016-12-01,2016-12-09,4838.1650390625,4822.41259765625
NTPC,2016-12-01,2016-12-09,91.8567352294922,93.07657623291016
MARUTI,2016-12-09,2016-12-19,4822.41259765625,4711.916015625
TATACOMM,2016-12-09,2016-12-19,360.7037048339844,362.8717041015625
HINDALCO,2016-12-09,2016-12-19,173.23049926757812,160.9112548828125
EICHERMOT,2016-12-09,2016-12-19,1992.2344970703125,1883.78564453125
ONGC,2016-12-09,2016-12-19,130.5471649169922,128.5472869873047
YESBANK,2016-12-09,2016-12-19,233.66531372070312,226.01217651367188
HINDALCO,2016-12-19,2016-12-27,160.9112548828125,147.97364807128906
ONGC,2016-12-19,2016-12-27,128.5472869873047,121.46248626708984
TATACOMM,2016-12-19,2016-12-27,362.8717041015625,348.7374267578125
VEDL,2016-12-19,2016-12-27,78.35469818115234,74.0102767944336
PETRONET,2016-12-19,2016-12-27,139.20225524902344,128.71849060058594
IOC,2016-12-19,2016-12-27,57.67039489746094,59.986289978027344
VEDL,2016-12-27,2017-01-04,74.0102767944336,74.75160217285156
ONGC,2016-12-27,2017-01-04,121.46248626708984,124.3346939086914
TATACOMM,2016-12-27,2017-01-04,348.7374267578125,352.34136962890625
MARUTI,2016-12-27,2017-01-04,4812.279296875,5068.5078125
OIL,2016-12-27,2017-01-04,90.60227966308594,94.84049224853516
APLAPOLLO,2016-12-27,2017-01-04,86.60051727294922,90.55224609375
ONGC,2017-01-04,2017-01-12,124.3346939086914,127.366455078125
OIL,2017-01-04,2017-01-12,94.84049224853516,96.09395599365234
BAJAJFINSV,2017-01-04,2017-01-12,295.0919189453125,300.8475341796875
EICHERMOT,2017-01-04,2017-01-12,1935.73583984375,1990.6776123046875
PETRONET,2017-01-04,2017-01-12,134.8684844970703,133.55577087402344
EXIDEIND,2017-01-04,2017-01-12,167.6984405517578,169.81651306152344
BAJAJFINSV,2017-01-12,2017-01-20,300.8475341796875,305.3722839355469
ONGC,2017-01-12,2017-01-20,127.366455078125,125.93036651611328
EICHERMOT,2017-01-12,2017-01-20,1990.6776123046875,1987.4207763671875
PETRONET,2017-01-12,2017-01-20,133.55577087402344,130.57066345214844
EXIDEIND,2017-01-12,2017-01-20,169.81651306152344,179.1177520751953
TATACOMM,2017-01-12,2017-01-20,378.3291931152344,379.6243591308594
BAJAJFINSV,2017-01-20,2017-01-31,305.3722839355469,323.4963073730469
EICHERMOT,2017-01-20,2017-01-31,1987.4207763671875,2008.2899169921875
ONGC,2017-01-20,2017-01-31,125.93036651611328,129.28126525878906
EXIDEIND,2017-01-20,2017-01-31,179.1177520751953,181.6963348388672
MARUTI,2017-01-20,2017-01-31,5222.1611328125,5429.7060546875
OIL,2017-01-20,2017-01-31,90.9000473022461,91.31554412841795
MARUTI,2017-01-31,2017-02-08,5429.7060546875,5706.42919921875
ONGC,2017-01-31,2017-02-08,129.28126525878906,125.4983139038086
EXIDEIND,2017-01-31,2017-02-08,181.6963348388672,192.74728393554688
BAJAJFINSV,2017-01-31,2017-02-08,323.4963073730469,365.0714416503906
VEDL,2017-01-31,2017-02-08,87.26765441894531,87.00907135009766
PETRONET,2017-01-31,2017-02-08,134.4908447265625,134.8145294189453
MARUTI,2017-02-08,2017-02-16,5706.42919921875,5549.73583984375
BAJAJFINSV,2017-02-08,2017-02-16,365.0714416503906,365.8887023925781
ONGC,2017-02-08,2017-02-16,125.4983139038086,125.30469512939452
VEDL,2017-02-08,2017-02-16,87.00907135009766,90.75009155273438
EXIDEIND,2017-02-08,2017-02-16,192.74728393554688,193.80636596679688
OIL,2017-02-08,2017-02-16,93.32386779785156,95.32121276855467
BAJAJFINSV,2017-02-16,2017-02-27,365.8887023925781,382.3731994628906
MARUTI,2017-02-16,2017-02-27,5549.73583984375,5482.44384765625
OIL,2017-02-16,2017-02-27,95.32121276855467,93.48399353027344
EXIDEIND,2017-02-16,2017-02-27,193.80636596679688,192.1486968994141
YESBANK,2017-02-16,2017-02-27,275.2739562988281,272.3908386230469
PAGEIND,2017-02-16,2017-02-27,13315.939453125,13147.560546875
BAJAJFINSV,2017-02-27,2017-03-07,382.3731994628906,379.2337951660156
EXIDEIND,2017-02-27,2017-03-07,192.1486968994141,197.21368408203125
OIL,2017-02-27,2017-03-07,93.48399353027344,95.43515014648438
PAGEIND,2017-02-27,2017-03-07,13147.560546875,13330.69921875
IOC,2017-02-27,2017-03-07,75.53184509277344,74.12260437011719
NMDC,2017-02-27,2017-03-07,12.580199241638184,12.828493118286133
BAJAJFINSV,2017-03-07,2017-03-16,379.2337951660156,402.6499938964844
OIL,2017-03-07,2017-03-16,95.43515014648438,96.13298797607422
NMDC,2017-03-07,2017-03-16,12.828493118286133,13.592283248901367
EXIDEIND,2017-03-07,2017-03-16,197.21368408203125,204.5349578857422
TATACONSUM,2017-03-07,2017-03-16,130.7377471923828,132.523681640625
RECLTD,2017-03-07,2017-03-16,62.50602340698242,65.13976287841797
BAJAJFINSV,2017-03-16,2017-03-24,402.6499938964844,411.5499877929688
TATACONSUM,2017-03-16,2017-03-24,132.523681640625,138.43092346191406
OIL,2017-03-16,2017-03-24,96.13298797607422,94.79425048828124
RECLTD,2017-03-16,2017-03-24,65.13976287841797,69.90461730957031
EXIDEIND,2017-03-16,2017-03-24,204.5349578857422,198.59510803222656
TVSMOTOR,2017-03-16,2017-03-24,419.2674255371094,408.4606018066406
BAJAJFINSV,2017-03-24,2017-04-03,411.5499877929688,408.450439453125
TVSMOTOR,2017-03-24,2017-04-03,408.4606018066406,417.0678405761719
RECLTD,2017-03-24,2017-04-03,69.90461730957031,72.29708099365234
EXIDEIND,2017-03-24,2017-04-03,198.59510803222656,211.81021118164065
PETRONET,2017-03-24,2017-04-03,142.6549072265625,148.87684631347656
NMDC,2017-03-24,2017-04-03,13.488900184631348,13.168909072875977
BAJAJFINSV,2017-04-03,2017-04-12,408.450439453125,448.7846984863281
TVSMOTOR,2017-04-03,2017-04-12,417.0678405761719,454.3657836914063
RECLTD,2017-04-03,2017-04-12,72.29708099365234,83.13359069824219
NMDC,2017-04-03,2017-04-12,13.168909072875977,13.168909072875977
EXIDEIND,2017-04-03,2017-04-12,211.81021118164065,209.64605712890625
HDFCBANK,2017-04-03,2017-04-12,673.349609375,678.28271484375
BAJAJFINSV,2017-04-12,2017-04-21,448.7846984863281,428.96142578125
TVSMOTOR,2017-04-12,2017-04-21,454.3657836914063,461.1081237792969
RECLTD,2017-04-12,2017-04-21,83.13359069824219,82.38973236083984
NMDC,2017-04-12,2017-04-21,13.168909072875977,12.715998649597168
EXIDEIND,2017-04-12,2017-04-21,209.64605712890625,215.9082489013672
JSL,2017-04-12,2017-04-21,77.73947143554688,72.62567901611328
BAJAJFINSV,2017-04-21,2017-05-02,428.96142578125,455.0834655761719
TVSMOTOR,2017-04-21,2017-05-02,461.1081237792969,473.87548828125
RECLTD,2017-04-21,2017-05-02,82.38973236083984,85.54619598388672
EXIDEIND,2017-04-21,2017-05-02,215.9082489013672,212.6390380859375
HDFCBANK,2017-04-21,2017-05-02,703.1364135742188,723.8085327148438
TATACONSUM,2017-04-21,2017-05-02,138.56829833984375,144.42974853515625
BAJAJFINSV,2017-05-02,2017-05-10,455.0834655761719,437.6720886230469
TATACONSUM,2017-05-02,2017-05-10,144.42974853515625,141.81956481933594
TVSMOTOR,2017-05-02,2017-05-10,473.87548828125,472.9669494628906
HDFCBANK,2017-05-02,2017-05-10,723.8085327148438,729.0706787109375
RECLTD,2017-05-02,2017-05-10,85.54619598388672,87.8582534790039
EXIDEIND,2017-05-02,2017-05-10,212.6390380859375,227.4657592773437
BAJAJFINSV,2017-05-10,2017-05-18,437.6720886230469,430.4513854980469
TVSMOTOR,2017-05-10,2017-05-18,472.9669494628906,504.7180786132813
RECLTD,2017-05-10,2017-05-18,87.8582534790039,87.93865203857422
EXIDEIND,2017-05-10,2017-05-18,227.4657592773437,220.8811950683593
LTF,2017-05-10,2017-05-18,116.5287628173828,111.6806182861328
BRITANNIA,2017-05-10,2017-05-18,1653.97802734375,1584.521728515625
BAJAJFINSV,2017-05-18,2017-05-26,430.4513854980469,399.3909301757813
TVSMOTOR,2017-05-18,2017-05-26,504.7180786132813,511.2691955566406
LTF,2017-05-18,2017-05-26,111.6806182861328,113.28223419189452
RECLTD,2017-05-18,2017-05-26,87.93865203857422,82.1685791015625
EXIDEIND,2017-05-18,2017-05-26,220.8811950683593,214.895248413086
APLAPOLLO,2017-05-18,2017-05-26,134.9994659423828,135.78016662597656
TVSMOTOR,2017-05-26,2017-06-05,511.2691955566406,518.7286987304688
LTF,2017-05-26,2017-06-05,113.28223419189452,114.40769958496094
RECLTD,2017-05-26,2017-06-05,82.1685791015625,75.755126953125
APLAPOLLO,2017-05-26,2017-06-05,135.78016662597656,141.7703857421875
EXIDEIND,2017-05-26,2017-06-05,214.895248413086,209.41580200195312
HDFCBANK,2017-05-26,2017-06-05,763.931396484375,768.4182739257812
HDFCBANK,2017-06-05,2017-06-13,768.4182739257812,787.7514038085938
TVSMOTOR,2017-06-05,2017-06-13,518.7286987304688,531.3526611328125
LTF,2017-06-05,2017-06-13,114.40769958496094,114.9704360961914
BAJAJFINSV,2017-06-05,2017-06-13,429.03118896484375,416.2840881347656
KEI,2017-06-05,2017-06-13,213.1908416748047,209.0853576660156
UPL,2017-06-05,2017-06-13,536.4342041015625,520.6431274414062
BAJAJFINSV,2017-06-13,2017-06-21,416.2840881347656,425.4083862304688
TVSMOTOR,2017-06-13,2017-06-21,531.3526611328125,522.1715087890625
HDFCBANK,2017-06-13,2017-06-21,787.7514038085938,798.0874633789062
LTF,2017-06-13,2017-06-21,114.9704360961914,126.70123291015624
MARUTI,2017-06-13,2017-06-21,6769.75537109375,6695.36962890625
ADANIENT,2017-06-13,2017-06-21,70.6257095336914,70.33231353759766
HDFCBANK,2017-06-21,2017-06-30,798.0874633789062,781.3276977539062
ADANIENT,2017-06-21,2017-06-30,70.33231353759766,70.73238372802734
TVSMOTOR,2017-06-21,2017-06-30,522.1715087890625,525.2319946289062
LTF,2017-06-21,2017-06-30,126.70123291015624,124.92644500732422
VEDL,2017-06-21,2017-06-30,87.98635864257812,91.83989715576172
UPL,2017-06-21,2017-06-30,531.1603393554688,519.568359375
ADANIENT,2017-06-30,2017-07-10,70.73238372802734,71.93260192871094
TVSMOTOR,2017-06-30,2017-07-10,525.2319946289062,546.22412109375
HDFCBANK,2017-06-30,2017-07-10,781.3276977539062,792.8203125
LTF,2017-06-30,2017-07-10,124.92644500732422,129.42831420898438
UPL,2017-06-30,2017-07-10,519.568359375,525.9979858398438
APLAPOLLO,2017-06-30,2017-07-10,149.30760192871094,154.2713165283203
ADANIENT,2017-07-10,2017-07-18,71.93260192871094,73.53287506103516
TVSMOTOR,2017-07-10,2017-07-18,546.22412109375,546.463134765625
HDFCBANK,2017-07-10,2017-07-18,792.8203125,796.2255249023438
LTF,2017-07-10,2017-07-18,129.42831420898438,128.08642578125
APLAPOLLO,2017-07-10,2017-07-18,154.2713165283203,152.38223266601562
JSL,2017-07-10,2017-07-18,76.31349182128906,75.18256378173828
ADANIENT,2017-07-18,2017-07-26,73.53287506103516,75.07981872558594
TVSMOTOR,2017-07-18,2017-07-26,546.463134765625,545.6979370117188
HDFCBANK,2017-07-18,2017-07-26,796.2255249023438,826.4940185546875
LTF,2017-07-18,2017-07-26,128.08642578125,139.51417541503906
APLAPOLLO,2017-07-18,2017-07-26,152.38223266601562,153.99183654785156
GODREJPROP,2017-07-18,2017-07-26,506.3500061035156,514.2999877929688
ADANIENT,2017-07-26,2017-08-03,75.07981872558594,73.87049102783203
TVSMOTOR,2017-07-26,2017-08-03,545.6979370117188,561.095458984375
HDFCBANK,2017-07-26,2017-08-03,826.4940185546875,841.8173828125
LTF,2017-07-26,2017-08-03,139.51417541503906,147.95516967773438
APLAPOLLO,2017-07-26,2017-08-03,153.99183654785156,151.4087371826172
PHOENIXLTD,2017-07-26,2017-08-03,241.8497467041016,233.0858612060547
ADANIENT,2017-08-03,2017-08-11,73.87049102783203,60.97332763671875
PHOENIXLTD,2017-08-03,2017-08-11,233.0858612060547,239.0087127685547
HDFCBANK,2017-08-03,2017-08-11,841.8173828125,827.203369140625
LTF,2017-08-03,2017-08-11,147.95516967773438,141.80841064453125
APLAPOLLO,2017-08-03,2017-08-11,151.4087371826172,149.9871063232422
BRITANNIA,2017-08-03,2017-08-11,1736.3201904296875,1838.5108642578125
PHOENIXLTD,2017-08-11,2017-08-22,239.0087127685547,260.0516662597656
HDFCBANK,2017-08-11,2017-08-22,827.203369140625,826.2338256835938
BRITANNIA,2017-08-11,2017-08-22,1838.5108642578125,1881.9417724609373
LTF,2017-08-11,2017-08-22,141.80841064453125,147.370849609375
APLAPOLLO,2017-08-11,2017-08-22,149.9871063232422,146.56065368652344
VEDL,2017-08-11,2017-08-22,102.92118072509766,108.06539154052734
HDFCBANK,2017-08-22,2017-08-31,826.2338256835938,840.1620483398438
LTF,2017-08-22,2017-08-31,147.370849609375,174.2011260986328
VEDL,2017-08-22,2017-08-31,108.06539154052734,113.9102554321289
BRITANNIA,2017-08-22,2017-08-31,1881.9417724609373,1896.3291015625
WIPRO,2017-08-22,2017-08-31,102.40325164794922,105.52560424804688
BAJFINANCE,2017-08-22,2017-08-31,1649.1458740234375,1746.16015625
HDFCBANK,2017-08-31,2017-09-08,840.1620483398438,845.4590454101562
LTF,2017-08-31,2017-09-08,174.2011260986328,176.02749633789062
BAJFINANCE,2017-08-31,2017-09-08,1746.16015625,1853.267822265625
BRITANNIA,2017-08-31,2017-09-08,1896.3291015625,1922.0113525390625
ADANIENT,2017-08-31,2017-09-08,71.08191680908203,68.42741394042969
TVSMOTOR,2017-08-31,2017-09-08,577.3534545898438,607.2396240234375
ADANIENT,2017-09-08,2017-09-18,68.42741394042969,70.17027282714844
BAJFINANCE,2017-09-08,2017-09-18,1853.267822265625,1873.3076171875
BRITANNIA,2017-09-08,2017-09-18,1922.0113525390625,1966.92138671875
HDFCBANK,2017-09-08,2017-09-18,845.4590454101562,879.8893432617188
LTF,2017-09-08,2017-09-18,176.02749633789062,182.5067749023437
CESC,2017-09-08,2017-09-18,68.58160400390625,69.7479248046875
ADANIENT,2017-09-18,2017-09-26,70.17027282714844,63.601016998291016
BRITANNIA,2017-09-18,2017-09-26,1966.92138671875,1938.9307861328125
HDFCBANK,2017-09-18,2017-09-26,879.8893432617188,847.6582641601562
LTF,2017-09-18,2017-09-26,182.5067749023437,170.76580810546875
CESC,2017-09-18,2017-09-26,69.7479248046875,66.74125671386719
PRESTIGE,2017-09-18,2017-09-26,257.8865966796875,259.4889831542969
HDFCBANK,2017-09-26,2017-10-05,847.6582641601562,850.6377563476562
LTF,2017-09-26,2017-10-05,170.76580810546875,168.20018005371094
PRESTIGE,2017-09-26,2017-10-05,259.4889831542969,271.28839111328125
BRITANNIA,2017-09-26,2017-10-05,1938.9307861328125,1955.8056640625
WIPRO,2017-09-26,2017-10-05,102.40325164794922,100.05704498291016
TVSMOTOR,2017-09-26,2017-10-05,618.5247802734375,626.4146728515625
HDFCBANK,2017-10-05,2017-10-13,850.6377563476562,875.3255004882812
LTF,2017-10-05,2017-10-13,168.20018005371094,177.94085693359375
BRITANNIA,2017-10-05,2017-10-13,1955.8056640625,2053.760498046875
BAJFINANCE,2017-10-05,2017-10-13,1828.7691650390625,1913.8773193359373
INDUSINDBK,2017-10-05,2017-10-13,1609.718505859375,1668.38623046875
KOTAKBANK,2017-10-05,2017-10-13,1028.609375,1077.9580078125
BAJFINANCE,2017-10-13,2017-10-24,1913.8773193359373,1789.4244384765625
INDUSINDBK,2017-10-13,2017-10-24,1668.38623046875,1586.9376220703125
BRITANNIA,2017-10-13,2017-10-24,2053.760498046875,2073.324462890625
HDFCBANK,2017-10-13,2017-10-24,875.3255004882812,883.034423828125
LTF,2017-10-13,2017-10-24,177.94085693359375,183.9417724609375
KOTAKBANK,2017-10-13,2017-10-24,1077.9580078125,1061.3756103515625
BAJFINANCE,2017-10-24,2017-11-01,1789.4244384765625,1770.5115966796875
BRITANNIA,2017-10-24,2017-11-01,2073.324462890625,2105.326904296875
HDFCBANK,2017-10-24,2017-11-01,883.034423828125,861.3262939453125
LTF,2017-10-24,2017-11-01,183.9417724609375,174.635986328125
KOTAKBANK,2017-10-24,2017-11-01,1061.3756103515625,1020.1934814453124
TVSMOTOR,2017-10-24,2017-11-01,663.99951171875,678.201416015625
TVSMOTOR,2017-11-01,2017-11-09,678.201416015625,665.9281616210938
BAJFINANCE,2017-11-01,2017-11-09,1770.5115966796875,1717.8397216796875
BRITANNIA,2017-11-01,2017-11-09,2105.326904296875,2132.532470703125
HDFCBANK,2017-11-01,2017-11-09,861.3262939453125,864.4713745117188
KOTAKBANK,2017-11-01,2017-11-09,1020.1934814453124,1001.2705078125
GRASIM,2017-11-01,2017-11-09,1197.195068359375,1177.99853515625
HDFCBANK,2017-11-09,2017-11-17,864.4713745117188,863.3836669921875
TVSMOTOR,2017-11-09,2017-11-17,665.9281616210938,679.3070068359375
BRITANNIA,2017-11-09,2017-11-17,2132.532470703125,2128.99169921875
JINDALSTEL,2017-11-09,2017-11-17,162.33175659179688,162.77638244628906
TITAN,2017-11-09,2017-11-17,749.6880493164062,757.7832641601562
IGL,2017-11-09,2017-11-17,132.96084594726562,129.46466064453125
HDFCBANK,2017-11-17,2017-11-27,863.3836669921875,878.517822265625
TVSMOTOR,2017-11-17,2017-11-27,679.3070068359375,714.2171020507812
IGL,2017-11-17,2017-11-27,129.46466064453125,133.94744873046875
BRITANNIA,2017-11-17,2017-11-27,2128.99169921875,2149.990234375
WIPRO,2017-11-17,2017-11-27,104.13200378417967,104.00851440429688
KOTAKBANK,2017-11-17,2017-11-27,1019.0481567382812,1032.2442626953125
TVSMOTOR,2017-11-27,2017-12-05,714.2171020507812,707.311767578125
BRITANNIA,2017-11-27,2017-12-05,2149.990234375,2134.28076171875
HDFCBANK,2017-11-27,2017-12-05,878.517822265625,860.9716186523438
IGL,2017-11-27,2017-12-05,133.94744873046875,140.2748565673828
KOTAKBANK,2017-11-27,2017-12-05,1032.2442626953125,995.7928466796876
GODREJPROP,2017-11-27,2017-12-05,715.7999877929688,709.1500244140625
HDFCBANK,2017-12-05,2017-12-13,860.9716186523438,861.397216796875
GODREJPROP,2017-12-05,2017-12-13,709.1500244140625,704.4000244140625
BRITANNIA,2017-12-05,2017-12-13,2134.28076171875,2158.035400390625
TITAN,2017-12-05,2017-12-13,763.8547973632812,789.2492065429688
JINDALSTEL,2017-12-05,2017-12-13,162.924560546875,159.17010498046875
PRESTIGE,2017-12-05,2017-12-13,302.6562194824219,285.1271057128906
JINDALSTEL,2017-12-13,2017-12-21,159.17010498046875,183.1295928955078
BRITANNIA,2017-12-13,2017-12-21,2158.035400390625,2121.215576171875
HDFCBANK,2017-12-13,2017-12-21,861.397216796875,883.6019287109375
PRESTIGE,2017-12-13,2017-12-21,285.1271057128906,292.07080078125
TITAN,2017-12-13,2017-12-21,789.2492065429688,827.3167724609375
MARUTI,2017-12-13,2017-12-21,8485.8623046875,8960.73828125
MARUTI,2017-12-21,2018-01-01,8960.73828125,8980.138671875
BRITANNIA,2017-12-21,2018-01-01,2121.215576171875,2123.703125
HDFCBANK,2017-12-21,2018-01-01,883.6019287109375,877.0753173828125
PRESTIGE,2017-12-21,2018-01-01,292.07080078125,306.5408020019531
TITAN,2017-12-21,2018-01-01,827.3167724609375,821.5343017578125
TVSMOTOR,2017-12-21,2018-01-01,745.003173828125,735.0767822265625
MARUTI,2018-01-01,2018-01-09,8980.138671875,8730.46484375
HDFCBANK,2018-01-01,2018-01-09,877.0753173828125,881.4263916015625
PRESTIGE,2018-01-01,2018-01-09,306.5408020019531,324.11846923828125
BRITANNIA,2018-01-01,2018-01-09,2123.703125,2080.540771484375
IGL,2018-01-01,2018-01-09,145.7442626953125,138.58038330078125
ASTRAL,2018-01-01,2018-01-09,372.5524291992188,378.57177734375
MARUTI,2018-01-09,2018-01-17,8730.46484375,8665.6630859375
HDFCBANK,2018-01-09,2018-01-17,881.4263916015625,894.101318359375
PRESTIGE,2018-01-09,2018-01-17,324.11846923828125,311.445068359375
IGL,2018-01-09,2018-01-17,138.58038330078125,135.0198974609375
TVSMOTOR,2018-01-09,2018-01-17,738.9609375,700.1188354492188
TITAN,2018-01-09,2018-01-17,899.1149291992188,860.7100219726562
MARUTI,2018-01-17,2018-01-25,8665.6630859375,8632.447265625
HDFCBANK,2018-01-17,2018-01-25,894.101318359375,934.0414428710938
PRESTIGE,2018-01-17,2018-01-25,311.445068359375,304.64703369140625
TITAN,2018-01-17,2018-01-25,860.7100219726562,852.036376953125
BRITANNIA,2018-01-17,2018-01-25,2128.879638671875,2073.212890625
ASTRAL,2018-01-17,2018-01-25,375.13861083984375,361.8291015625
MARUTI,2018-01-25,2018-02-05,8632.447265625,8448.5986328125
HDFCBANK,2018-01-25,2018-02-05,934.0414428710938,905.1444702148438
PRESTIGE,2018-01-25,2018-02-05,304.64703369140625,293.5274963378906
ASTRAL,2018-01-25,2018-02-05,361.8291015625,355.27471923828125
ASHOKLEY,2018-01-25,2018-02-05,99.29296875,105.01673126220705
CHAMBLFERT,2018-01-25,2018-02-05,130.76937866210938,120.71341705322266
MARUTI,2018-02-05,2018-02-14,8448.5986328125,8375.0966796875
ASHOKLEY,2018-02-05,2018-02-14,105.01673126220705,111.5523681640625
HDFCBANK,2018-02-05,2018-02-14,905.1444702148438,890.6251831054688
JSWSTEEL,2018-02-05,2018-02-14,261.0801086425781,277.4844055175781
JINDALSTEL,2018-02-05,2018-02-14,256.440673828125,266.81494140625
HINDUNILVR,2018-02-05,2018-02-14,1225.4591064453125,1219.7197265625
HDFCBANK,2018-02-14,2018-02-22,890.6251831054688,876.46044921875
ASHOKLEY,2018-02-14,2018-02-22,111.5523681640625,107.45237731933594
CHAMBLFERT,2018-02-14,2018-02-22,133.27273559570312,130.72691345214844
PRESTIGE,2018-02-14,2018-02-22,303.2874755859375,308.6772766113281
TATASTEEL,2018-02-14,2018-02-22,27.27119255065918,24.55755615234375
BRITANNIA,2018-02-14,2018-02-22,2135.311279296875,2176.411376953125
ASHOKLEY,2018-02-22,2018-03-05,107.45237731933594,113.78501892089844
CHAMBLFERT,2018-02-22,2018-03-05,130.72691345214844,138.83106994628906
PRESTIGE,2018-02-22,2018-03-05,308.6772766113281,320.2339172363281
BRITANNIA,2018-02-22,2018-03-05,2176.411376953125,2197.2978515625
JSWSTEEL,2018-02-22,2018-03-05,266.8619384765625,261.43865966796875
JINDALSTEL,2018-02-22,2018-03-05,247.2521209716797,235.19827270507807
JSWSTEEL,2018-03-05,2018-03-13,261.43865966796875,272.0611267089844
JINDALSTEL,2018-03-05,2018-03-13,235.19827270507807,227.14588928222656
BRITANNIA,2018-03-05,2018-03-13,2197.2978515625,2182.731201171875
ASHOKLEY,2018-03-05,2018-03-13,113.78501892089844,121.70085906982422
PRESTIGE,2018-03-05,2018-03-13,320.2339172363281,287.7006225585937
ASTRAL,2018-03-05,2018-03-13,385.2599792480469,388.6931762695313
JSWSTEEL,2018-03-13,2018-03-21,272.0611267089844,258.5253295898437
ASHOKLEY,2018-03-13,2018-03-21,121.70085906982422,119.75235748291016
BRITANNIA,2018-03-13,2018-03-21,2182.731201171875,2166.820556640625
CHAMBLFERT,2018-03-13,2018-03-21,136.70956420898438,143.92269897460938
CHOLAFIN,2018-03-13,2018-03-21,282.3908996582031,282.635009765625
TITAN,2018-03-13,2018-03-21,821.052490234375,840.6162719726562
CHOLAFIN,2018-03-21,2018-04-02,282.635009765625,287.7314758300781
TITAN,2018-03-21,2018-04-02,840.6162719726562,909.8604736328124
BRITANNIA,2018-03-21,2018-04-02,2166.820556640625,2289.00048828125
SHRIRAMFIN,2018-03-21,2018-04-02,189.9007873535156,199.59326171875
OBEROIRLTY,2018-03-21,2018-04-02,490.57861328125,489.4070434570313
JUBLFOOD,2018-03-21,2018-04-02,216.8632659912109,231.47732543945312
OBEROIRLTY,2018-04-02,2018-04-10,489.4070434570313,520.1109619140625
BRITANNIA,2018-04-02,2018-04-10,2289.00048828125,2301.191650390625
SHRIRAMFIN,2018-04-02,2018-04-10,199.59326171875,212.2084808349609
CHOLAFIN,2018-04-02,2018-04-10,287.7314758300781,305.43280029296875
TITAN,2018-04-02,2018-04-10,909.8604736328124,927.3521118164062
JSWSTEEL,2018-04-02,2018-04-10,265.8310852050781,279.09796142578125
JSWSTEEL,2018-04-10,2018-04-18,279.09796142578125,277.84295654296875
OBEROIRLTY,2018-04-10,2018-04-18,520.1109619140625,500.8294982910156
TITAN,2018-04-10,2018-04-18,927.3521118164062,941.6636352539062
BRITANNIA,2018-04-10,2018-04-18,2301.191650390625,2403.11328125
ASHOKLEY,2018-04-10,2018-04-18,117.96621704101562,121.29492950439452
JUBLFOOD,2018-04-10,2018-04-18,238.6001739501953,244.32791137695312
OBEROIRLTY,2018-04-18,2018-04-26,500.8294982910156,537.6839599609375
JUBLFOOD,2018-04-18,2018-04-26,244.32791137695312,248.14968872070312
TITAN,2018-04-18,2018-04-26,941.6636352539062,934.3392333984376
BRITANNIA,2018-04-18,2018-04-26,2403.11328125,2408.379638671875
CHAMBLFERT,2018-04-18,2018-04-26,151.4327850341797,176.04220581054688
M&M,2018-04-18,2018-04-26,740.0908203125,795.5768432617188
OBEROIRLTY,2018-04-26,2018-05-07,537.6839599609375,505.9549560546875
BRITANNIA,2018-04-26,2018-05-07,2408.379638671875,2452.886474609375
M&M,2018-04-26,2018-05-07,795.5768432617188,821.0252685546875
JUBLFOOD,2018-04-26,2018-05-07,248.14968872070312,255.94552612304688
TITAN,2018-04-26,2018-05-07,934.3392333984376,933.8092041015624
TATACONSUM,2018-04-26,2018-05-07,274.6197204589844,277.44891357421875
OBEROIRLTY,2018-05-07,2018-05-15,505.9549560546875,518.79296875
JUBLFOOD,2018-05-07,2018-05-15,255.94552612304688,235.8345642089844
TITAN,2018-05-07,2018-05-15,933.8092041015624,897.2355346679688
BRITANNIA,2018-05-07,2018-05-15,2452.886474609375,2444.86376953125
JSWSTEEL,2018-05-07,2018-05-15,292.0511169433594,299.8946838378906
SHRIRAMFIN,2018-05-07,2018-05-15,213.43191528320312,199.96710205078125
OBEROIRLTY,2018-05-15,2018-05-23,518.79296875,487.8450317382813
JUBLFOOD,2018-05-15,2018-05-23,235.8345642089844,252.0304107666016
TITAN,2018-05-15,2018-05-23,897.2355346679688,886.7308349609375
BRITANNIA,2018-05-15,2018-05-23,2444.86376953125,2561.800048828125
DIVISLAB,2018-05-15,2018-05-23,1083.279541015625,1030.050537109375
CHOLAFIN,2018-05-15,2018-05-23,307.9908752441406,291.0902099609375
JUBLFOOD,2018-05-23,2018-05-31,252.0304107666016,246.45985412597656
BRITANNIA,2018-05-23,2018-05-31,2561.800048828125,2655.138916015625
COFORGE,2018-05-23,2018-05-31,982.1843872070312,1021.8375854492188
M&M,2018-05-23,2018-05-31,771.1481323242188,855.65185546875
TATAELXSI,2018-05-23,2018-05-31,1102.1722412109375,1135.39599609375
BSOFT,2018-05-23,2018-05-31,143.81849670410156,154.3159942626953
BSOFT,2018-05-31,2018-06-08,154.3159942626953,152.03271484375
M&M,2018-05-31,2018-06-08,855.65185546875,845.1757202148438
JUBLFOOD,2018-05-31,2018-06-08,246.45985412597656,263.2255249023437
BRITANNIA,2018-05-31,2018-06-08,2655.138916015625,2652.31494140625
EXIDEIND,2018-05-31,2018-06-08,241.8833923339844,240.7191925048828
LT,2018-05-31,2018-06-08,1227.196533203125,1203.510498046875
BSOFT,2018-06-08,2018-06-18,152.03271484375,155.17913818359375
JUBLFOOD,2018-06-08,2018-06-18,263.2255249023437,276.13995361328125
EXIDEIND,2018-06-08,2018-06-18,240.7191925048828,234.711669921875
BRITANNIA,2018-06-08,2018-06-18,2652.31494140625,2722.3916015625
OBEROIRLTY,2018-06-08,2018-06-18,503.8741149902344,500.0517578125
CHOLAFIN,2018-06-08,2018-06-18,305.8135681152344,314.7374572753906
BSOFT,2018-06-18,2018-06-26,155.17913818359375,151.25303649902344
JUBLFOOD,2018-06-18,2018-06-26,276.13995361328125,276.3953552246094
EXIDEIND,2018-06-18,2018-06-26,234.711669921875,234.66505432128903
BRITANNIA,2018-06-18,2018-06-26,2722.3916015625,2711.679443359375
M&M,2018-06-18,2018-06-26,847.26171875,832.5211791992188
TECHM,2018-06-18,2018-06-26,580.034423828125,561.5040893554688
TECHM,2018-06-26,2018-07-04,561.5040893554688,534.280029296875
BRITANNIA,2018-06-26,2018-07-04,2711.679443359375,2823.573974609375
M&M,2018-06-26,2018-07-04,832.5211791992188,834.4678955078125
BSOFT,2018-06-26,2018-07-04,151.25303649902344,153.42494201660156
JUBLFOOD,2018-06-26,2018-07-04,276.3953552246094,280.76739501953125
COFORGE,2018-06-26,2018-07-04,1015.0684814453124,1016.6694946289062
COFORGE,2018-07-04,2018-07-12,1016.6694946289062,1039.9031982421875
BRITANNIA,2018-07-04,2018-07-12,2823.573974609375,2871.038330078125
M&M,2018-07-04,2018-07-12,834.4678955078125,855.9182739257812
BSOFT,2018-07-04,2018-07-12,153.42494201660156,166.87396240234375
JUBLFOOD,2018-07-04,2018-07-12,280.76739501953125,279.9224548339844
EXIDEIND,2018-07-04,2018-07-12,244.3516082763672,248.3565673828125
BSOFT,2018-07-12,2018-07-20,166.87396240234375,163.00355529785156
M&M,2018-07-12,2018-07-20,855.9182739257812,850.263916015625
JUBLFOOD,2018-07-12,2018-07-20,279.9224548339844,291.0831604003906
BRITANNIA,2018-07-12,2018-07-20,2871.038330078125,2849.748291015625
CHOLAFIN,2018-07-12,2018-07-20,306.0088806152344,297.26629638671875
INFY,2018-07-12,2018-07-20,550.5809326171875,573.4446411132812
BSOFT,2018-07-20,2018-07-30,163.00355529785156,164.5350341796875
M&M,2018-07-20,2018-07-30,850.263916015625,872.2273559570312
JUBLFOOD,2018-07-20,2018-07-30,291.0831604003906,279.0185546875
INFY,2018-07-20,2018-07-30,573.4446411132812,574.67822265625
TATAELXSI,2018-07-20,2018-07-30,1289.7786865234375,1318.2197265625
HINDUNILVR,2018-07-20,2018-07-30,1508.0123291015625,1537.92919921875
INFY,2018-07-30,2018-08-07,574.67822265625,581.8883666992188
M&M,2018-07-30,2018-08-07,872.2273559570312,866.3859252929688
BSOFT,2018-07-30,2018-08-07,164.5350341796875,169.26864624023438
JUBLFOOD,2018-07-30,2018-08-07,279.0185546875,293.0087585449219
TATAELXSI,2018-07-30,2018-08-07,1318.2197265625,1281.4085693359375
HINDUNILVR,2018-07-30,2018-08-07,1537.92919921875,1575.5875244140625
INFY,2018-08-07,2018-08-16,581.8883666992188,608.09130859375
M&M,2018-08-07,2018-08-16,866.3859252929688,889.05029296875
BSOFT,2018-08-07,2018-08-16,169.26864624023438,165.37037658691406
JUBLFOOD,2018-08-07,2018-08-16,293.0087585449219,296.61444091796875
TATAELXSI,2018-08-07,2018-08-16,1281.4085693359375,1326.4512939453125
HINDUNILVR,2018-08-07,2018-08-16,1575.5875244140625,1582.2813720703125
INFY,2018-08-16,2018-08-27,608.09130859375,602.072265625
M&M,2018-08-16,2018-08-27,889.05029296875,912.6026000976562
BSOFT,2018-08-16,2018-08-27,165.37037658691406,164.3344268798828
JUBLFOOD,2018-08-16,2018-08-27,296.61444091796875,304.8572692871094
HINDUNILVR,2018-08-16,2018-08-27,1582.2813720703125,1632.279541015625
BAJFINANCE,2018-08-16,2018-08-27,2804.11572265625,2896.535888671875
BAJFINANCE,2018-08-27,2018-09-04,2896.535888671875,2695.841796875
INFY,2018-08-27,2018-09-04,602.072265625,627.1267700195312
M&M,2018-08-27,2018-09-04,912.6026000976562,870.8253173828125
BSOFT,2018-08-27,2018-09-04,164.3344268798828,169.35617065429688
JUBLFOOD,2018-08-27,2018-09-04,304.8572692871094,284.667724609375
HINDUNILVR,2018-08-27,2018-09-04,1632.279541015625,1503.7774658203125
BSOFT,2018-09-04,2018-09-12,169.35617065429688,173.24942016601562
BAJFINANCE,2018-09-04,2018-09-12,2695.841796875,2546.340576171875
JUBLFOOD,2018-09-04,2018-09-12,284.667724609375,264.30126953125
INFY,2018-09-04,2018-09-12,627.1267700195312,632.0184936523438
TATAELXSI,2018-09-04,2018-09-12,1307.8607177734375,1233.9609375
EXIDEIND,2018-09-04,2018-09-12,256.23992919921875,251.94276428222656
BSOFT,2018-09-12,2018-09-24,173.24942016601562,156.12478637695312
INFY,2018-09-12,2018-09-24,632.0184936523438,611.0475463867188
COFORGE,2018-09-12,2018-09-24,1222.5657958984375,1136.7034912109375
PERSISTENT,2018-09-12,2018-09-24,391.5887451171875,379.3014221191406
DABUR,2018-09-12,2018-09-24,430.244140625,409.5939331054688
TCS,2018-09-12,2018-09-24,1831.108154296875,1969.51953125
TCS,2018-09-24,2018-10-03,1969.51953125,1937.626708984375
DABUR,2018-09-24,2018-10-03,409.5939331054688,402.868408203125
INFY,2018-09-24,2018-10-03,611.0475463867188,619.7677001953125
RELIANCE,2018-09-24,2018-10-03,540.3692016601562,528.549072265625
DIVISLAB,2018-09-24,2018-10-03,1292.85009765625,1242.9114990234375
TECHM,2018-09-24,2018-10-03,627.3328857421875,626.24755859375
TCS,2018-10-03,2018-10-11,1937.626708984375,1773.7724609375
DIVISLAB,2018-10-03,2018-10-11,1242.9114990234375,1187.65625
TECHM,2018-10-03,2018-10-11,626.24755859375,580.5823364257812
INFY,2018-10-03,2018-10-11,619.7677001953125,572.84912109375
JSWSTEEL,2018-10-03,2018-10-11,350.90313720703125,331.04248046875
SUNPHARMA,2018-10-03,2018-10-11,582.4097900390625,550.3740844726562
DIVISLAB,2018-10-11,2018-10-22,1187.65625,1226.6768798828125
ADANIENT,2018-10-11,2018-10-22,136.43975830078125,166.3538360595703
AUROPHARMA,2018-10-11,2018-10-22,726.6503295898438,729.2926025390625
AARTIIND,2018-10-11,2018-10-22,304.4730834960937,296.70343017578125
DRREDDY,2018-10-11,2018-10-22,424.0582580566406,434.474365234375
WIPRO,2018-10-11,2018-10-22,111.17084503173828,114.4202117919922
ADANIENT,2018-10-22,2018-10-30,166.3538360595703,166.89683532714844
DIVISLAB,2018-10-22,2018-10-30,1226.6768798828125,1410.5762939453125
DRREDDY,2018-10-22,2018-10-30,434.474365234375,447.3909301757813
COFORGE,2018-10-22,2018-10-30,1152.2015380859375,1119.493896484375
SUNPHARMA,2018-10-22,2018-10-30,569.3236083984375,527.2503662109375
BIOCON,2018-10-22,2018-10-30,331.4234619140625,314.6039123535156
COFORGE,2018-10-30,2018-11-07,1119.493896484375,1082.900634765625
ADANIENT,2018-10-30,2018-11-07,166.89683532714844,163.6388702392578
DIVISLAB,2018-10-30,2018-11-07,1410.5762939453125,1421.7318115234375
DRREDDY,2018-10-30,2018-11-07,447.3909301757813,423.0149536132813
BIOCON,2018-10-30,2018-11-07,314.6039123535156,311.16131591796875
HAVELLS,2018-10-30,2018-11-07,609.9273071289062,623.1447143554688
DIVISLAB,2018-11-07,2018-11-16,1421.7318115234375,1479.835205078125
NESTLEIND,2018-11-07,2018-11-16,949.9690551757812,993.3618774414062
TORNTPOWER,2018-11-07,2018-11-16,228.3360137939453,225.9256896972656
SRF,2018-11-07,2018-11-16,391.0815734863281,398.3943176269531
HCLTECH,2018-11-07,2018-11-16,431.7057189941406,427.7927551269531
HINDUNILVR,2018-11-07,2018-11-16,1505.6278076171875,1547.07275390625
NESTLEIND,2018-11-16,2018-11-27,993.3618774414062,977.66748046875
DIVISLAB,2018-11-16,2018-11-27,1479.835205078125,1446.083984375
TORNTPOWER,2018-11-16,2018-11-27,225.9256896972656,219.8567810058593
HINDUNILVR,2018-11-16,2018-11-27,1547.07275390625,1587.5560302734375
BAJFINANCE,2018-11-16,2018-11-27,2357.96630859375,2390.70361328125
LT,2018-11-16,2018-11-27,1268.8499755859375,1298.3709716796875
DIVISLAB,2018-11-27,2018-12-05,1446.083984375,1405.4495849609375
BAJFINANCE,2018-11-27,2018-12-05,2390.70361328125,2448.276123046875
NESTLEIND,2018-11-27,2018-12-05,977.66748046875,974.8839721679688
TORNTPOWER,2018-11-27,2018-12-05,219.8567810058593,223.9457550048828
HINDUNILVR,2018-11-27,2018-12-05,1587.5560302734375,1692.70361328125
INDHOTEL,2018-11-27,2018-12-05,130.91207885742188,139.41781616210938
NESTLEIND,2018-12-05,2018-12-13,974.8839721679688,1026.9393310546875
BAJFINANCE,2018-12-05,2018-12-13,2448.276123046875,2443.36767578125
HINDUNILVR,2018-12-05,2018-12-13,1692.70361328125,1699.5272216796875
DIVISLAB,2018-12-05,2018-12-13,1405.4495849609375,1444.9920654296875
TCS,2018-12-05,2018-12-13,1801.568603515625,1779.8876953125
INFY,2018-12-05,2018-12-13,586.010498046875,600.0716552734375
DIVISLAB,2018-12-13,2018-12-21,1444.9920654296875,1400.18017578125
BAJFINANCE,2018-12-13,2018-12-21,2443.36767578125,2543.640869140625
INFY,2018-12-13,2018-12-21,600.0716552734375,555.738037109375
TCS,2018-12-13,2018-12-21,1779.8876953125,1701.9625244140625
NESTLEIND,2018-12-13,2018-12-21,1026.9393310546875,1028.2327880859375
HINDUNILVR,2018-12-13,2018-12-21,1699.5272216796875,1651.853515625
NESTLEIND,2018-12-21,2019-01-01,1028.2327880859375,1028.6668701171875
DIVISLAB,2018-12-21,2019-01-01,1400.18017578125,1400.79736328125
BAJFINANCE,2018-12-21,2019-01-01,2543.640869140625,2608.03564453125
HINDUNILVR,2018-12-21,2019-01-01,1651.853515625,1649.655517578125
DABUR,2018-12-21,2019-01-01,416.0700073242188,400.9575500488281
TORNTPOWER,2018-12-21,2019-01-01,220.8037109375,223.3862152099609
NESTLEIND,2019-01-01,2019-01-09,1028.6668701171875,1050.818115234375
DIVISLAB,2019-01-01,2019-01-09,1400.79736328125,1398.708740234375
BAJFINANCE,2019-01-01,2019-01-09,2608.03564453125,2477.970458984375
HINDUNILVR,2019-01-01,2019-01-09,1649.655517578125,1634.9093017578125
RBLBANK,2019-01-01,2019-01-09,562.0570678710938,562.0570678710938
TECHM,2019-01-01,2019-01-09,600.3261108398438,579.1213989257812
NESTLEIND,2019-01-09,2019-01-17,1050.818115234375,1042.735595703125
BAJFINANCE,2019-01-09,2019-01-17,2477.970458984375,2489.307861328125
RBLBANK,2019-01-09,2019-01-17,562.0570678710938,555.0934448242188
HINDUNILVR,2019-01-09,2019-01-17,1634.9093017578125,1604.2261962890625
BRITANNIA,2019-01-09,2019-01-17,2783.063232421875,2886.05615234375
INFY,2019-01-09,2019-01-17,581.452392578125,630.6879272460938
NESTLEIND,2019-01-17,2019-01-25,1042.735595703125,1061.4036865234375
BAJFINANCE,2019-01-17,2019-01-25,2489.307861328125,2551.788818359375
HINDUNILVR,2019-01-17,2019-01-25,1604.2261962890625,1609.08056640625
INFY,2019-01-17,2019-01-25,630.6879272460938,631.5607299804688
RELIANCE,2019-01-17,2019-01-25,497.5625,546.4874877929688
DABUR,2019-01-17,2019-01-25,399.4842529296875,408.7038879394531
RELIANCE,2019-01-25,2019-02-04,546.4874877929688,566.180419921875
BAJFINANCE,2019-01-25,2019-02-04,2551.788818359375,2546.782470703125
NESTLEIND,2019-01-25,2019-02-04,1061.4036865234375,1077.1068115234375
DABUR,2019-01-25,2019-02-04,408.7038879394531,425.2896118164063
HINDUNILVR,2019-01-25,2019-02-04,1609.08056640625,1651.029296875
RBLBANK,2019-01-25,2019-02-04,558.697021484375,579.0035400390625
NESTLEIND,2019-02-04,2019-02-12,1077.1068115234375,1007.0709838867188
BAJFINANCE,2019-02-04,2019-02-12,2546.782470703125,2573.62939453125
RBLBANK,2019-02-04,2019-02-12,579.0035400390625,548.8115234375
HINDUNILVR,2019-02-04,2019-02-12,1651.029296875,1643.6102294921875
MARICO,2019-02-04,2019-02-12,333.3069152832031,327.0884094238281
INFY,2019-02-04,2019-02-12,653.6548461914062,648.94189453125
HINDUNILVR,2019-02-12,2019-02-21,1643.6102294921875,1607.1571044921875
INFY,2019-02-12,2019-02-21,648.94189453125,634.2413940429688
RELIANCE,2019-02-12,2019-02-21,551.0489501953125,546.8822631835938
AXISBANK,2019-02-12,2019-02-21,701.6675415039062,693.3143920898438
DIVISLAB,2019-02-12,2019-02-21,1555.2177734375,1471.575439453125
WIPRO,2019-02-12,2019-02-21,133.92483520507812,133.7641143798828
RELIANCE,2019-02-21,2019-03-01,546.8822631835938,540.3592529296875
WIPRO,2019-02-21,2019-03-01,133.7641143798828,134.3773193359375
AXISBANK,2019-02-21,2019-03-01,693.3143920898438,698.4854125976562
INFY,2019-02-21,2019-03-01,634.2413940429688,641.5485229492188
COFORGE,2019-02-21,2019-03-01,1196.890625,1224.4625244140625
HCLTECH,2019-02-21,2019-03-01,441.6954956054688,442.8475646972656
RELIANCE,2019-03-01,2019-03-12,540.3592529296875,586.7684326171875
WIPRO,2019-03-01,2019-03-12,134.3773193359375,124.63668823242188
INFY,2019-03-01,2019-03-12,641.5485229492188,611.3258666992188
MANAPPURAM,2019-03-01,2019-03-12,102.1439208984375,105.6477508544922
DRREDDY,2019-03-01,2019-03-12,465.5226135253906,469.1908264160156
TCS,2019-03-01,2019-03-12,1791.7623291015625,1807.072265625
RELIANCE,2019-03-12,2019-03-20,586.7684326171875,606.2047119140625
DRREDDY,2019-03-12,2019-03-20,469.1908264160156,484.1101684570313
TCS,2019-03-12,2019-03-20,1807.072265625,1809.4071044921875
AUROPHARMA,2019-03-12,2019-03-20,745.4010009765625,748.6303100585938
PETRONET,2019-03-12,2019-03-20,181.84567260742188,183.93630981445312
DIVISLAB,2019-03-12,2019-03-20,1613.9384765625,1590.5831298828125
AUROPHARMA,2019-03-20,2019-04-01,748.6303100585938,763.81298828125
DIVISLAB,2019-03-20,2019-04-01,1590.5831298828125,1636.10693359375
DRREDDY,2019-03-20,2019-04-01,484.1101684570313,491.7016906738281
KEI,2019-03-20,2019-04-01,385.7842102050781,413.68408203125
HCLTECH,2019-03-20,2019-04-01,436.68402099609375,467.3123474121094
INFY,2019-03-20,2019-04-01,638.9974975585938,652.962890625
AUROPHARMA,2019-04-01,2019-04-09,763.81298828125,757.6434936523438
DIVISLAB,2019-04-01,2019-04-09,1636.10693359375,1629.0338134765625
DRREDDY,2019-04-01,2019-04-09,491.7016906738281,484.400390625
INFY,2019-04-01,2019-04-09,652.962890625,657.7189331054688
TECHM,2019-04-01,2019-04-09,655.7587890625,659.09814453125
TORNTPOWER,2019-04-01,2019-04-09,225.43116760253903,220.69107055664065
DIVISLAB,2019-04-09,2019-04-18,1629.0338134765625,1637.1038818359375
DRREDDY,2019-04-09,2019-04-18,484.400390625,492.4581604003906
WIPRO,2019-04-09,2019-04-18,130.5740509033203,135.8199005126953
PETRONET,2019-04-09,2019-04-18,182.45388793945312,182.3778381347656
AXISBANK,2019-04-09,2019-04-18,759.1455078125,766.9020385742188
SRF,2019-04-09,2019-04-18,482.6102600097656,480.2508850097656
AXISBANK,2019-04-18,2019-04-30,766.9020385742188,762.576171875
DRREDDY,2019-04-18,2019-04-30,492.4581604003906,516.1478271484375
WIPRO,2019-04-18,2019-04-30,135.8199005126953,142.37722778320312
PETRONET,2019-04-18,2019-04-30,182.3778381347656,183.328125
SRF,2019-04-18,2019-04-30,480.2508850097656,502.7381896972656
AUROPHARMA,2019-04-18,2019-04-30,761.11376953125,789.5513916015625
AXISBANK,2019-04-30,2019-05-09,762.576171875,726.926025390625
DRREDDY,2019-04-30,2019-05-09,516.1478271484375,510.31549072265625
WIPRO,2019-04-30,2019-05-09,142.37722778320312,138.800537109375
PETRONET,2019-04-30,2019-05-09,183.328125,180.43927001953125
SRF,2019-04-30,2019-05-09,502.7381896972656,474.54339599609375
RECLTD,2019-04-30,2019-05-09,69.65066528320312,64.50533294677734
WIPRO,2019-05-09,2019-05-17,138.800537109375,136.5829620361328
PETRONET,2019-05-09,2019-05-17,180.43927001953125,179.90711975097656
SRF,2019-05-09,2019-05-17,474.54339599609375,547.9281005859375
DRREDDY,2019-05-09,2019-05-17,510.31549072265625,482.940185546875
BAJFINANCE,2019-05-09,2019-05-17,2916.75732421875,3240.448974609375
UPL,2019-05-09,2019-05-17,593.7478637695312,607.3573608398438
BAJFINANCE,2019-05-17,2019-05-27,3240.448974609375,3385.63134765625
WIPRO,2019-05-17,2019-05-27,136.5829620361328,133.7692413330078
UPL,2019-05-17,2019-05-27,607.3573608398438,641.021240234375
PETRONET,2019-05-17,2019-05-27,179.90711975097656,186.25498962402344
SRF,2019-05-17,2019-05-27,547.9281005859375,579.2261962890625
AXISBANK,2019-05-17,2019-05-27,744.7760009765625,809.364013671875
BAJFINANCE,2019-05-27,2019-06-04,3385.63134765625,3466.271728515625
WIPRO,2019-05-27,2019-06-04,133.7692413330078,140.08811950683594
UPL,2019-05-27,2019-06-04,641.021240234375,637.5526733398438
PETRONET,2019-05-27,2019-06-04,186.25498962402344,187.5853729248047
SRF,2019-05-27,2019-06-04,579.2261962890625,567.0281372070312
RECLTD,2019-05-27,2019-06-04,69.46185302734375,70.169921875
BAJFINANCE,2019-06-04,2019-06-13,3466.271728515625,3479.376708984375
WIPRO,2019-06-04,2019-06-13,140.08811950683594,142.3056640625
UPL,2019-06-04,2019-06-13,637.5526733398438,633.8003540039062
PETRONET,2019-06-04,2019-06-13,187.5853729248047,180.32522583007807
SRF,2019-06-04,2019-06-13,567.0281372070312,571.62939453125
HCLTECH,2019-06-04,2019-06-13,457.6938781738281,464.0377197265625
WIPRO,2019-06-13,2019-06-21,142.3056640625,136.32066345214844
SRF,2019-06-13,2019-06-21,571.62939453125,591.5418701171875
BAJFINANCE,2019-06-13,2019-06-21,3479.376708984375,3500.334716796875
UPL,2019-06-13,2019-06-21,633.8003540039062,561.3389282226562
HDFCBANK,2019-06-13,2019-06-21,1163.591796875,1156.2169189453125
ADANIENT,2019-06-13,2019-06-21,151.15000915527344,144.9302215576172
ADANIENT,2019-06-21,2019-07-01,144.9302215576172,152.13726806640625
BAJFINANCE,2019-06-21,2019-07-01,3500.334716796875,3631.038330078125
HDFCBANK,2019-06-21,2019-07-01,1156.2169189453125,1190.3883056640625
WIPRO,2019-06-21,2019-07-01,136.32066345214844,134.4845733642578
SRF,2019-06-21,2019-07-01,591.5418701171875,591.4146118164062
TITAN,2019-06-21,2019-07-01,1250.9326171875,1280.793701171875
HDFCBANK,2019-07-01,2019-07-09,1190.3883056640625,1139.4307861328125
SRF,2019-07-01,2019-07-09,591.4146118164062,547.4484252929688
BAJFINANCE,2019-07-01,2019-07-09,3631.038330078125,3536.900146484375
TITAN,2019-07-01,2019-07-09,1280.793701171875,1063.730712890625
RECLTD,2019-07-01,2019-07-09,76.56616973876953,64.81217956542969
KOTAKBANK,2019-07-01,2019-07-09,1475.942626953125,1457.657958984375
HDFCBANK,2019-07-09,2019-07-17,1139.4307861328125,1148.1949462890625
SRF,2019-07-09,2019-07-17,547.4484252929688,530.62939453125
BAJFINANCE,2019-07-09,2019-07-17,3536.900146484375,3405.6279296875
KOTAKBANK,2019-07-09,2019-07-17,1457.657958984375,1529.9774169921875
SIEMENS,2019-07-09,2019-07-17,1224.9014892578125,1186.6021728515625
HINDPETRO,2019-07-09,2019-07-17,151.94577026367188,156.74850463867188
HDFCBANK,2019-07-17,2019-07-25,1148.1949462890625,1094.8428955078125
BAJFINANCE,2019-07-17,2019-07-25,3405.6279296875,2995.768310546875
HINDPETRO,2019-07-17,2019-07-25,156.74850463867188,140.78338623046875
RECLTD,2019-07-17,2019-07-25,72.43574523925781,69.1550064086914
GODREJPROP,2019-07-17,2019-07-25,989.9000244140624,944.25
INFY,2019-07-17,2019-07-25,696.431884765625,696.7388305664062
GODREJPROP,2019-07-25,2019-08-02,944.25,936.5499877929688
INFY,2019-07-25,2019-08-02,696.7388305664062,680.164306640625
NESTLEIND,2019-07-25,2019-08-02,1078.304931640625,1070.47216796875
KOTAKBANK,2019-07-25,2019-08-02,1480.5767822265625,1503.0587158203125
NAUKRI,2019-07-25,2019-08-02,2202.6298828125,2144.011474609375
APOLLOHOSP,2019-07-25,2019-08-02,1317.43994140625,1284.6904296875
GODREJPROP,2019-08-02,2019-08-13,936.5499877929688,902.9000244140624
KOTAKBANK,2019-08-02,2019-08-13,1503.0587158203125,1506.847412109375
INFY,2019-08-02,2019-08-13,680.164306640625,670.6493530273438
TRENT,2019-08-02,2019-08-13,440.43499755859375,445.8516540527344
MUTHOOTFIN,2019-08-02,2019-08-13,566.1263427734375,546.6723022460938
TATACONSUM,2019-08-02,2019-08-13,255.5550842285156,253.63072204589844
TRENT,2019-08-13,2019-08-22,445.8516540527344,466.9714660644531
KOTAKBANK,2019-08-13,2019-08-22,1506.847412109375,1473.7972412109375
INFY,2019-08-13,2019-08-22,670.6493530273438,697.7911376953125
PETRONET,2019-08-13,2019-08-22,182.68194580078125,184.9527587890625
SRF,2019-08-13,2019-08-22,555.6925048828125,547.1547241210938
HINDUNILVR,2019-08-13,2019-08-22,1683.3961181640625,1727.078125
TRENT,2019-08-22,2019-08-30,466.9714660644531,466.3751220703125
PETRONET,2019-08-22,2019-08-30,184.9527587890625,206.7210388183593
SRF,2019-08-22,2019-08-30,547.1547241210938,544.5737915039062
INFY,2019-08-22,2019-08-30,697.7911376953125,714.6287231445312
COFORGE,2019-08-22,2019-08-30,1258.973876953125,1383.7425537109375
TCS,2019-08-22,2019-08-30,2010.6373291015625,2050.197021484375
TRENT,2019-08-30,2019-09-11,466.3751220703125,452.8087768554688
PETRONET,2019-08-30,2019-09-11,206.7210388183593,205.5977478027344
INFY,2019-08-30,2019-09-11,714.6287231445312,719.1888427734375
RECLTD,2019-08-30,2019-09-11,68.09290313720703,70.3823471069336
BAJFINANCE,2019-08-30,2019-09-11,3277.005615234375,3359.508544921875
ASTRAL,2019-08-30,2019-09-11,587.7050170898438,575.83349609375
RECLTD,2019-09-11,2019-09-19,70.3823471069336,59.45441818237305
PETRONET,2019-09-11,2019-09-19,205.5977478027344,197.50245666503903
BAJFINANCE,2019-09-11,2019-09-19,3359.508544921875,3306.063720703125
BAJAJFINSV,2019-09-11,2019-09-19,733.7149047851562,717.1983642578125
COFORGE,2019-09-11,2019-09-19,1313.1004638671875,1267.069580078125
MANAPPURAM,2019-09-11,2019-09-19,112.29264831542967,110.32420349121094
MANAPPURAM,2019-09-19,2019-09-27,110.32420349121094,128.35357666015625
COFORGE,2019-09-19,2019-09-27,1267.069580078125,1289.83056640625
BAJFINANCE,2019-09-19,2019-09-27,3306.063720703125,3989.83447265625
PETRONET,2019-09-19,2019-09-27,197.50245666503903,201.8018798828125
TITAN,2019-09-19,2019-09-27,1126.530029296875,1254.35400390625
INFY,2019-09-19,2019-09-27,719.7149047851562,685.9523315429688
COFORGE,2019-09-27,2019-10-09,1289.83056640625,1270.6781005859375
BAJFINANCE,2019-09-27,2019-10-09,3989.83447265625,3956.892333984375
PETRONET,2019-09-27,2019-10-09,201.8018798828125,199.5166015625
MANAPPURAM,2019-09-27,2019-10-09,128.35357666015625,125.26669311523438
TITAN,2019-09-27,2019-10-09,1254.35400390625,1201.847412109375
BAJAJFINSV,2019-09-27,2019-10-09,853.0526123046875,829.8964233398438
BAJAJFINSV,2019-10-09,2019-10-17,829.8964233398438,829.7366943359375
PETRONET,2019-10-09,2019-10-17,199.5166015625,203.6997985839844
BAJFINANCE,2019-10-09,2019-10-17,3956.892333984375,4038.41162109375
MANAPPURAM,2019-10-09,2019-10-17,125.26669311523438,128.97996520996094
INDHOTEL,2019-10-09,2019-10-17,146.89341735839844,144.79563903808594
IGL,2019-10-09,2019-10-17,159.52064514160156,163.80279541015625
BAJAJFINSV,2019-10-17,2019-10-27,829.7366943359375,798.294921875
INDHOTEL,2019-10-17,2019-10-27,144.79563903808594,145.08164978027344
BAJFINANCE,2019-10-17,2019-10-27,4038.41162109375,3912.641357421875
COFORGE,2019-10-17,2019-10-27,1301.53466796875,1393.5040283203125
TITAN,2019-10-17,2019-10-27,1247.515869140625,1289.375
ABB,2019-10-17,2019-10-27,1340.77490234375,1337.509765625
BAJAJFINSV,2019-10-27,2019-11-05,798.294921875,882.524169921875
COFORGE,2019-10-27,2019-11-05,1393.5040283203125,1452.0885009765625
BAJFINANCE,2019-10-27,2019-11-05,3912.641357421875,4157.39697265625
TITAN,2019-10-27,2019-11-05,1289.375,1254.1099853515625
ADANIENT,2019-10-27,2019-11-05,181.6150360107422,198.59814453125
MANAPPURAM,2019-10-27,2019-11-05,146.38308715820312,150.4542694091797
BAJAJFINSV,2019-11-05,2019-11-14,882.524169921875,904.0840454101562
ADANIENT,2019-11-05,2019-11-14,198.59814453125,200.3311004638672
BAJFINANCE,2019-11-05,2019-11-14,4157.39697265625,4140.43408203125
MANAPPURAM,2019-11-05,2019-11-14,150.4542694091797,145.80149841308594
BPCL,2019-11-05,2019-11-14,191.1178741455078,190.0653533935547
IGL,2019-11-05,2019-11-14,171.3075714111328,187.46490478515625
BAJAJFINSV,2019-11-14,2019-11-22,904.0840454101562,901.834228515625
BAJFINANCE,2019-11-14,2019-11-22,4140.43408203125,4010.38671875
MANAPPURAM,2019-11-14,2019-11-22,145.80149841308594,144.1391143798828
IGL,2019-11-14,2019-11-22,187.46490478515625,178.12806701660156
HDFCLIFE,2019-11-14,2019-11-22,579.1071166992188,579.156494140625
DABUR,2019-11-14,2019-11-22,442.4657287597656,443.6614990234375
BAJAJFINSV,2019-11-22,2019-12-02,901.834228515625,892.75537109375
BAJFINANCE,2019-11-22,2019-12-02,4010.38671875,3884.66552734375
IGL,2019-11-22,2019-12-02,178.12806701660156,183.62423706054688
HDFCLIFE,2019-11-22,2019-12-02,579.156494140625,562.3665161132812
DABUR,2019-11-22,2019-12-02,443.6614990234375,434.0478515625
MANAPPURAM,2019-11-22,2019-12-02,144.1391143798828,140.9070587158203
BAJAJFINSV,2019-12-02,2019-12-10,892.75537109375,890.650146484375
BAJFINANCE,2019-12-02,2019-12-10,3884.66552734375,3920.45947265625
MANAPPURAM,2019-12-02,2019-12-10,140.9070587158203,140.9519500732422
IGL,2019-12-02,2019-12-10,183.62423706054688,180.4457092285156
PETRONET,2019-12-02,2019-12-10,219.6661834716797,214.493392944336
BHARTIARTL,2019-12-02,2019-12-10,442.0476684570313,430.8663330078125
BAJAJFINSV,2019-12-10,2019-12-18,890.650146484375,934.08935546875
BAJFINANCE,2019-12-10,2019-12-18,3920.45947265625,4050.753173828125
MANAPPURAM,2019-12-10,2019-12-18,140.9519500732422,154.1942596435547
IGL,2019-12-10,2019-12-18,180.4457092285156,190.2019195556641
DABUR,2019-12-10,2019-12-18,437.0610656738281,442.7049255371094
HINDUNILVR,2019-12-10,2019-12-18,1878.1683349609373,1788.40283203125
BAJFINANCE,2019-12-18,2019-12-27,4050.753173828125,4181.8330078125
DABUR,2019-12-18,2019-12-27,442.7049255371094,439.8351440429688
IGL,2019-12-18,2019-12-27,190.2019195556641,187.92843627929688
RELIANCE,2019-12-18,2019-12-27,702.9156494140625,687.9728393554688
SIEMENS,2019-12-18,2019-12-27,1461.4056396484375,1484.103271484375
HDFCLIFE,2019-12-18,2019-12-27,594.0700073242188,623.6007080078125
RELIANCE,2019-12-27,2020-01-06,687.9728393554688,669.75146484375
BAJFINANCE,2019-12-27,2020-01-06,4181.8330078125,3930.145263671875
DABUR,2019-12-27,2020-01-06,439.8351440429688,428.5475463867188
IGL,2019-12-27,2020-01-06,187.92843627929688,181.72596740722656
ADANIGREEN,2019-12-27,2020-01-06,151.0,200.6000061035156
BHARTIARTL,2019-12-27,2020-01-06,438.6740112304688,433.4206848144531
RELIANCE,2020-01-06,2020-01-14,669.75146484375,682.1963500976562
IGL,2020-01-06,2020-01-14,181.72596740722656,187.5311279296875
BHARTIARTL,2020-01-06,2020-01-14,433.4206848144531,452.40966796875
ADANIGREEN,2020-01-06,2020-01-14,200.6000061035156,199.1000061035156
HDFCLIFE,2020-01-06,2020-01-14,611.8970336914062,606.6624755859375
MANAPPURAM,2020-01-06,2020-01-14,153.9698028564453,158.32406616210938
RELIANCE,2020-01-14,2020-01-22,682.1963500976562,683.9583129882812
ADANIGREEN,2020-01-14,2020-01-22,199.1000061035156,197.6499938964844
IGL,2020-01-14,2020-01-22,187.5311279296875,208.367919921875
HDFCLIFE,2020-01-14,2020-01-22,606.6624755859375,605.1810302734375
BHARTIARTL,2020-01-14,2020-01-22,452.40966796875,495.9300231933594
DABUR,2020-01-14,2020-01-22,461.6929931640625,465.6627807617188
ADANIGREEN,2020-01-22,2020-01-30,197.6499938964844,180.4499969482422
HDFCLIFE,2020-01-22,2020-01-30,605.1810302734375,593.0330200195312
BHARTIARTL,2020-01-22,2020-01-30,495.9300231933594,472.1215515136719
DABUR,2020-01-22,2020-01-30,465.6627807617188,457.96234130859375
SJVN,2020-01-22,2020-01-30,19.212461471557617,19.100976943969727
NMDC,2020-01-22,2020-01-30,14.452744483947754,13.17267894744873
ADANIGREEN,2020-01-30,2020-02-07,180.4499969482422,213.0
HDFCLIFE,2020-01-30,2020-02-07,593.0330200195312,588.3416137695312
SJVN,2020-01-30,2020-02-07,19.100976943969727,19.3611068725586
NMDC,2020-01-30,2020-02-07,13.17267894744873,12.445116996765137
DABUR,2020-01-30,2020-02-07,457.96234130859375,491.3469543457031
PHOENIXLTD,2020-01-30,2020-02-07,432.5501403808594,431.70849609375
ADANIGREEN,2020-02-07,2020-02-17,213.0,198.3500061035156
SJVN,2020-02-07,2020-02-17,19.3611068725586,18.580717086791992
DABUR,2020-02-07,2020-02-17,491.3469543457031,479.1983642578125
PHOENIXLTD,2020-02-07,2020-02-17,431.70849609375,427.227783203125
MCX,2020-02-07,2020-02-17,1186.5625,1189.8021240234375
BHARTIARTL,2020-02-07,2020-02-17,519.9795532226562,544.4627075195312
ADANIGREEN,2020-02-17,2020-02-26,198.3500061035156,171.5500030517578
PHOENIXLTD,2020-02-17,2020-02-26,427.227783203125,455.1765441894531
DABUR,2020-02-17,2020-02-26,479.1983642578125,480.1549682617188
MCX,2020-02-17,2020-02-26,1189.8021240234375,1275.4385986328125
BHARTIARTL,2020-02-17,2020-02-26,544.4627075195312,516.6058959960938
TRENT,2020-02-17,2020-02-26,745.206298828125,733.4786376953125
DABUR,2020-02-26,2020-03-05,480.1549682617188,495.4602966308594
PHOENIXLTD,2020-02-26,2020-03-05,455.1765441894531,421.4845275878906
MANAPPURAM,2020-02-26,2020-03-05,158.7066650390625,142.22349548339844
HINDUNILVR,2020-02-26,2020-03-05,2073.696044921875,2056.81884765625
APOLLOHOSP,2020-02-26,2020-03-05,1742.915771484375,1703.46533203125
INFY,2020-02-26,2020-03-05,702.3931274414062,677.1329345703125
HINDUNILVR,2020-03-05,2020-03-16,2056.81884765625,1800.78271484375
DABUR,2020-03-05,2020-03-16,495.4602966308594,412.7639465332031
APOLLOHOSP,2020-03-05,2020-03-16,1703.46533203125,1452.5614013671875
TRENT,2020-03-05,2020-03-16,680.6542358398438,568.4955444335938
DIXON,2020-03-05,2020-03-16,817.8521728515625,774.9002685546875
BHARTIARTL,2020-03-05,2020-03-16,507.8824768066406,448.02386474609375
DIXON,2020-03-16,2020-03-24,774.9002685546875,635.7079467773438
BHARTIARTL,2020-03-16,2020-03-24,448.02386474609375,389.4665222167969
GRANULES,2020-03-16,2020-03-24,149.3858642578125,118.3497543334961
DIVISLAB,2020-03-16,2020-03-24,1828.7728271484373,1855.88671875
TORNTPHARM,2020-03-16,2020-03-24,919.0012817382812,859.0074462890625
PIDILITIND,2020-03-16,2020-03-24,1455.3167724609375,1253.325927734375
DIXON,2020-03-24,2020-04-01,635.7079467773438,713.3533325195312
DIVISLAB,2020-03-24,2020-04-01,1855.88671875,1814.3697509765625
TORNTPHARM,2020-03-24,2020-04-01,859.0074462890625,925.4519653320312
ADANIGREEN,2020-03-24,2020-04-01,141.3000030517578,152.89999389648438
DRREDDY,2020-03-24,2020-04-01,522.697021484375,566.0515747070312
HINDUNILVR,2020-03-24,2020-04-01,1880.486572265625,2021.255126953125
ADANIGREEN,2020-04-01,2020-04-15,152.89999389648438,187.8000030517578
TORNTPHARM,2020-04-01,2020-04-15,925.4519653320312,1084.866943359375
DRREDDY,2020-04-01,2020-04-15,566.0515747070312,696.3805541992188
HINDUNILVR,2020-04-01,2020-04-15,2021.255126953125,2306.780517578125
NESTLEIND,2020-04-01,2020-04-15,1477.0635986328125,1634.76171875
GRANULES,2020-04-01,2020-04-15,139.2205810546875,164.85482788085938
ADANIGREEN,2020-04-15,2020-04-23,187.8000030517578,200.0
DRREDDY,2020-04-15,2020-04-23,696.3805541992188,736.5254516601562
HINDUNILVR,2020-04-15,2020-04-23,2306.780517578125,2149.087890625
AARTIIND,2020-04-15,2020-04-23,449.72747802734375,462.1740417480469
DIVISLAB,2020-04-15,2020-04-23,2315.5205078125,2336.6416015625
PIDILITIND,2020-04-15,2020-04-23,1449.812255859375,1512.9158935546875
ADANIGREEN,2020-04-23,2020-05-04,200.0,209.5500030517578
DIVISLAB,2020-04-23,2020-05-04,2336.6416015625,2210.834228515625
DRREDDY,2020-04-23,2020-05-04,736.5254516601562,720.4126586914062
HINDUNILVR,2020-04-23,2020-05-04,2149.087890625,1931.3043212890625
DIXON,2020-04-23,2020-05-04,832.6265869140625,915.762451171875
TATACONSUM,2020-04-23,2020-05-04,317.471435546875,322.2823181152344
ADANIGREEN,2020-05-04,2020-05-12,209.5500030517578,226.0500030517578
DIXON,2020-05-04,2020-05-12,915.762451171875,840.1336059570312
DIVISLAB,2020-05-04,2020-05-12,2210.834228515625,2284.685302734375
DRREDDY,2020-05-04,2020-05-12,720.4126586914062,690.1256713867188
AARTIIND,2020-05-04,2020-05-12,539.934326171875,510.2104187011719
TORNTPHARM,2020-05-04,2020-05-12,1122.3760986328125,1155.185302734375
ADANIGREEN,2020-05-12,2020-05-20,226.0500030517578,234.6999969482422
DIVISLAB,2020-05-12,2020-05-20,2284.685302734375,2293.52978515625
AARTIIND,2020-05-12,2020-05-20,510.2104187011719,493.6478576660156
DRREDDY,2020-05-12,2020-05-20,690.1256713867188,715.145263671875
DIXON,2020-05-12,2020-05-20,840.1336059570312,876.6503295898438
JUBLFOOD,2020-05-12,2020-05-20,316.0465393066406,301.78533935546875
ADANIGREEN,2020-05-20,2020-05-29,234.6999969482422,248.6000061035156
DIVISLAB,2020-05-20,2020-05-29,2293.52978515625,2310.349365234375
AARTIIND,2020-05-20,2020-05-29,493.6478576660156,481.1766662597656
DRREDDY,2020-05-20,2020-05-29,715.145263671875,744.6001586914062
DIXON,2020-05-20,2020-05-29,876.6503295898438,973.472412109375
BALKRISIND,2020-05-20,2020-05-29,935.3751220703124,1041.300537109375
ADANIGREEN,2020-05-29,2020-06-08,248.6000061035156,297.75
DIVISLAB,2020-05-29,2020-06-08,2310.349365234375,2332.533447265625
AARTIIND,2020-05-29,2020-06-08,481.1766662597656,455.0758361816406
DRREDDY,2020-05-29,2020-06-08,744.6001586914062,725.6433715820312
DIXON,2020-05-29,2020-06-08,973.472412109375,1000.2760009765624
NESTLEIND,2020-05-29,2020-06-08,1655.0382080078125,1588.556640625
ADANIGREEN,2020-06-08,2020-06-16,297.75,363.4500122070313
DIVISLAB,2020-06-08,2020-06-16,2332.533447265625,2242.9267578125
DRREDDY,2020-06-08,2020-06-16,725.6433715820312,732.5657958984375
DIXON,2020-06-08,2020-06-16,1000.2760009765624,1058.8443603515625
NESTLEIND,2020-06-08,2020-06-16,1588.556640625,1547.6461181640625
BALKRISIND,2020-06-08,2020-06-16,1114.6036376953125,1157.407958984375
ADANIGREEN,2020-06-16,2020-06-24,363.4500122070313,440.4500122070313
DIVISLAB,2020-06-16,2020-06-24,2242.9267578125,2263.225830078125
DRREDDY,2020-06-16,2020-06-24,732.5657958984375,739.3695068359375
DIXON,2020-06-16,2020-06-24,1058.8443603515625,1130.3604736328125
BALKRISIND,2020-06-16,2020-06-24,1157.407958984375,1211.745849609375
AUROPHARMA,2020-06-16,2020-06-24,745.3490600585938,768.1925659179688
ADANIGREEN,2020-06-24,2020-07-02,440.4500122070313,357.95001220703125
DIXON,2020-06-24,2020-07-02,1130.3604736328125,1189.5377197265625
DIVISLAB,2020-06-24,2020-07-02,2263.225830078125,2123.35400390625
DRREDDY,2020-06-24,2020-07-02,739.3695068359375,717.0382690429688
MCX,2020-06-24,2020-07-02,1150.6927490234375,1199.9901123046875
JUBLFOOD,2020-06-24,2020-07-02,350.6085510253906,342.2779846191406
ADANIGREEN,2020-07-02,2020-07-10,357.95001220703125,371.0499877929688
DIXON,2020-07-02,2020-07-10,1189.5377197265625,1243.86376953125
MCX,2020-07-02,2020-07-10,1199.9901123046875,1243.7943115234375
JUBLFOOD,2020-07-02,2020-07-10,342.2779846191406,321.4415588378906
AUROPHARMA,2020-07-02,2020-07-10,756.4555053710938,796.128662109375
BALKRISIND,2020-07-02,2020-07-10,1233.6546630859375,1219.9498291015625
ADANIGREEN,2020-07-10,2020-07-20,371.0499877929688,349.95001220703125
AUROPHARMA,2020-07-10,2020-07-20,796.128662109375,798.8931884765625
DIXON,2020-07-10,2020-07-20,1243.86376953125,1363.8856201171875
BALKRISIND,2020-07-10,2020-07-20,1219.9498291015625,1209.57470703125
MCX,2020-07-10,2020-07-20,1243.7943115234375,1352.9525146484375
DRREDDY,2020-07-10,2020-07-20,714.276611328125,773.1595458984375
ADANIGREEN,2020-07-20,2020-07-28,349.95001220703125,338.04998779296875
DIXON,2020-07-20,2020-07-28,1363.8856201171875,1415.42626953125
AUROPHARMA,2020-07-20,2020-07-28,798.8931884765625,767.4652099609375
DRREDDY,2020-07-20,2020-07-28,773.1595458984375,765.4603271484375
DIVISLAB,2020-07-20,2020-07-28,2222.047119140625,2263.41943359375
JUBLFOOD,2020-07-20,2020-07-28,347.47467041015625,336.3473815917969
ADANIGREEN,2020-07-28,2020-08-05,338.04998779296875,342.95001220703125
AUROPHARMA,2020-07-28,2020-08-05,767.4652099609375,834.8317260742188
DRREDDY,2020-07-28,2020-08-05,765.4603271484375,869.301513671875
DIXON,2020-07-28,2020-08-05,1415.42626953125,1570.86669921875
JUBLFOOD,2020-07-28,2020-08-05,336.3473815917969,369.20355224609375
BALKRISIND,2020-07-28,2020-08-05,1198.4266357421875,1287.2689208984375
ADANIGREEN,2020-08-05,2020-08-13,342.95001220703125,362.1499938964844
DIXON,2020-08-05,2020-08-13,1570.86669921875,1617.6956787109375
AUROPHARMA,2020-08-05,2020-08-13,834.8317260742188,854.8622436523438
BSOFT,2020-08-05,2020-08-13,117.89833068847656,138.9158477783203
DIVISLAB,2020-08-05,2020-08-13,2578.73486328125,3021.211181640625
BIOCON,2020-08-05,2020-08-13,402.2698974609375,387.5370788574219
AUROPHARMA,2020-08-13,2020-08-21,854.8622436523438,831.6790771484375
DIVISLAB,2020-08-13,2020-08-21,3021.211181640625,3138.9951171875
DIXON,2020-08-13,2020-08-21,1617.6956787109375,1612.973876953125
BSOFT,2020-08-13,2020-08-21,138.9158477783203,164.3458251953125
BIOCON,2020-08-13,2020-08-21,387.5370788574219,388.325439453125
MCX,2020-08-13,2020-08-21,1582.3492431640625,1636.679931640625
AUROPHARMA,2020-08-21,2020-08-31,831.6790771484375,785.779541015625
DIVISLAB,2020-08-21,2020-08-31,3138.9951171875,3018.601318359375
DIXON,2020-08-21,2020-08-31,1612.973876953125,1616.188232421875
BSOFT,2020-08-21,2020-08-31,164.3458251953125,152.342529296875
MCX,2020-08-21,2020-08-31,1636.679931640625,1527.81005859375
BIOCON,2020-08-21,2020-08-31,388.325439453125,370.68548583984375
AUROPHARMA,2020-08-31,2020-09-08,785.779541015625,763.8741455078125
DIVISLAB,2020-08-31,2020-09-08,3018.601318359375,3008.7412109375
DIXON,2020-08-31,2020-09-08,1616.188232421875,1917.6156005859373
BSOFT,2020-08-31,2020-09-08,152.342529296875,164.91517639160156
MCX,2020-08-31,2020-09-08,1527.81005859375,1480.1138916015625
BRITANNIA,2020-08-31,2020-09-08,3484.0498046875,3489.239501953125
DIXON,2020-09-08,2020-09-16,1917.6156005859373,1993.78369140625
DIVISLAB,2020-09-08,2020-09-16,3008.7412109375,3136.095458984375
BSOFT,2020-09-08,2020-09-16,164.91517639160156,189.49110412597656
LAURUSLABS,2020-09-08,2020-09-16,236.05618286132807,264.3672180175781
JUBLFOOD,2020-09-08,2020-09-16,451.0119323730469,472.60205078125
BIOCON,2020-09-08,2020-09-16,409.7594909667969,432.2775268554688
DIVISLAB,2020-09-16,2020-09-24,3136.095458984375,2919.666015625
DIXON,2020-09-16,2020-09-24,1993.78369140625,1683.1021728515625
BSOFT,2020-09-16,2020-09-24,189.49110412597656,174.16673278808594
JUBLFOOD,2020-09-16,2020-09-24,472.60205078125,448.5821533203125
BIOCON,2020-09-16,2020-09-24,432.2775268554688,402.3191833496094
AUROPHARMA,2020-09-16,2020-09-24,808.3165283203125,722.49169921875
DIXON,2020-09-24,2020-10-05,1683.1021728515625,1765.0201416015625
DIVISLAB,2020-09-24,2020-10-05,2919.666015625,3021.8876953125
JUBLFOOD,2020-09-24,2020-10-05,448.5821533203125,471.48138427734375
BSOFT,2020-09-24,2020-10-05,174.16673278808594,194.0932159423828
ADANIENT,2020-09-24,2020-10-05,269.7769775390625,325.7872619628906
LAURUSLABS,2020-09-24,2020-10-05,253.7972106933593,290.28131103515625
ADANIENT,2020-10-05,2020-10-13,325.7872619628906,312.42059326171875
DIVISLAB,2020-10-05,2020-10-13,3021.8876953125,3034.405029296875
DIXON,2020-10-05,2020-10-13,1765.0201416015625,1800.907958984375
BSOFT,2020-10-05,2020-10-13,194.0932159423828,192.859619140625
JUBLFOOD,2020-10-05,2020-10-13,471.48138427734375,451.9441528320313
LAURUSLABS,2020-10-05,2020-10-13,290.28131103515625,321.617919921875
ADANIENT,2020-10-13,2020-10-21,312.42059326171875,311.2236022949219
DIVISLAB,2020-10-13,2020-10-21,3034.405029296875,2976.2138671875
DIXON,2020-10-13,2020-10-21,1800.907958984375,1869.5888671875
BSOFT,2020-10-13,2020-10-21,192.859619140625,185.2211456298828
JUBLFOOD,2020-10-13,2020-10-21,451.9441528320313,448.9986877441406
CDSL,2020-10-13,2020-10-21,229.6860809326172,224.0177764892578
ADANIENT,2020-10-21,2020-10-29,311.2236022949219,328.0815734863281
DIVISLAB,2020-10-21,2020-10-29,2976.2138671875,3003.908203125
BSOFT,2020-10-21,2020-10-29,185.2211456298828,165.72169494628906
DIXON,2020-10-21,2020-10-29,1869.5888671875,1806.588134765625
TATAELXSI,2020-10-21,2020-10-29,1499.6728515625,1465.7208251953125
BIOCON,2020-10-21,2020-10-29,433.2137145996094,397.342529296875
ADANIENT,2020-10-29,2020-11-06,328.0815734863281,351.2238464355469
DIVISLAB,2020-10-29,2020-11-06,3003.908203125,3129.232177734375
TATAELXSI,2020-10-29,2020-11-06,1465.7208251953125,1508.65869140625
DIXON,2020-10-29,2020-11-06,1806.588134765625,1999.5438232421875
JUBLFOOD,2020-10-29,2020-11-06,440.6780395507813,448.8896179199219
CDSL,2020-10-29,2020-11-06,223.0810546875,223.0570526123047
DIXON,2020-11-06,2020-11-14,1999.5438232421875,2056.84423828125
DIVISLAB,2020-11-06,2020-11-14,3129.232177734375,3330.001708984375
TATAELXSI,2020-11-06,2020-11-14,1508.65869140625,1461.1063232421875
BSOFT,2020-11-06,2020-11-14,171.55731201171875,173.5726318359375
LAURUSLABS,2020-11-06,2020-11-14,271.9115295410156,285.3988342285156
PIIND,2020-11-06,2020-11-14,2284.042236328125,2314.517333984375
DIVISLAB,2020-11-14,2020-11-24,3330.001708984375,3419.02880859375
PIIND,2020-11-14,2020-11-24,2314.517333984375,2327.191162109375
DIXON,2020-11-14,2020-11-24,2056.84423828125,2170.19775390625
BSOFT,2020-11-14,2020-11-24,173.5726318359375,184.2122039794922
LAURUSLABS,2020-11-14,2020-11-24,285.3988342285156,285.4480895996094
TATAELXSI,2020-11-14,2020-11-24,1461.1063232421875,1517.9847412109375
DIVISLAB,2020-11-24,2020-12-03,3419.02880859375,3569.146728515625
DIXON,2020-11-24,2020-12-03,2170.19775390625,2281.944091796875
BSOFT,2020-11-24,2020-12-03,184.2122039794922,179.44110107421875
LAURUSLABS,2020-11-24,2020-12-03,285.4480895996094,315.15557861328125
TATAELXSI,2020-11-24,2020-12-03,1517.9847412109375,1643.107177734375
ADANIGREEN,2020-11-24,2020-12-03,1205.1500244140625,1145.0
ADANIGREEN,2020-12-03,2020-12-11,1145.0,1041.5
DIVISLAB,2020-12-03,2020-12-11,3569.146728515625,3520.57373046875
DIXON,2020-12-03,2020-12-11,2281.944091796875,2521.74853515625
BSOFT,2020-12-03,2020-12-11,179.44110107421875,191.41656494140625
TATAELXSI,2020-12-03,2020-12-11,1643.107177734375,1559.999755859375
PIIND,2020-12-03,2020-12-11,2301.44970703125,2273.34130859375
ADANIGREEN,2020-12-11,2020-12-21,1041.5,1020.2999877929688
DIXON,2020-12-11,2020-12-21,2521.74853515625,2588.04345703125
DIVISLAB,2020-12-11,2020-12-21,3520.57373046875,3512.888671875
TATAELXSI,2020-12-11,2020-12-21,1559.999755859375,1507.2501220703125
LAURUSLABS,2020-12-11,2020-12-21,324.1220397949219,326.6838684082031
BIOCON,2020-12-11,2020-12-21,448.88275146484375,443.462646484375
ADANIGREEN,2020-12-21,2020-12-30,1020.2999877929688,1052.949951171875
DIXON,2020-12-21,2020-12-30,2588.04345703125,2669.06298828125
TATAELXSI,2020-12-21,2020-12-30,1507.2501220703125,1798.78173828125
ADANIENT,2020-12-21,2020-12-30,428.1319580078125,482.9451904296875
TATACONSUM,2020-12-21,2020-12-30,545.40234375,576.0281982421875
M&M,2020-12-21,2020-12-30,652.8275756835938,685.8995971679688
ADANIGREEN,2020-12-30,2021-01-07,1052.949951171875,1063.0999755859375
ADANIENT,2020-12-30,2021-01-07,482.9451904296875,516.8106689453125
M&M,2020-12-30,2021-01-07,685.8995971679688,708.4552001953125
DIXON,2020-12-30,2021-01-07,2669.06298828125,3125.12255859375
TATAELXSI,2020-12-30,2021-01-07,1798.78173828125,1941.8759765625
ACC,2020-12-30,2021-01-07,1579.1527099609375,1632.90087890625
ADANIENT,2021-01-07,2021-01-15,516.8106689453125,525.98779296875
TATAELXSI,2021-01-07,2021-01-15,1941.8759765625,2290.480224609375
DIXON,2021-01-07,2021-01-15,3125.12255859375,2974.333984375
TATACONSUM,2021-01-07,2021-01-15,582.327880859375,583.8301391601562
LAURUSLABS,2021-01-07,2021-01-15,348.01611328125,364.6188049316406
APLAPOLLO,2021-01-07,2021-01-15,452.89208984375,467.9620971679688
ADANIENT,2021-01-15,2021-01-25,525.98779296875,512.6212158203125
TATACONSUM,2021-01-15,2021-01-25,583.8301391601562,555.9178466796875
DIXON,2021-01-15,2021-01-25,2974.333984375,2744.432373046875
LAURUSLABS,2021-01-15,2021-01-25,364.6188049316406,373.9793701171875
TATAELXSI,2021-01-15,2021-01-25,2290.480224609375,2407.9765625
BSOFT,2021-01-15,2021-01-25,245.80712890625,235.93093872070312
ADANIENT,2021-01-25,2021-02-03,512.6212158203125,565.1900024414062
TATACONSUM,2021-01-25,2021-02-03,555.9178466796875,562.2659912109375
DIXON,2021-01-25,2021-02-03,2744.432373046875,3170.35400390625
LAURUSLABS,2021-01-25,2021-02-03,373.9793701171875,336.6849670410156
TATAELXSI,2021-01-25,2021-02-03,2407.9765625,2794.176025390625
APLAPOLLO,2021-01-25,2021-02-03,466.2794189453125,468.6302490234375
ADANIENT,2021-02-03,2021-02-11,565.1900024414062,656.9609985351562
DIXON,2021-02-03,2021-02-11,3170.35400390625,3881.151611328125
LAURUSLABS,2021-02-03,2021-02-11,336.6849670410156,362.3826293945313
APLAPOLLO,2021-02-03,2021-02-11,468.6302490234375,465.7102661132813
TATAELXSI,2021-02-03,2021-02-11,2794.176025390625,2754.054931640625
M&M,2021-02-03,2021-02-11,792.96728515625,870.0560913085938
ADANIENT,2021-02-11,2021-02-19,656.9609985351562,779.9542846679688
DIXON,2021-02-11,2021-02-19,3881.151611328125,3889.108154296875
LAURUSLABS,2021-02-11,2021-02-19,362.3826293945313,360.4096374511719
APLAPOLLO,2021-02-11,2021-02-19,465.7102661132813,479.54296875
TATAELXSI,2021-02-11,2021-02-19,2754.054931640625,2662.3505859375
ACC,2021-02-11,2021-02-19,1701.499267578125,1674.098388671875
ADANIENT,2021-02-19,2021-03-01,779.9542846679688,849.381103515625
DIXON,2021-02-19,2021-03-01,3889.108154296875,3889.956787109375
LAURUSLABS,2021-02-19,2021-03-01,360.4096374511719,358.78192138671875
APLAPOLLO,2021-02-19,2021-03-01,479.54296875,540.7881469726562
TATAELXSI,2021-02-19,2021-03-01,2662.3505859375,2547.281982421875
APOLLOHOSP,2021-02-19,2021-03-01,2884.52197265625,3043.765869140625
ADANIENT,2021-03-01,2021-03-09,849.381103515625,902.9474487304688
DIXON,2021-03-01,2021-03-09,3889.956787109375,3895.517333984375
LAURUSLABS,2021-03-01,2021-03-09,358.78192138671875,342.0611572265625
APLAPOLLO,2021-03-01,2021-03-09,540.7881469726562,656.572265625
APOLLOHOSP,2021-03-01,2021-03-09,3043.765869140625,2851.0830078125
TATAELXSI,2021-03-01,2021-03-09,2547.281982421875,2578.5146484375
ADANIENT,2021-03-09,2021-03-18,902.9474487304688,868.8823852539062
TATAELXSI,2021-03-09,2021-03-18,2578.5146484375,2598.331787109375
DIXON,2021-03-09,2021-03-18,3895.517333984375,4232.96142578125
APOLLOHOSP,2021-03-09,2021-03-18,2851.0830078125,2922.8017578125
SIEMENS,2021-03-09,2021-03-18,1873.790283203125,1765.3326416015625
DALBHARAT,2021-03-09,2021-03-18,1423.1607666015625,1541.7451171875
ADANIENT,2021-03-18,2021-03-26,868.8823852539062,985.840576171875
DIXON,2021-03-18,2021-03-26,4232.96142578125,3618.32763671875
DALBHARAT,2021-03-18,2021-03-26,1541.7451171875,1521.1065673828125
APOLLOHOSP,2021-03-18,2021-03-26,2922.8017578125,2817.100341796875
TATAELXSI,2021-03-18,2021-03-26,2598.331787109375,2574.531494140625
APLAPOLLO,2021-03-18,2021-03-26,603.5921630859375,660.086181640625
ADANIENT,2021-03-26,2021-04-07,985.840576171875,1162.6495361328125
APLAPOLLO,2021-03-26,2021-04-07,660.086181640625,615.6927490234375
DIXON,2021-03-26,2021-04-07,3618.32763671875,3607.645751953125
APOLLOHOSP,2021-03-26,2021-04-07,2817.100341796875,3060.21435546875
SIEMENS,2021-03-26,2021-04-07,1783.5648193359375,1764.9383544921875
TATAPOWER,2021-03-26,2021-04-07,99.96730041503906,100.93363189697266
ADANIENT,2021-04-07,2021-04-16,1162.6495361328125,1156.1158447265625
TATAPOWER,2021-04-07,2021-04-16,100.93363189697266,93.87940216064452
DIXON,2021-04-07,2021-04-16,3607.645751953125,3729.884033203125
APLAPOLLO,2021-04-07,2021-04-16,615.6927490234375,622.794677734375
APOLLOHOSP,2021-04-07,2021-04-16,3060.21435546875,3023.86083984375
TATAELXSI,2021-04-07,2021-04-16,2862.2744140625,2879.177734375
ADANIENT,2021-04-16,2021-04-27,1156.1158447265625,1188.185791015625
TATAELXSI,2021-04-16,2021-04-27,2879.177734375,3084.34765625
DIXON,2021-04-16,2021-04-27,3729.884033203125,4026.719482421875
APOLLOHOSP,2021-04-16,2021-04-27,3023.86083984375,3152.3330078125
TECHM,2021-04-16,2021-04-27,897.2866821289062,860.82861328125
PERSISTENT,2021-04-16,2021-04-27,954.0750732421876,949.1630249023438
ADANIENT,2021-04-27,2021-05-05,1188.185791015625,1264.345703125
DIXON,2021-04-27,2021-05-05,4026.719482421875,4111.0732421875
APOLLOHOSP,2021-04-27,2021-05-05,3152.3330078125,3292.461669921875
ACC,2021-04-27,2021-05-05,1795.28515625,1823.0867919921875
TITAN,2021-04-27,2021-05-05,1471.6083984375,1405.9564208984375
APLAPOLLO,2021-04-27,2021-05-05,649.8662109375,644.7933959960938
ADANIENT,2021-05-05,2021-05-14,1264.345703125,1217.313232421875
APLAPOLLO,2021-05-05,2021-05-14,644.7933959960938,591.516357421875
DIXON,2021-05-05,2021-05-14,4111.0732421875,3947.157470703125
APOLLOHOSP,2021-05-05,2021-05-14,3292.461669921875,3102.840576171875
GRASIM,2021-05-05,2021-05-14,1393.1478271484375,1340.30078125
ADANIPORTS,2021-05-05,2021-05-14,719.9722900390625,715.5339965820312
ADANIENT,2021-05-14,2021-05-24,1217.313232421875,1303.5482177734375
GRASIM,2021-05-14,2021-05-24,1340.30078125,1343.977294921875
APLAPOLLO,2021-05-14,2021-05-24,591.516357421875,620.2706298828125
DIXON,2021-05-14,2021-05-24,3947.157470703125,3899.590087890625
TATACONSUM,2021-05-14,2021-05-24,625.2622680664062,620.367919921875
NMDC,2021-05-14,2021-05-24,28.115827560424805,27.6768741607666
ADANIENT,2021-05-24,2021-06-01,1303.5482177734375,1412.7257080078125
TATACONSUM,2021-05-24,2021-06-01,620.367919921875,645.2756958007812
DIXON,2021-05-24,2021-06-01,3899.590087890625,4100.29150390625
NMDC,2021-05-24,2021-06-01,27.6768741607666,27.4573917388916
APLAPOLLO,2021-05-24,2021-06-01,620.2706298828125,642.0961303710938
PIDILITIND,2021-05-24,2021-06-01,2024.724365234375,2031.80126953125
ADANIENT,2021-06-01,2021-06-09,1412.7257080078125,1590.681884765625
PIDILITIND,2021-06-01,2021-06-09,2031.80126953125,2040.5987548828125
NMDC,2021-06-01,2021-06-09,27.4573917388916,27.1546688079834
DIXON,2021-06-01,2021-06-09,4100.29150390625,4188.58935546875
GRASIM,2021-06-01,2021-06-09,1416.3360595703125,1462.908203125
APOLLOHOSP,2021-06-01,2021-06-09,3200.4912109375,3265.78955078125
ADANIENT,2021-06-09,2021-06-17,1590.681884765625,1364.2965087890625
GRASIM,2021-06-09,2021-06-17,1462.908203125,1429.71923828125
DIXON,2021-06-09,2021-06-17,4188.58935546875,4291.7099609375
NMDC,2021-06-09,2021-06-17,27.1546688079834,27.215211868286133
PIDILITIND,2021-06-09,2021-06-17,2040.5987548828125,2091.022705078125
APOLLOHOSP,2021-06-09,2021-06-17,3265.78955078125,3201.281494140625
ADANIENT,2021-06-17,2021-06-25,1364.2965087890625,1515.6688232421875
GRASIM,2021-06-17,2021-06-25,1429.71923828125,1477.4193115234375
DIXON,2021-06-17,2021-06-25,4291.7099609375,4491.314453125
PIDILITIND,2021-06-17,2021-06-25,2091.022705078125,2097.8046875
APOLLOHOSP,2021-06-17,2021-06-25,3201.281494140625,3397.274169921875
TITAN,2021-06-17,2021-06-25,1684.5098876953125,1726.2928466796875
ADANIENT,2021-06-25,2021-07-05,1515.6688232421875,1391.803466796875
GRASIM,2021-06-25,2021-07-05,1477.4193115234375,1460.60400390625
DIXON,2021-06-25,2021-07-05,4491.314453125,4601.4736328125
PIDILITIND,2021-06-25,2021-07-05,2097.8046875,2228.43505859375
APOLLOHOSP,2021-06-25,2021-07-05,3397.274169921875,3672.98828125
TITAN,2021-06-25,2021-07-05,1726.2928466796875,1722.40478515625
ADANIENT,2021-07-05,2021-07-13,1391.803466796875,1415.1107177734375
GRASIM,2021-07-05,2021-07-13,1460.60400390625,1545.85595703125
DIXON,2021-07-05,2021-07-13,4601.4736328125,4578.263671875
PIDILITIND,2021-07-05,2021-07-13,2228.43505859375,2210.103759765625
APOLLOHOSP,2021-07-05,2021-07-13,3672.98828125,3704.79736328125
TITAN,2021-07-05,2021-07-13,1722.40478515625,1697.1578369140625
TITAN,2021-07-13,2021-07-22,1697.1578369140625,1679.0296630859375
ADANIENT,2021-07-13,2021-07-22,1415.1107177734375,1414.1624755859375
PIDILITIND,2021-07-13,2021-07-22,2210.103759765625,2270.94677734375
DIXON,2021-07-13,2021-07-22,4578.263671875,4578.462890625
TATAPOWER,2021-07-13,2021-07-22,121.36740112304688,121.02496337890624
TATACHEM,2021-07-13,2021-07-22,748.4251098632812,729.0680541992188
TITAN,2021-07-22,2021-07-30,1679.0296630859375,1691.6588134765625
ADANIENT,2021-07-22,2021-07-30,1414.1624755859375,1417.6561279296875
PIDILITIND,2021-07-22,2021-07-30,2270.94677734375,2248.118408203125
DIXON,2021-07-22,2021-07-30,4578.462890625,4297.150390625
JSL,2021-07-22,2021-07-30,142.94029235839844,159.6092987060547
OIL,2021-07-22,2021-07-30,86.92780303955078,89.86310577392578
ADANIENT,2021-07-30,2021-08-09,1417.6561279296875,1490.672607421875
OIL,2021-07-30,2021-08-09,89.86310577392578,89.13602447509766
PIDILITIND,2021-07-30,2021-08-09,2248.118408203125,2201.75146484375
VEDL,2021-07-30,2021-08-09,149.04339599609375,152.84539794921875
TATACONSUM,2021-07-30,2021-08-09,737.1328125,745.515380859375
TATACHEM,2021-07-30,2021-08-09,729.4982299804688,808.9815673828125
ADANIENT,2021-08-09,2021-08-17,1490.672607421875,1439.01708984375
TATACONSUM,2021-08-09,2021-08-17,745.515380859375,811.7476806640625
PIDILITIND,2021-08-09,2021-08-17,2201.75146484375,2186.2626953125
TATACHEM,2021-08-09,2021-08-17,808.9815673828125,827.1915283203125
KEI,2021-08-09,2021-08-17,737.5252075195312,736.33251953125
APOLLOHOSP,2021-08-09,2021-08-17,3955.122802734375,4860.79931640625
ADANIENT,2021-08-17,2021-08-26,1439.01708984375,1473.0047607421875
TATACONSUM,2021-08-17,2021-08-26,811.7476806640625,831.7294921875
PIDILITIND,2021-08-17,2021-08-26,2186.2626953125,2197.706298828125
APOLLOHOSP,2021-08-17,2021-08-26,4860.79931640625,4646.203125
HAL,2021-08-17,2021-08-26,497.5955200195313,601.46142578125
BALKRISIND,2021-08-17,2021-08-26,2248.03369140625,2219.127197265625
HAL,2021-08-26,2021-09-03,601.46142578125,650.4095458984375
ADANIENT,2021-08-26,2021-09-03,1473.0047607421875,1562.69091796875
BALKRISIND,2021-08-26,2021-09-03,2219.127197265625,2354.727783203125
APOLLOHOSP,2021-08-26,2021-09-03,4646.203125,4956.72998046875
TATASTEEL,2021-08-26,2021-09-03,58.02212142944336,60.91679763793945
TATACHEM,2021-08-26,2021-09-03,790.1502685546875,803.915283203125
ADANIENT,2021-09-03,2021-09-14,1562.69091796875,1510.4364013671875
APOLLOHOSP,2021-09-03,2021-09-14,4956.72998046875,4677.8837890625
BALKRISIND,2021-09-03,2021-09-14,2354.727783203125,2414.641357421875
TATACHEM,2021-09-03,2021-09-14,803.915283203125,798.8967895507812
BAJAJFINSV,2021-09-03,2021-09-14,1670.8970947265625,1680.5723876953125
CHAMBLFERT,2021-09-03,2021-09-14,292.2245788574219,296.2479248046875
BAJAJFINSV,2021-09-14,2021-09-22,1680.5723876953125,1758.8035888671875
ADANIENT,2021-09-14,2021-09-22,1510.4364013671875,1435.1241455078125
TATACHEM,2021-09-14,2021-09-22,798.8967895507812,788.9076538085938
APOLLOHOSP,2021-09-14,2021-09-22,4677.8837890625,4848.34375
CHAMBLFERT,2021-09-14,2021-09-22,296.2479248046875,282.9754943847656
SRF,2021-09-14,2021-09-22,2112.063232421875,2122.805419921875
BAJAJFINSV,2021-09-22,2021-09-30,1758.8035888671875,1775.9775390625
SRF,2021-09-22,2021-09-30,2122.805419921875,2231.29248046875
TATACHEM,2021-09-22,2021-09-30,788.9076538085938,878.7625732421875
TATACONSUM,2021-09-22,2021-09-30,832.5580444335938,793.0330200195312
HCLTECH,2021-09-22,2021-09-30,1147.2933349609375,1115.9405517578125
OFSS,2021-09-22,2021-09-30,4024.30712890625,3923.590087890625
BAJAJFINSV,2021-09-30,2021-10-08,1775.9775390625,1752.2835693359375
SRF,2021-09-30,2021-10-08,2231.29248046875,2362.80712890625
TATACHEM,2021-09-30,2021-10-08,878.7625732421875,923.06884765625
ADANIENT,2021-09-30,2021-10-08,1465.418701171875,1545.072998046875
TATAELXSI,2021-09-30,2021-10-08,5469.0947265625,6092.501953125
APOLLOHOSP,2021-09-30,2021-10-08,4429.92529296875,4328.75537109375
BAJAJFINSV,2021-10-08,2021-10-19,1752.2835693359375,1904.7620849609373
ADANIENT,2021-10-08,2021-10-19,1545.072998046875,1566.5836181640625
TATAELXSI,2021-10-08,2021-10-19,6092.501953125,6148.86376953125
COFORGE,2021-10-08,2021-10-19,5361.79931640625,5566.5048828125
TATACONSUM,2021-10-08,2021-10-19,798.0528564453125,821.9822387695312
OFSS,2021-10-08,2021-10-19,4124.8525390625,4257.779296875
BAJAJFINSV,2021-10-19,2021-10-27,1904.7620849609373,1798.4683837890625
COFORGE,2021-10-19,2021-10-27,5566.5048828125,4789.13720703125
TATAELXSI,2021-10-19,2021-10-27,6148.86376953125,5736.09423828125
TRENT,2021-10-19,2021-10-27,1112.4188232421875,1029.932373046875
SRF,2021-10-19,2021-10-27,2282.55908203125,2121.4794921875
BALKRISIND,2021-10-19,2021-10-27,2523.923095703125,2427.484130859375
BAJAJFINSV,2021-10-27,2021-11-04,1798.4683837890625,1756.7318115234375
TRENT,2021-10-27,2021-11-04,1029.932373046875,1090.153564453125
TATAELXSI,2021-10-27,2021-11-04,5736.09423828125,6081.16064453125
RELIANCE,2021-10-27,2021-11-04,1196.1995849609375,1137.673583984375
CGPOWER,2021-10-27,2021-11-04,156.6712188720703,163.10638427734375
JSWENERGY,2021-10-27,2021-11-04,359.9052429199219,326.4725341796875
BAJAJFINSV,2021-11-04,2021-11-15,1756.7318115234375,1810.300537109375
TRENT,2021-11-04,2021-11-15,1090.153564453125,1152.8150634765625
TATAELXSI,2021-11-04,2021-11-15,6081.16064453125,6471.443359375
RELIANCE,2021-11-04,2021-11-15,1137.673583984375,1173.61767578125
CHAMBLFERT,2021-11-04,2021-11-15,324.9200439453125,329.2671203613281
SRF,2021-11-04,2021-11-15,2076.425048828125,2169.056396484375
BAJAJFINSV,2021-11-15,2021-11-24,1810.300537109375,1738.2298583984375
TRENT,2021-11-15,2021-11-24,1152.8150634765625,1091.597900390625
TATAELXSI,2021-11-15,2021-11-24,6471.443359375,5877.953125
COFORGE,2021-11-15,2021-11-24,5233.16748046875,5120.33837890625
ADANIENT,2021-11-15,2021-11-24,1746.3546142578125,1751.9444580078125
PERSISTENT,2021-11-15,2021-11-24,2074.324462890625,2001.8714599609373
BAJAJFINSV,2021-11-24,2021-12-02,1738.2298583984375,1773.121826171875
COFORGE,2021-11-24,2021-12-02,5120.33837890625,5155.0439453125
TATAELXSI,2021-11-24,2021-12-02,5877.953125,5846.17919921875
TRENT,2021-11-24,2021-12-02,1091.597900390625,1027.44189453125
MPHASIS,2021-11-24,2021-12-02,2998.9423828125,2900.864990234375
CGPOWER,2021-11-24,2021-12-02,153.89915466308594,155.53271484375
BAJAJFINSV,2021-12-02,2021-12-10,1773.121826171875,1768.4239501953125
COFORGE,2021-12-02,2021-12-10,5155.0439453125,5060.97216796875
CGPOWER,2021-12-02,2021-12-10,155.53271484375,163.45289611816406
TATAELXSI,2021-12-02,2021-12-10,5846.17919921875,5859.86669921875
KEI,2021-12-02,2021-12-10,1140.9998779296875,1107.2568359375
CDSL,2021-12-02,2021-12-10,746.236083984375,739.7308349609375
BAJAJFINSV,2021-12-10,2021-12-20,1768.4239501953125,1580.2198486328125
COFORGE,2021-12-10,2021-12-20,5060.97216796875,4933.9560546875
KEI,2021-12-10,2021-12-20,1107.2568359375,1058.456298828125
TATAELXSI,2021-12-10,2021-12-20,5859.86669921875,5312.42431640625
CDSL,2021-12-10,2021-12-20,739.7308349609375,714.411376953125
PERSISTENT,2021-12-10,2021-12-20,2114.16943359375,2153.13720703125
KEI,2021-12-20,2021-12-28,1058.456298828125,1152.4794921875
CDSL,2021-12-20,2021-12-28,714.411376953125,720.384521484375
PERSISTENT,2021-12-20,2021-12-28,2153.13720703125,2265.021484375
CHAMBLFERT,2021-12-20,2021-12-28,346.1929016113281,358.9566650390625
JSL,2021-12-20,2021-12-28,174.8031463623047,191.42295837402344
PIDILITIND,2021-12-20,2021-12-28,2373.161865234375,2439.50634765625
CHAMBLFERT,2021-12-28,2022-01-05,358.9566650390625,396.87786865234375
KEI,2021-12-28,2022-01-05,1152.4794921875,1150.1436767578125
CDSL,2021-12-28,2022-01-05,720.384521484375,738.8119506835938
PERSISTENT,2021-12-28,2022-01-05,2265.021484375,2280.545166015625
COFORGE,2021-12-28,2022-01-05,5385.033203125,5655.251953125
TITAN,2021-12-28,2022-01-05,2348.076171875,2541.75537109375
COFORGE,2022-01-05,2022-01-13,5655.251953125,5452.58837890625
KEI,2022-01-05,2022-01-13,1150.1436767578125,1135.980712890625
CHAMBLFERT,2022-01-05,2022-01-13,396.87786865234375,417.5958251953125
BAJAJFINSV,2022-01-05,2022-01-13,1796.1119384765625,1819.736083984375
TRENT,2022-01-05,2022-01-13,1066.7923583984375,1178.4178466796875
TATAELXSI,2022-01-05,2022-01-13,5830.58544921875,6258.75341796875
BAJAJFINSV,2022-01-13,2022-01-21,1819.736083984375,1631.0426025390625
COFORGE,2022-01-13,2022-01-21,5452.58837890625,4951.4755859375
TRENT,2022-01-13,2022-01-21,1178.4178466796875,1177.3717041015625
CHAMBLFERT,2022-01-13,2022-01-21,417.5958251953125,432.1168518066406
TATAELXSI,2022-01-13,2022-01-21,6258.75341796875,7039.85693359375
ASTRAL,2022-01-13,2022-01-21,1852.2479248046875,1772.8160400390625
TRENT,2022-01-21,2022-02-01,1177.3717041015625,1056.3818359375
CHAMBLFERT,2022-01-21,2022-02-01,432.1168518066406,389.894775390625
TATAELXSI,2022-01-21,2022-02-01,7039.85693359375,7298.1064453125
ASTRAL,2022-01-21,2022-02-01,1772.8160400390625,1627.3408203125
KEI,2022-01-21,2022-02-01,1158.69140625,1090.161865234375
BAJFINANCE,2022-01-21,2022-02-01,7279.369140625,6924.81591796875
CHAMBLFERT,2022-02-01,2022-02-09,389.894775390625,377.9327697753906
TATAELXSI,2022-02-01,2022-02-09,7298.1064453125,7496.42529296875
KEI,2022-02-01,2022-02-09,1090.161865234375,1044.5810546875
SRF,2022-02-01,2022-02-09,2420.591796875,2560.6640625
CGPOWER,2022-02-01,2022-02-09,172.21458435058594,170.43255615234375
PERSISTENT,2022-02-01,2022-02-09,2202.3447265625,2138.576904296875
SRF,2022-02-09,2022-02-17,2560.6640625,2411.015869140625
CGPOWER,2022-02-09,2022-02-17,170.43255615234375,171.62059020996094
TATAELXSI,2022-02-09,2022-02-17,7496.42529296875,6786.2021484375
PERSISTENT,2022-02-09,2022-02-17,2138.576904296875,1916.5155029296875
HAL,2022-02-09,2022-02-17,666.5639038085938,655.5316772460938
CDSL,2022-02-09,2022-02-17,730.73486328125,715.1610717773438
HAL,2022-02-17,2022-02-25,655.5316772460938,631.5355834960938
CGPOWER,2022-02-17,2022-02-25,171.62059020996094,167.51199340820312
TATAELXSI,2022-02-17,2022-02-25,6786.2021484375,6354.564453125
SRF,2022-02-17,2022-02-25,2411.015869140625,2403.18701171875
RELIANCE,2022-02-17,2022-02-25,1112.4737548828125,1039.8341064453125
ADANIGREEN,2022-02-17,2022-02-25,2047.5999755859373,1923.5
ADANIGREEN,2022-02-25,2022-03-08,1923.5,1783.949951171875
SRF,2022-02-25,2022-03-08,2403.18701171875,2170.142333984375
ONGC,2022-02-25,2022-03-08,130.97178649902344,147.06613159179688
CUMMINSIND,2022-02-25,2022-03-08,920.6217041015624,907.0464477539062
BANKBARODA,2022-02-25,2022-03-08,97.9428253173828,89.36823272705078
FEDERALBNK,2022-02-25,2022-03-08,93.79402160644533,86.91094207763672
ADANIGREEN,2022-03-08,2022-03-16,1783.949951171875,1833.6500244140625
IOC,2022-03-08,2022-03-16,66.80859375,69.6053695678711
INFY,2022-03-08,2022-03-16,1667.0302734375,1771.2781982421875
PERSISTENT,2022-03-08,2022-03-16,2055.14453125,2168.91796875
TRENT,2022-03-08,2022-03-16,1074.6375732421875,1167.4884033203125
SUNPHARMA,2022-03-08,2022-03-16,830.4385375976562,863.6561279296875
ADANIGREEN,2022-03-16,2022-03-25,1833.6500244140625,1921.25
TRENT,2022-03-16,2022-03-25,1167.4884033203125,1257.249267578125
RELIANCE,2022-03-16,2022-03-25,1094.1944580078125,1181.8355712890625
CHAMBLFERT,2022-03-16,2022-03-25,376.1557922363281,383.3104553222656
TATAELXSI,2022-03-16,2022-03-25,7052.27294921875,8249.71484375
PIDILITIND,2022-03-16,2022-03-25,2429.739501953125,2423.37646484375
ADANIGREEN,2022-03-25,2022-04-04,1921.25,2110.449951171875
TRENT,2022-03-25,2022-04-04,1257.249267578125,1290.4921875
CHAMBLFERT,2022-03-25,2022-04-04,383.3104553222656,433.53314208984375
TATAELXSI,2022-03-25,2022-04-04,8249.71484375,8808.4482421875
GAIL,2022-03-25,2022-04-04,88.01939392089844,96.39510345458984
CGPOWER,2022-03-25,2022-04-04,182.6593475341797,184.639404296875
ADANIGREEN,2022-04-04,2022-04-12,2110.449951171875,2792.39990234375
CHAMBLFERT,2022-04-04,2022-04-12,433.53314208984375,428.66986083984375
TRENT,2022-04-04,2022-04-12,1290.4921875,1246.4840087890625
CGPOWER,2022-04-04,2022-04-12,184.639404296875,200.9252777099609
TATAELXSI,2022-04-04,2022-04-12,8808.4482421875,8221.4111328125
PERSISTENT,2022-04-04,2022-04-12,2346.728515625,2146.535400390625
ADANIGREEN,2022-04-12,2022-04-22,2792.39990234375,2882.800048828125
CHAMBLFERT,2022-04-12,2022-04-22,428.66986083984375,438.81732177734375
TRENT,2022-04-12,2022-04-22,1246.4840087890625,1282.4678955078125
CGPOWER,2022-04-12,2022-04-22,200.9252777099609,191.17355346679688
TATAELXSI,2022-04-12,2022-04-22,8221.4111328125,8171.30615234375
IOC,2022-04-12,2022-04-22,71.94552612304688,76.68290710449219
ADANIGREEN,2022-04-22,2022-05-02,2882.800048828125,2830.35009765625
IOC,2022-04-22,2022-05-02,76.68290710449219,72.2879867553711
CHAMBLFERT,2022-04-22,2022-05-02,438.81732177734375,431.5223388671875
TRENT,2022-04-22,2022-05-02,1282.4678955078125,1216.28125
CGPOWER,2022-04-22,2022-05-02,191.17355346679688,190.67852783203125
TATAELXSI,2022-04-22,2022-05-02,8171.30615234375,7500.87353515625
ADANIGREEN,2022-05-02,2022-05-11,2830.35009765625,2648.050048828125
TRENT,2022-05-02,2022-05-11,1216.28125,1042.5411376953125
CGPOWER,2022-05-02,2022-05-11,190.67852783203125,168.6010284423828
CHAMBLFERT,2022-05-02,2022-05-11,431.5223388671875,382.0478820800781
CESC,2022-05-02,2022-05-11,74.66214752197266,69.12670135498047
BANKBARODA,2022-05-02,2022-05-11,103.3993682861328,92.85310363769533
ADANIGREEN,2022-05-11,2022-05-19,2648.050048828125,2317.5
ADANIENT,2022-05-11,2022-05-19,2115.4296875,2110.887451171875
POWERGRID,2022-05-11,2022-05-19,155.0240936279297,147.95989990234375
ITC,2022-05-11,2022-05-19,232.99365234375,251.22122192382807
SOLARINDS,2022-05-11,2022-05-19,2798.457275390625,2862.009765625
ABB,2022-05-11,2022-05-19,2252.33349609375,2257.344482421875
ADANIENT,2022-05-19,2022-05-27,2110.887451171875,2076.350830078125
ITC,2022-05-19,2022-05-27,251.22122192382807,251.09771728515625
POWERGRID,2022-05-19,2022-05-27,147.95989990234375,145.62673950195312
ABB,2022-05-19,2022-05-27,2257.344482421875,2266.37353515625
M&M,2022-05-19,2022-05-27,849.38818359375,917.0466918945312
TATAELXSI,2022-05-19,2022-05-27,8076.9619140625,8150.67822265625
ADANIENT,2022-05-27,2022-06-06,2076.350830078125,2220.986328125
ITC,2022-05-27,2022-06-06,251.09771728515625,256.3211364746094
POWERGRID,2022-05-27,2022-06-06,145.62673950195312,145.69154357910156
TATAELXSI,2022-05-27,2022-06-06,8150.67822265625,8502.0009765625
RELIANCE,2022-05-27,2022-06-06,1172.388427734375,1260.0068359375
GMRAIRPORT,2022-05-27,2022-06-06,37.900001525878906,37.150001525878906
ADANIENT,2022-06-06,2022-06-14,2220.986328125,2192.438232421875
POWERGRID,2022-06-06,2022-06-14,145.69154357910156,145.1406707763672
TATAELXSI,2022-06-06,2022-06-14,8502.0009765625,8199.4140625
INDHOTEL,2022-06-06,2022-06-14,227.0552978515625,214.7967834472656
CGPOWER,2022-06-06,2022-06-14,182.51084899902344,167.31396484375
ABB,2022-06-06,2022-06-14,2345.056396484375,2303.2841796875
TATAELXSI,2022-06-14,2022-06-22,8199.4140625,7362.25146484375
ABB,2022-06-14,2022-06-22,2303.2841796875,2198.704345703125
RELIANCE,2022-06-14,2022-06-22,1196.518310546875,1140.74658203125
ITC,2022-06-14,2022-06-22,247.5998992919922,247.45997619628903
M&MFIN,2022-06-14,2022-06-22,163.40223693847656,159.8140869140625
KEI,2022-06-14,2022-06-22,1242.419921875,1142.3050537109375
ITC,2022-06-22,2022-06-30,247.45997619628903,255.10858154296875
MARUTI,2022-06-22,2022-06-30,7588.08935546875,8258.8818359375
TVSMOTOR,2022-06-22,2022-06-30,734.2874145507812,831.0704345703125
ASHOKLEY,2022-06-22,2022-06-30,123.64551544189452,136.94125366210938
EICHERMOT,2022-06-22,2022-06-30,2587.5986328125,2715.484619140625
TATASTEEL,2022-06-22,2022-06-30,79.5581283569336,82.30625915527344
ASHOKLEY,2022-06-30,2022-07-08,136.94125366210938,133.51309204101562
TVSMOTOR,2022-06-30,2022-07-08,831.0704345703125,828.306640625
TATASTEEL,2022-06-30,2022-07-08,82.30625915527344,84.09562683105469
RELIANCE,2022-06-30,2022-07-08,1181.74462890625,1088.7537841796875
TATAELXSI,2022-06-30,2022-07-08,8028.72900390625,7854.408203125
ABB,2022-06-30,2022-07-08,2282.9931640625,2568.950439453125
TVSMOTOR,2022-07-08,2022-07-18,828.306640625,866.8519897460938
TATASTEEL,2022-07-08,2022-07-18,84.09562683105469,85.84227752685547
TATAELXSI,2022-07-08,2022-07-18,7854.408203125,7963.3828125
ABB,2022-07-08,2022-07-18,2568.950439453125,2566.420166015625
TRENT,2022-07-08,2022-07-18,1201.6575927734375,1205.9483642578125
BANKBARODA,2022-07-08,2022-07-18,99.75835418701172,102.0255889892578
ABB,2022-07-18,2022-07-26,2566.420166015625,2692.28271484375
TVSMOTOR,2022-07-18,2022-07-26,866.8519897460938,853.2797241210938
TATAELXSI,2022-07-18,2022-07-26,7963.3828125,8216.16796875
BANKBARODA,2022-07-18,2022-07-26,102.0255889892578,110.0553741455078
POONAWALLA,2022-07-18,2022-07-26,263.33563232421875,260.5121765136719
CHOLAFIN,2022-07-18,2022-07-26,666.4991455078125,674.5086669921875
TVSMOTOR,2022-07-26,2022-08-03,853.2797241210938,915.76171875
CHOLAFIN,2022-07-26,2022-08-03,674.5086669921875,753.8772583007812
BANKBARODA,2022-07-26,2022-08-03,110.0553741455078,114.35368347167967
TATAELXSI,2022-07-26,2022-08-03,8216.16796875,8686.853515625
ABB,2022-07-26,2022-08-03,2692.28271484375,2650.808349609375
BOSCHLTD,2022-07-26,2022-08-03,15532.849609375,16420.615234375
TVSMOTOR,2022-08-03,2022-08-12,915.76171875,940.2412719726562
ABB,2022-08-03,2022-08-12,2650.808349609375,2775.48046875
BOSCHLTD,2022-08-03,2022-08-12,16420.615234375,16383.69140625
CHOLAFIN,2022-08-03,2022-08-12,753.8772583007812,779.9519653320312
BANKBARODA,2022-08-03,2022-08-12,114.35368347167967,116.33750915527344
NESTLEIND,2022-08-03,2022-08-12,1878.88134765625,1896.087890625
CHOLAFIN,2022-08-12,2022-08-23,779.9519653320312,783.335693359375
ABB,2022-08-12,2022-08-23,2775.48046875,2845.77880859375
TRENT,2022-08-12,2022-08-23,1379.7733154296875,1343.900634765625
EICHERMOT,2022-08-12,2022-08-23,3140.310302734375,3389.37109375
ITC,2022-08-12,2022-08-23,287.8016357421875,294.65740966796875
AMBUJACEM,2022-08-12,2022-08-23,381.4190979003906,401.8876647949219
ITC,2022-08-23,2022-09-01,294.65740966796875,296.2430725097656
CHOLAFIN,2022-08-23,2022-09-01,783.335693359375,785.525146484375
ABB,2022-08-23,2022-09-01,2845.77880859375,3377.2109375
COALINDIA,2022-08-23,2022-09-01,178.6207733154297,184.5921630859375
KOTAKBANK,2022-08-23,2022-09-01,1852.193115234375,1899.202880859375
INDIGO,2022-08-23,2022-09-01,2004.5,2038.3499755859373
ITC,2022-09-01,2022-09-09,296.2430725097656,308.2756042480469
COALINDIA,2022-09-01,2022-09-09,184.5921630859375,190.44332885742188
CHOLAFIN,2022-09-01,2022-09-09,785.525146484375,786.96826171875
INDIGO,2022-09-01,2022-09-09,2038.3499755859373,1933.300048828125
PRESTIGE,2022-09-01,2022-09-09,467.4247131347656,471.0504760742188
BANKBARODA,2022-09-01,2022-09-09,126.0677261352539,130.4132537841797
ITC,2022-09-09,2022-09-19,308.2756042480469,313.0326843261719
COALINDIA,2022-09-09,2022-09-19,190.44332885742188,184.27154541015625
CHOLAFIN,2022-09-09,2022-09-19,786.96826171875,781.8927001953125
BANKBARODA,2022-09-09,2022-09-19,130.4132537841797,133.247314453125
CGPOWER,2022-09-09,2022-09-19,225.0818634033203,237.6551513671875
ABB,2022-09-09,2022-09-19,3288.853515625,3133.224365234375
CHOLAFIN,2022-09-19,2022-09-27,781.8927001953125,717.2035522460938
ITC,2022-09-19,2022-09-27,313.0326843261719,312.3331298828125
COALINDIA,2022-09-19,2022-09-27,184.27154541015625,171.4470977783203
BANKBARODA,2022-09-19,2022-09-27,133.247314453125,120.68304443359376
ABB,2022-09-19,2022-09-27,3133.224365234375,3009.1474609375
EICHERMOT,2022-09-19,2022-09-27,3512.140869140625,3492.869384765625
ITC,2022-09-27,2022-10-06,312.3331298828125,314.0120544433594
ABB,2022-09-27,2022-10-06,3009.1474609375,3164.032958984375
BANKBARODA,2022-09-27,2022-10-06,120.68304443359376,127.43750762939452
LICHSGFIN,2022-09-27,2022-10-06,383.8680725097656,412.4441833496094
TRENT,2022-09-27,2022-10-06,1393.044677734375,1444.2840576171875
AMBUJACEM,2022-09-27,2022-10-06,499.9187316894531,502.4463195800781
LICHSGFIN,2022-10-06,2022-10-14,412.4441833496094,392.5714721679688
ITC,2022-10-06,2022-10-14,314.0120544433594,309.76806640625
AMBUJACEM,2022-10-06,2022-10-14,502.4463195800781,497.4407043457031
BANKBARODA,2022-10-06,2022-10-14,127.43750762939452,123.23368072509766
COALINDIA,2022-10-06,2022-10-14,187.1570587158203,189.44143676757807
TVSMOTOR,2022-10-06,2022-10-14,1060.9114990234375,1064.4156494140625
ITC,2022-10-14,2022-10-24,309.76806640625,324.3190002441406
COALINDIA,2022-10-14,2022-10-24,189.44143676757807,192.76776123046875
AMBUJACEM,2022-10-14,2022-10-24,497.4407043457031,512.3584594726562
BANKBARODA,2022-10-14,2022-10-24,123.23368072509766,136.459228515625
NTPC,2022-10-14,2022-10-24,152.2864990234375,153.99288940429688
INDIANB,2022-10-14,2022-10-24,182.37831115722656,221.7845458984375
ITC,2022-10-24,2022-11-02,324.3190002441406,330.8016662597656
COALINDIA,2022-10-24,2022-11-02,192.76776123046875,197.015869140625
AMBUJACEM,2022-10-24,2022-11-02,512.3584594726562,540.2115478515625
BANKBARODA,2022-10-24,2022-11-02,136.459228515625,138.91539001464844
ADANIENT,2022-10-24,2022-11-02,3305.15966796875,3575.6796875
INDHOTEL,2022-10-24,2022-11-02,314.37408447265625,340.4766540527344
ITC,2022-11-02,2022-11-11,330.8016662597656,332.3873291015625
COALINDIA,2022-11-02,2022-11-11,197.015869140625,202.9872589111328
AMBUJACEM,2022-11-02,2022-11-11,540.2115478515625,552.6513061523438
INDHOTEL,2022-11-02,2022-11-11,340.4766540527344,313.5785827636719
BANKBARODA,2022-11-02,2022-11-11,138.91539001464844,152.80221557617188
BEL,2022-11-02,2022-11-11,103.6249771118164,103.81848907470705
ITC,2022-11-11,2022-11-21,332.3873291015625,314.52508544921875
COALINDIA,2022-11-11,2022-11-21,202.9872589111328,195.7914123535156
BANKBARODA,2022-11-11,2022-11-21,152.80221557617188,152.94390869140625
TVSMOTOR,2022-11-11,2022-11-21,1093.1396484375,1034.9019775390625
NTPC,2022-11-11,2022-11-21,158.14366149902344,151.64080810546875
PRESTIGE,2022-11-11,2022-11-21,470.0073852539063,467.01751708984375
ITC,2022-11-21,2022-11-29,314.52508544921875,319.2821350097656
COALINDIA,2022-11-21,2022-11-29,195.7914123535156,193.8714599609375
BANKBARODA,2022-11-21,2022-11-29,152.94390869140625,158.5175323486328
ADANIENT,2022-11-21,2022-11-29,3996.239501953125,3872.962158203125
CGPOWER,2022-11-21,2022-11-29,264.68280029296875,277.0580749511719
BEL,2022-11-21,2022-11-29,102.36715698242188,102.705810546875
BEL,2022-11-29,2022-12-07,102.705810546875,102.27039337158205
ITC,2022-11-29,2022-12-07,319.2821350097656,317.23004150390625
COALINDIA,2022-11-29,2022-12-07,193.8714599609375,196.0474090576172
CGPOWER,2022-11-29,2022-12-07,277.0580749511719,278.3946533203125
BANKBARODA,2022-11-29,2022-12-07,158.5175323486328,166.73626708984375
NTPC,2022-11-29,2022-12-07,156.9445343017578,158.51263427734375
BEL,2022-12-07,2022-12-15,102.27039337158205,99.89989471435548
ITC,2022-12-07,2022-12-15,317.23004150390625,316.06414794921875
COALINDIA,2022-12-07,2022-12-15,196.0474090576172,194.7247772216797
NTPC,2022-12-07,2022-12-15,158.51263427734375,158.74322509765625
BANKBARODA,2022-12-07,2022-12-15,166.73626708984375,174.3409423828125
ADANIENT,2022-12-07,2022-12-15,3993.693115234375,4038.080810546875
ITC,2022-12-15,2022-12-23,316.06414794921875,304.7311706542969
NTPC,2022-12-15,2022-12-23,158.74322509765625,150.34945678710938
BANKBARODA,2022-12-15,2022-12-23,174.3409423828125,159.69837951660156
INDHOTEL,2022-12-15,2022-12-23,331.3780517578125,297.817626953125
CGPOWER,2022-12-15,2022-12-23,276.2165832519531,249.139404296875
AMBUJACEM,2022-12-15,2022-12-23,556.2692260742188,486.9338073730469
BANKBARODA,2022-12-23,2023-01-02,159.69837951660156,175.9468994140625
CANBK,2022-12-23,2023-01-02,54.60663604736328,62.96011352539063
LICHSGFIN,2022-12-23,2023-01-02,382.0306701660156,410.4617614746094
HDFCBANK,2022-12-23,2023-01-02,1558.25732421875,1588.541748046875
DALBHARAT,2022-12-23,2023-01-02,1754.7293701171875,1870.88525390625
INDIANB,2022-12-23,2023-01-02,257.5393981933594,280.4908447265625
BANKBARODA,2023-01-02,2023-01-10,175.9468994140625,170.70391845703125
COALINDIA,2023-01-02,2023-01-10,191.78086853027344,184.9543914794922
NTPC,2023-01-02,2023-01-10,154.96142578125,154.91531372070312
UNIONBANK,2023-01-02,2023-01-10,76.7206802368164,74.55289459228516
INDHOTEL,2023-01-02,2023-01-10,315.418212890625,308.6066589355469
CGPOWER,2023-01-02,2023-01-10,267.9003601074219,286.9088134765625
CGPOWER,2023-01-10,2023-01-18,286.9088134765625,305.27374267578125
NTPC,2023-01-10,2023-01-18,154.91531372070312,156.2988739013672
BANKBARODA,2023-01-10,2023-01-18,170.70391845703125,168.3894500732422
UNIONBANK,2023-01-10,2023-01-18,74.55289459228516,76.57929992675781
INDIANB,2023-01-10,2023-01-18,274.0890808105469,266.1224975585937
DALBHARAT,2023-01-10,2023-01-18,1856.8118896484373,1867.6148681640625
NTPC,2023-01-18,2023-01-27,156.2988739013672,153.3933563232422
DALBHARAT,2023-01-18,2023-01-27,1867.6148681640625,1678.6134033203125
UNIONBANK,2023-01-18,2023-01-27,76.57929992675781,70.5943374633789
CGPOWER,2023-01-18,2023-01-27,305.27374267578125,295.42303466796875
BANKBARODA,2023-01-18,2023-01-27,168.3894500732422,148.5511474609375
BEL,2023-01-18,2023-01-27,99.36773681640624,91.24031066894533
CGPOWER,2023-01-27,2023-02-06,295.42303466796875,304.3332214355469
UNIONBANK,2023-01-27,2023-02-06,70.5943374633789,69.7460708618164
HDFCBANK,2023-01-27,2023-02-06,1575.9599609375,1611.0234375
COALINDIA,2023-01-27,2023-02-06,189.7755889892578,187.3863525390625
INDIANB,2023-01-27,2023-02-06,267.7822265625,277.1714172363281
EXIDEIND,2023-01-27,2023-02-06,181.05958557128903,180.17010498046875
HDFCBANK,2023-02-06,2023-02-14,1611.0234375,1632.43212890625
CGPOWER,2023-02-06,2023-02-14,304.3332214355469,332.4004211425781
ITC,2023-02-06,2023-02-14,357.6183776855469,360.4632873535156
BANKBARODA,2023-02-06,2023-02-14,158.61199951171875,159.46221923828125
NTPC,2023-02-06,2023-02-14,157.1648712158203,157.1648712158203
INDHOTEL,2023-02-06,2023-02-14,312.9819641113281,312.4847717285156
HDFCBANK,2023-02-14,2023-02-22,1632.43212890625,1574.399169921875
ITC,2023-02-14,2023-02-22,360.4632873535156,363.6846618652344
NTPC,2023-02-14,2023-02-22,157.1648712158203,161.37677001953125
CGPOWER,2023-02-14,2023-02-22,332.4004211425781,311.2633972167969
BANKBARODA,2023-02-14,2023-02-22,159.46221923828125,148.40945434570312
EXIDEIND,2023-02-14,2023-02-22,179.0829620361328,171.62115478515625
ITC,2023-02-22,2023-03-02,363.6846618652344,355.8207092285156
CGPOWER,2023-02-22,2023-03-02,311.2633972167969,297.0565490722656
NTPC,2023-02-22,2023-03-02,161.37677001953125,161.6606903076172
JSL,2023-02-22,2023-03-02,259.8199768066406,274.3254089355469
CYIENT,2023-02-22,2023-03-02,940.0306396484376,924.8751220703124
DALBHARAT,2023-02-22,2023-03-02,1895.910400390625,1829.3092041015625
ITC,2023-03-02,2023-03-13,355.8207092285156,363.49517822265625
NTPC,2023-03-02,2023-03-13,161.6606903076172,170.08445739746094
DALBHARAT,2023-03-02,2023-03-13,1829.3092041015625,1724.2532958984375
CGPOWER,2023-03-02,2023-03-13,297.0565490722656,288.04736328125
JSL,2023-03-02,2023-03-13,274.3254089355469,303.8280334472656
CYIENT,2023-03-02,2023-03-13,924.8751220703124,898.4734497070312
CYIENT,2023-03-13,2023-03-21,898.4734497070312,913.9669189453124
ITC,2023-03-13,2023-03-21,363.49517822265625,357.14715576171875
JSL,2023-03-13,2023-03-21,303.8280334472656,286.22479248046875
NTPC,2023-03-13,2023-03-21,170.08445739746094,167.62359619140625
SIEMENS,2023-03-13,2023-03-21,3255.634033203125,3298.644775390625
NCC,2023-03-13,2023-03-21,94.08747863769533,101.13198852539062
SIEMENS,2023-03-21,2023-03-29,3298.644775390625,3311.28955078125
ITC,2023-03-21,2023-03-29,357.14715576171875,362.6424255371094
JSL,2023-03-21,2023-03-29,286.22479248046875,274.6203918457031
NTPC,2023-03-21,2023-03-29,167.62359619140625,164.68948364257812
CGPOWER,2023-03-21,2023-03-29,294.8534545898437,303.56072998046875
DALBHARAT,2023-03-21,2023-03-29,1806.4642333984373,1911.56982421875
ITC,2023-03-29,2023-04-11,362.6424255371094,375.19635009765625
NTPC,2023-03-29,2023-04-11,164.68948364257812,168.57008361816406
DALBHARAT,2023-03-29,2023-04-11,1911.56982421875,1983.3743896484373
CGPOWER,2023-03-29,2023-04-11,303.56072998046875,293.1119689941406
JSL,2023-03-29,2023-04-11,274.6203918457031,272.40771484375
SHREECEM,2023-03-29,2023-04-11,25605.962890625,25999.609375
ITC,2023-04-11,2023-04-20,375.19635009765625,379.27044677734375
JSL,2023-04-11,2023-04-20,272.40771484375,260.754150390625
NTPC,2023-04-11,2023-04-20,168.57008361816406,160.61956787109375
DALBHARAT,2023-04-11,2023-04-20,1983.3743896484373,1971.2333984375
BANKBARODA,2023-04-11,2023-04-20,161.39881896972656,167.9171142578125
NCC,2023-04-11,2023-04-20,103.833984375,109.38273620605467
ITC,2023-04-20,2023-04-28,379.27044677734375,403.1940002441406
BANKBARODA,2023-04-20,2023-04-28,167.9171142578125,177.3639373779297
DALBHARAT,2023-04-20,2023-04-28,1971.2333984375,1978.4189453125
NCC,2023-04-20,2023-04-28,109.38273620605467,115.6069793701172
SIEMENS,2023-04-20,2023-04-28,3256.978271484375,3434.497802734375
CGPOWER,2023-04-20,2023-04-28,298.6846618652344,307.3422241210937
ITC,2023-04-28,2023-05-09,403.1940002441406,401.535888671875
CGPOWER,2023-04-28,2023-05-09,307.3422241210937,318.9353332519531
DALBHARAT,2023-04-28,2023-05-09,1978.4189453125,2057.31005859375
NCC,2023-04-28,2023-05-09,115.6069793701172,108.90023803710938
JSL,2023-04-28,2023-05-09,279.2527160644531,288.960693359375
NTPC,2023-04-28,2023-05-09,162.79647827148438,166.5824432373047
ITC,2023-05-09,2023-05-17,401.535888671875,405.1362609863281
NTPC,2023-05-09,2023-05-17,166.5824432373047,166.5824432373047
DALBHARAT,2023-05-09,2023-05-17,2057.31005859375,2058.201904296875
NCC,2023-05-09,2023-05-17,108.90023803710938,109.2862319946289
HDFCBANK,2023-05-09,2023-05-17,1603.9521484375,1616.3775634765625
SIEMENS,2023-05-09,2023-05-17,3648.556396484375,3874.164306640625
NCC,2023-05-17,2023-05-25,109.2862319946289,113.62873077392578
HDFCBANK,2023-05-17,2023-05-25,1616.3775634765625,1587.916259765625
SIEMENS,2023-05-17,2023-05-25,3874.164306640625,3471.982666015625
ITC,2023-05-17,2023-05-25,405.1362609863281,417.9744567871094
DALBHARAT,2023-05-17,2023-05-25,2058.201904296875,2022.96875
BANKBARODA,2023-05-17,2023-05-25,175.6162567138672,171.74307250976562
NCC,2023-05-25,2023-06-02,113.62873077392578,123.66472625732422
SIEMENS,2023-05-25,2023-06-02,3471.982666015625,3537.096435546875
ITC,2023-05-25,2023-06-02,417.9744567871094,422.6945495605469
DALBHARAT,2023-05-25,2023-06-02,2022.96875,2120.244384765625
BANKBARODA,2023-05-25,2023-06-02,171.74307250976562,176.41925048828125
IGL,2023-05-25,2023-06-02,230.24024963378903,220.1724853515625
SIEMENS,2023-06-02,2023-06-12,3537.096435546875,3642.383544921875
ITC,2023-06-02,2023-06-12,422.6945495605469,416.5457763671875
DALBHARAT,2023-06-02,2023-06-12,2120.244384765625,2083.425048828125
NCC,2023-06-02,2023-06-12,123.66472625732422,118.5984878540039
NTPC,2023-06-02,2023-06-12,165.21002197265625,175.76339721679688
BEL,2023-06-02,2023-06-12,111.03810119628906,116.72229766845705
NCC,2023-06-12,2023-06-20,118.5984878540039,118.16423034667967
SIEMENS,2023-06-12,2023-06-20,3642.383544921875,3812.634765625
BEL,2023-06-12,2023-06-20,116.72229766845705,122.65151977539062
ITC,2023-06-12,2023-06-20,416.5457763671875,431.7032470703125
DALBHARAT,2023-06-12,2023-06-20,2083.425048828125,2220.54296875
CGPOWER,2023-06-12,2023-06-20,376.0053405761719,365.0092468261719
NCC,2023-06-20,2023-06-28,118.16423034667967,116.57199096679688
SIEMENS,2023-06-20,2023-06-28,3812.634765625,3748.267822265625
BEL,2023-06-20,2023-06-28,122.65151977539062,118.33935546875
ITC,2023-06-20,2023-06-28,431.7032470703125,428.36669921875
DALBHARAT,2023-06-20,2023-06-28,2220.54296875,2204.78955078125
CGPOWER,2023-06-20,2023-06-28,365.0092468261719,372.6219482421875
NCC,2023-06-28,2023-07-07,116.57199096679688,122.89273834228516
SIEMENS,2023-06-28,2023-07-07,3748.267822265625,3674.29296875
ITC,2023-06-28,2023-07-07,428.36669921875,446.527099609375
DALBHARAT,2023-06-28,2023-07-07,2204.78955078125,2132.3740234375
CGPOWER,2023-06-28,2023-07-07,372.6219482421875,384.5633544921875
INDIGO,2023-06-28,2023-07-07,2621.10009765625,2631.050048828125
SIEMENS,2023-07-07,2023-07-17,3674.29296875,3685.892333984375
CGPOWER,2023-07-07,2023-07-17,384.5633544921875,404.91351318359375
NCC,2023-07-07,2023-07-17,122.89273834228516,132.7839813232422
INDIGO,2023-07-07,2023-07-17,2631.050048828125,2677.449951171875
IOC,2023-07-07,2023-07-17,87.83828735351562,86.2001724243164
BALKRISIND,2023-07-07,2023-07-17,2360.19189453125,2394.31689453125
SIEMENS,2023-07-17,2023-07-25,3685.892333984375,3676.583251953125
IOC,2023-07-17,2023-07-25,86.2001724243164,87.66120147705078
BALKRISIND,2023-07-17,2023-07-25,2394.31689453125,2360.521728515625
INDIGO,2023-07-17,2023-07-25,2677.449951171875,2584.39990234375
ITC,2023-07-17,2023-07-25,450.2926635742188,440.7119445800781
BEL,2023-07-17,2023-07-25,124.61160278320312,124.51359558105467
SIEMENS,2023-07-25,2023-08-02,3676.583251953125,3802.280517578125
IOC,2023-07-25,2023-08-02,87.66120147705078,85.70880889892578
BALKRISIND,2023-07-25,2023-08-02,2360.521728515625,2443.896484375
INDIGO,2023-07-25,2023-08-02,2584.39990234375,2565.300048828125
CGPOWER,2023-07-25,2023-08-02,397.5496520996094,405.41107177734375
PFC,2023-07-25,2023-08-02,178.35687255859375,191.86932373046875
IOC,2023-08-02,2023-08-10,85.70880889892578,85.70880889892578
PFC,2023-08-02,2023-08-10,191.86932373046875,199.9169006347656
INDIGO,2023-08-02,2023-08-10,2565.300048828125,2550.35009765625
BALKRISIND,2023-08-02,2023-08-10,2443.896484375,2339.294189453125
CGPOWER,2023-08-02,2023-08-10,405.41107177734375,399.44036865234375
BEL,2023-08-02,2023-08-10,122.84752655029295,126.8166732788086
IOC,2023-08-10,2023-08-21,85.70880889892578,84.01930236816406
PFC,2023-08-10,2023-08-21,199.9169006347656,202.1627349853516
INDIGO,2023-08-10,2023-08-21,2550.35009765625,2449.64990234375
BEL,2023-08-10,2023-08-21,126.8166732788086,127.25116729736328
BALKRISIND,2023-08-10,2023-08-21,2339.294189453125,2361.3505859375
CGPOWER,2023-08-10,2023-08-21,399.44036865234375,421.034423828125
IOC,2023-08-21,2023-08-29,84.01930236816406,83.927978515625
PFC,2023-08-21,2023-08-29,202.1627349853516,202.12530517578125
SHRIRAMFIN,2023-08-21,2023-08-29,333.4704284667969,338.7170104980469
SUPREMEIND,2023-08-21,2023-08-29,4270.2392578125,4421.716796875
LUPIN,2023-08-21,2023-08-29,1081.6080322265625,1092.908447265625
LT,2023-08-21,2023-08-29,2641.485595703125,2697.743408203125
PFC,2023-08-29,2023-09-06,202.12530517578125,192.7676696777344
LT,2023-08-29,2023-09-06,2697.743408203125,2709.153564453125
BALKRISIND,2023-08-29,2023-09-06,2342.71435546875,2395.203125
DRREDDY,2023-08-29,2023-09-06,1138.0208740234375,1110.0863037109375
NCC,2023-08-29,2023-09-06,151.60020446777344,161.0348663330078
INDIGO,2023-08-29,2023-09-06,2485.39990234375,2461.89990234375
PFC,2023-09-06,2023-09-14,192.7676696777344,209.27456665039065
DRREDDY,2023-09-06,2023-09-14,1110.0863037109375,1142.1663818359375
NCC,2023-09-06,2023-09-14,161.0348663330078,145.79043579101562
LT,2023-09-06,2023-09-14,2709.153564453125,2895.836181640625
SUPREMEIND,2023-09-06,2023-09-14,4421.3193359375,4261.90380859375
LUPIN,2023-09-06,2023-09-14,1134.078125,1150.6055908203125
PFC,2023-09-14,2023-09-25,209.27456665039065,222.89930725097656
SUPREMEIND,2023-09-14,2023-09-25,4261.90380859375,4158.4052734375
DRREDDY,2023-09-14,2023-09-25,1142.1663818359375,1081.3465576171875
LT,2023-09-14,2023-09-25,2895.836181640625,2879.86181640625
LUPIN,2023-09-14,2023-09-25,1150.6055908203125,1105.7025146484375
SHRIRAMFIN,2023-09-14,2023-09-25,346.5233764648437,351.9779663085937
SHRIRAMFIN,2023-09-25,2023-10-04,351.9779663085937,334.8001403808594
SUPREMEIND,2023-09-25,2023-10-04,4158.4052734375,3924.46630859375
LUPIN,2023-09-25,2023-10-04,1105.7025146484375,1146.4736328125
LT,2023-09-25,2023-10-04,2879.86181640625,3004.134765625
NCC,2023-09-25,2023-10-04,147.8263397216797,155.8209686279297
BEL,2023-09-25,2023-10-04,134.48751831054688,136.70272827148438
NCC,2023-10-04,2023-10-12,155.8209686279297,164.0142364501953
SHRIRAMFIN,2023-10-04,2023-10-12,334.8001403808594,339.7752990722656
BEL,2023-10-04,2023-10-12,136.70272827148438,136.06277465820312
LT,2023-10-04,2023-10-12,3004.134765625,3057.713623046875
LUPIN,2023-10-04,2023-10-12,1146.4736328125,1167.73046875
OFSS,2023-10-04,2023-10-12,3918.442626953125,3974.041748046875
SHRIRAMFIN,2023-10-12,2023-10-20,339.7752990722656,339.5220031738281
BEL,2023-10-12,2023-10-20,136.06277465820312,132.12460327148438
LT,2023-10-12,2023-10-20,3057.713623046875,2988.85498046875
LUPIN,2023-10-12,2023-10-20,1167.73046875,1174.5008544921875
OFSS,2023-10-12,2023-10-20,3974.041748046875,3806.9052734375
DRREDDY,2023-10-12,2023-10-20,1099.5289306640625,1107.302734375
SHRIRAMFIN,2023-10-20,2023-10-31,339.5220031738281,340.0919189453125
DRREDDY,2023-10-20,2023-10-31,1107.302734375,1067.1903076171875
BEL,2023-10-20,2023-10-31,132.12460327148438,131.18930053710938
LT,2023-10-20,2023-10-31,2988.85498046875,2906.204833984375
LUPIN,2023-10-20,2023-10-31,1174.5008544921875,1123.2255859375
NCC,2023-10-20,2023-10-31,153.33816528320312,143.4565887451172
LT,2023-10-31,2023-11-08,2906.204833984375,2973.078857421875
SHRIRAMFIN,2023-10-31,2023-11-08,340.0919189453125,376.8635559082031
LUPIN,2023-10-31,2023-11-08,1123.2255859375,1205.8134765625
BEL,2023-10-31,2023-11-08,131.18930053710938,138.2287139892578
PFC,2023-10-31,2023-11-08,230.7597198486328,246.62095642089844
NTPC,2023-10-31,2023-11-08,226.3055114746093,229.3629608154297
PFC,2023-11-08,2023-11-17,246.62095642089844,295.9358215332031
SHRIRAMFIN,2023-11-08,2023-11-17,376.8635559082031,379.7476196289063
BEL,2023-11-08,2023-11-17,138.2287139892578,143.84060668945312
LT,2023-11-08,2023-11-17,2973.078857421875,3084.751220703125
LUPIN,2023-11-08,2023-11-17,1205.8134765625,1191.078125
NCC,2023-11-08,2023-11-17,155.17544555664062,160.53829956054688
SHRIRAMFIN,2023-11-17,2023-11-28,379.7476196289063,374.2079162597656
PFC,2023-11-17,2023-11-28,295.9358215332031,304.2277526855469
LUPIN,2023-11-17,2023-11-28,1191.078125,1239.5157470703125
LT,2023-11-17,2023-11-28,3084.751220703125,3026.21142578125
DRREDDY,2023-11-17,2023-11-28,1115.703125,1128.4774169921875
LTF,2023-11-17,2023-11-28,139.20973205566406,142.76025390625
PFC,2023-11-28,2023-12-06,304.2277526855469,359.3219299316406
SHRIRAMFIN,2023-11-28,2023-12-06,374.2079162597656,391.3410949707031
DRREDDY,2023-11-28,2023-12-06,1128.4774169921875,1139.3231201171875
LT,2023-11-28,2023-12-06,3026.21142578125,3365.841552734375
LUPIN,2023-11-28,2023-12-06,1239.5157470703125,1238.0721435546875
TORNTPHARM,2023-11-28,2023-12-06,2041.5306396484373,2042.4635009765625
SHRIRAMFIN,2023-12-06,2023-12-14,391.3410949707031,403.2581787109375
TORNTPHARM,2023-12-06,2023-12-14,2042.4635009765625,2065.490966796875
DRREDDY,2023-12-06,2023-12-14,1139.3231201171875,1108.1080322265625
LT,2023-12-06,2023-12-14,3365.841552734375,3406.323486328125
LUPIN,2023-12-06,2023-12-14,1238.0721435546875,1250.865966796875
NBCC,2023-12-06,2023-12-14,51.42926025390625,54.36148834228516
SHRIRAMFIN,2023-12-14,2023-12-22,403.2581787109375,391.2934875488281
TORNTPHARM,2023-12-14,2023-12-22,2065.490966796875,2182.444580078125
DRREDDY,2023-12-14,2023-12-22,1108.1080322265625,1118.9140625
LT,2023-12-14,2023-12-22,3406.323486328125,3450.823486328125
LUPIN,2023-12-14,2023-12-22,1250.865966796875,1259.5777587890625
INDIGO,2023-12-14,2023-12-22,2980.199951171875,2871.39990234375
SHRIRAMFIN,2023-12-22,2024-01-02,391.2934875488281,379.87200927734375
TORNTPHARM,2023-12-22,2024-01-02,2182.444580078125,2280.34765625
DRREDDY,2023-12-22,2024-01-02,1118.9140625,1150.469482421875
LUPIN,2023-12-22,2024-01-02,1259.5777587890625,1388.2635498046875
ANGELONE,2023-12-22,2024-01-02,3249.66455078125,3507.52197265625
MUTHOOTFIN,2023-12-22,2024-01-02,1453.9515380859375,1433.843994140625
MUTHOOTFIN,2024-01-02,2024-01-10,1433.843994140625,1454.197998046875
SHRIRAMFIN,2024-01-02,2024-01-10,379.87200927734375,402.3175659179688
DRREDDY,2024-01-02,2024-01-10,1150.469482421875,1123.3712158203125
LUPIN,2024-01-02,2024-01-10,1388.2635498046875,1399.1160888671875
AUROPHARMA,2024-01-02,2024-01-10,1090.3763427734375,1121.3817138671875
LTF,2024-01-02,2024-01-10,160.1183319091797,163.47158813476562
SHRIRAMFIN,2024-01-10,2024-01-18,402.3175659179688,422.04046630859375
DRREDDY,2024-01-10,2024-01-18,1123.3712158203125,1096.729248046875
LTF,2024-01-10,2024-01-18,163.47158813476562,164.16195678710938
MUTHOOTFIN,2024-01-10,2024-01-18,1454.197998046875,1360.5107421875
LUPIN,2024-01-10,2024-01-18,1399.1160888671875,1419.427001953125
NBCC,2024-01-10,2024-01-18,61.05656433105469,57.55818939208984
SHRIRAMFIN,2024-01-18,2024-01-30,422.04046630859375,459.00689697265625
LUPIN,2024-01-18,2024-01-30,1419.427001953125,1461.741455078125
LTF,2024-01-18,2024-01-30,164.16195678710938,165.493408203125
BAJAJ-AUTO,2024-01-18,2024-01-30,7026.49365234375,7505.4013671875
COLPAL,2024-01-18,2024-01-30,2451.9296875,2447.31103515625
LT,2024-01-18,2024-01-30,3567.952880859375,3604.9619140625
BAJAJ-AUTO,2024-01-30,2024-02-07,7505.4013671875,7639.80908203125
COLPAL,2024-01-30,2024-02-07,2447.31103515625,2506.9091796875
LUPIN,2024-01-30,2024-02-07,1461.741455078125,1587.3409423828125
LTF,2024-01-30,2024-02-07,165.493408203125,173.82725524902344
JSL,2024-01-30,2024-02-07,569.39990234375,626.25537109375
DRREDDY,2024-01-30,2024-02-07,1133.8048095703125,1199.5704345703125
JSL,2024-02-07,2024-02-15,626.25537109375,596.6825561523438
LUPIN,2024-02-07,2024-02-15,1587.3409423828125,1598.0936279296875
LTF,2024-02-07,2024-02-15,173.82725524902344,169.24118041992188
LT,2024-02-07,2024-02-15,3368.22265625,3274.55908203125
NTPC,2024-02-07,2024-02-15,323.5781555175781,331.9440002441406
HEROMOTOCO,2024-02-07,2024-02-15,4567.291015625,4589.77734375
LTF,2024-02-15,2024-02-23,169.24118041992188,169.24118041992188
JSL,2024-02-15,2024-02-23,596.6825561523438,640.0459594726562
LUPIN,2024-02-15,2024-02-23,1598.0936279296875,1607.900634765625
HEROMOTOCO,2024-02-15,2024-02-23,4589.77734375,4376.50390625
SHRIRAMFIN,2024-02-15,2024-02-23,466.01995849609375,467.5207824707031
PFC,2024-02-15,2024-02-23,420.9189453125,402.3879089355469
LTF,2024-02-23,2024-03-04,169.24118041992188,171.90406799316406
PFC,2024-02-23,2024-03-04,402.3879089355469,410.8177185058594
LUPIN,2024-02-23,2024-03-04,1607.900634765625,1662.56103515625
HEROMOTOCO,2024-02-23,2024-03-04,4376.50390625,4466.0341796875
AUROPHARMA,2024-02-23,2024-03-04,1043.800048828125,1090.9000244140625
TORNTPHARM,2024-02-23,2024-03-04,2601.139892578125,2664.412109375
LTF,2024-03-04,2024-03-13,171.90406799316406,145.5710906982422
PFC,2024-03-04,2024-03-13,410.8177185058594,387.47747802734375
LUPIN,2024-03-04,2024-03-13,1662.56103515625,1596.500732421875
HEROMOTOCO,2024-03-04,2024-03-13,4466.0341796875,4369.580078125
SHRIRAMFIN,2024-03-04,2024-03-13,467.7214660644531,443.8049011230469
JSL,2024-03-04,2024-03-13,678.978515625,616.0990600585938
SHRIRAMFIN,2024-03-13,2024-03-21,443.8049011230469,441.7784118652344
LUPIN,2024-03-13,2024-03-21,1596.500732421875,1604.6151123046875
HEROMOTOCO,2024-03-13,2024-03-21,4369.580078125,4377.1337890625
ONGC,2024-03-13,2024-03-21,242.4888610839844,249.70611572265625
COLPAL,2024-03-13,2024-03-21,2527.79052734375,2632.689453125
NTPC,2024-03-13,2024-03-21,315.55474853515625,318.0009155273437
SHRIRAMFIN,2024-03-21,2024-04-02,441.7784118652344,471.43994140625
ONGC,2024-03-21,2024-04-02,249.70611572265625,258.77508544921875
LUPIN,2024-03-21,2024-04-02,1604.6151123046875,1602.872802734375
JSL,2024-03-21,2024-04-02,677.7836303710938,712.7332153320312
POWERGRID,2024-03-21,2024-04-02,264.5568542480469,270.1620788574219
LT,2024-03-21,2024-04-02,3532.233642578125,3777.703857421875
SHRIRAMFIN,2024-04-02,2024-04-10,471.43994140625,483.3121948242188
ONGC,2024-04-02,2024-04-10,258.77508544921875,258.3002624511719
POWERGRID,2024-04-02,2024-04-10,270.1620788574219,273.06134033203125
LUPIN,2024-04-02,2024-04-10,1602.872802734375,1597.5958251953125
AUROPHARMA,2024-04-02,2024-04-10,1101.449951171875,1108.6500244140625
TITAN,2024-04-02,2024-04-10,3743.7001953125,3699.09619140625
SHRIRAMFIN,2024-04-10,2024-04-22,483.3121948242188,463.5442199707031
AUROPHARMA,2024-04-10,2024-04-22,1108.6500244140625,1076.25
POWERGRID,2024-04-10,2024-04-22,273.06134033203125,274.1243896484375
LUPIN,2024-04-10,2024-04-22,1597.5958251953125,1596.6500244140625
BAJAJ-AUTO,2024-04-10,2024-04-22,8932.94921875,8724.8408203125
OIL,2024-04-10,2024-04-22,409.8438720703125,387.078369140625
BAJAJ-AUTO,2024-04-22,2024-04-30,8724.8408203125,8831.87109375
OIL,2024-04-22,2024-04-30,387.078369140625,402.2229309082031
POWERGRID,2024-04-22,2024-04-30,274.1243896484375,291.7132263183594
LUPIN,2024-04-22,2024-04-30,1596.6500244140625,1638.715576171875
JSL,2024-04-22,2024-04-30,709.5967407226562,703.921142578125
UNIONBANK,2024-04-22,2024-04-30,146.72189331054688,150.22918701171875
OIL,2024-04-30,2024-05-09,402.2229309082031,400.4069213867188
POWERGRID,2024-04-30,2024-05-09,291.7132263183594,286.2046203613281
BAJAJ-AUTO,2024-04-30,2024-05-09,8831.87109375,8775.5283203125
UNIONBANK,2024-04-30,2024-05-09,150.22918701171875,138.44078063964844
JSL,2024-04-30,2024-05-09,703.921142578125,676.5887451171875
LUPIN,2024-04-30,2024-05-09,1638.715576171875,1577.0360107421875
POWERGRID,2024-05-09,2024-05-17,286.2046203613281,302.6337585449219
JSL,2024-05-09,2024-05-17,676.5887451171875,704.0704956054688
OIL,2024-05-09,2024-05-17,400.4069213867188,414.6759033203125
LUPIN,2024-05-09,2024-05-17,1577.0360107421875,1644.5400390625
AUROPHARMA,2024-05-09,2024-05-17,1115.300048828125,1165.050048828125
NTPC,2024-05-09,2024-05-17,338.5975646972656,357.57977294921875
AUROPHARMA,2024-05-17,2024-05-28,1165.050048828125,1221.0
POWERGRID,2024-05-17,2024-05-28,302.6337585449219,302.2954406738281
OIL,2024-05-17,2024-05-28,414.6759033203125,423.3669738769531
JSL,2024-05-17,2024-05-28,704.0704956054688,711.0404663085938
HINDALCO,2024-05-17,2024-05-28,651.7140502929688,677.4166870117188
LICHSGFIN,2024-05-17,2024-05-28,643.4002685546875,636.8873901367188
LICHSGFIN,2024-05-28,2024-06-05,636.8873901367188,614.092041015625
POWERGRID,2024-05-28,2024-06-05,302.2954406738281,288.7655944824219
AUROPHARMA,2024-05-28,2024-06-05,1221.0,1266.4000244140625
OIL,2024-05-28,2024-06-05,423.3669738769531,376.5063781738281
BAJAJ-AUTO,2024-05-28,2024-06-05,8917.2763671875,9524.8388671875
HEROMOTOCO,2024-05-28,2024-06-05,5020.208984375,5479.76953125
BAJAJ-AUTO,2024-06-05,2024-06-13,9524.8388671875,9843.400390625
POWERGRID,2024-06-05,2024-06-13,288.7655944824219,310.655029296875
HEROMOTOCO,2024-06-05,2024-06-13,5479.76953125,5632.294921875
SIEMENS,2024-06-05,2024-06-13,6514.75048828125,7381.361328125
HAVELLS,2024-06-05,2024-06-13,1788.2513427734375,1833.8353271484373
BOSCHLTD,2024-06-05,2024-06-13,30717.763671875,32276.2890625
HAVELLS,2024-06-13,2024-06-24,1833.8353271484373,1906.999267578125
POWERGRID,2024-06-13,2024-06-24,310.655029296875,321.7688293457031
HEROMOTOCO,2024-06-13,2024-06-24,5632.294921875,5349.9541015625
SIEMENS,2024-06-13,2024-06-24,7381.361328125,7578.3046875
BAJAJ-AUTO,2024-06-13,2024-06-24,9843.400390625,9745.25
MCX,2024-06-13,2024-06-24,3875.39453125,3823.363037109375
BAJAJ-AUTO,2024-06-24,2024-07-02,9745.25,9401.25
HAVELLS,2024-06-24,2024-07-02,1906.999267578125,1810.095703125
POWERGRID,2024-06-24,2024-07-02,321.7688293457031,319.69097900390625
HEROMOTOCO,2024-06-24,2024-07-02,5349.9541015625,5391.2568359375
AUROPHARMA,2024-06-24,2024-07-02,1218.6500244140625,1213.050048828125
OIL,2024-06-24,2024-07-02,453.3966674804688,472.1896057128906
BAJAJ-AUTO,2024-07-02,2024-07-10,9401.25,9542.4501953125
AUROPHARMA,2024-07-02,2024-07-10,1213.050048828125,1337.0999755859375
POWERGRID,2024-07-02,2024-07-10,319.69097900390625,334.42889404296875
HEROMOTOCO,2024-07-02,2024-07-10,5391.2568359375,5334.74951171875
HINDALCO,2024-07-02,2024-07-10,690.7900390625,689.3482666015625
TORNTPHARM,2024-07-02,2024-07-10,2797.81982421875,2928.897216796875
AUROPHARMA,2024-07-10,2024-07-19,1337.0999755859375,1330.800048828125
POWERGRID,2024-07-10,2024-07-19,334.42889404296875,321.04400634765625
HEROMOTOCO,2024-07-10,2024-07-19,5334.74951171875,5256.26025390625
TORNTPHARM,2024-07-10,2024-07-19,2928.897216796875,2923.5390625
BAJAJ-AUTO,2024-07-10,2024-07-19,9542.4501953125,9386.0498046875
OIL,2024-07-10,2024-07-19,498.9438781738281,555.6143798828125
POWERGRID,2024-07-19,2024-07-29,321.04400634765625,330.8531188964844
AUROPHARMA,2024-07-19,2024-07-29,1330.800048828125,1405.0
OIL,2024-07-19,2024-07-29,555.6143798828125,564.6622924804688
HEROMOTOCO,2024-07-19,2024-07-29,5256.26025390625,5253.015625
HINDALCO,2024-07-19,2024-07-29,659.2210083007812,663.0490112304688
LTF,2024-07-19,2024-07-29,175.9499969482422,179.5399932861328
HINDALCO,2024-07-29,2024-08-06,663.0490112304688,606.8213500976562
LTF,2024-07-29,2024-08-06,179.5399932861328,167.22999572753906
OIL,2024-07-29,2024-08-06,564.6622924804688,555.8090209960938
HEROMOTOCO,2024-07-29,2024-08-06,5253.015625,5047.1630859375
SIEMENS,2024-07-29,2024-08-06,7081.72998046875,6578.31884765625
BOSCHLTD,2024-07-29,2024-08-06,34936.05078125,32699.400390625
OIL,2024-08-06,2024-08-14,555.8090209960938,641.0337524414062
POWERGRID,2024-08-06,2024-08-14,329.3068542480469,322.3003234863281
MUTHOOTFIN,2024-08-06,2024-08-14,1787.949951171875,1816.449951171875
BAJAJ-AUTO,2024-08-06,2024-08-14,9427.400390625,9749.599609375
TRENT,2024-08-06,2024-08-14,5220.7001953125,6438.35009765625
VOLTAS,2024-08-06,2024-08-14,1463.300048828125,1550.300048828125
TRENT,2024-08-14,2024-08-23,6438.35009765625,6948.75
VOLTAS,2024-08-14,2024-08-23,1550.300048828125,1690.550048828125
OIL,2024-08-14,2024-08-23,641.0337524414062,663.2640991210938
SIEMENS,2024-08-14,2024-08-23,7025.54541015625,7007.6826171875
HAVELLS,2024-08-14,2024-08-23,1841.2664794921875,1879.8682861328125
OFSS,2024-08-14,2024-08-23,10632.150390625,10931.5
SIEMENS,2024-08-23,2024-09-02,7007.6826171875,6765.63232421875
HAVELLS,2024-08-23,2024-09-02,1879.8682861328125,1880.616455078125
OIL,2024-08-23,2024-09-02,663.2640991210938,708.9725952148438
VOLTAS,2024-08-23,2024-09-02,1690.550048828125,1769.6500244140625
HAL,2024-08-23,2024-09-02,4788.06103515625,4654.2802734375
BOSCHLTD,2024-08-23,2024-09-02,32600.150390625,32327.599609375
VOLTAS,2024-09-02,2024-09-10,1769.6500244140625,1830.0999755859373
HAVELLS,2024-09-02,2024-09-10,1880.616455078125,1917.5723876953125
OIL,2024-09-02,2024-09-10,708.9725952148438,594.414306640625
OFSS,2024-09-02,2024-09-10,10937.75,11257.2998046875
AUROPHARMA,2024-09-02,2024-09-10,1553.949951171875,1518.4000244140625
BEL,2024-09-02,2024-09-10,296.8999938964844,285.75
HAVELLS,2024-09-10,2024-09-18,1917.5723876953125,1982.756591796875
AUROPHARMA,2024-09-10,2024-09-18,1518.4000244140625,1539.1500244140625
OIL,2024-09-10,2024-09-18,594.414306640625,580.8450317382812
VOLTAS,2024-09-10,2024-09-18,1830.0999755859373,1889.4000244140625
OFSS,2024-09-10,2024-09-18,11257.2998046875,11259.5
BOSCHLTD,2024-09-10,2024-09-18,33534.0,34363.8984375
HAVELLS,2024-09-18,2024-09-26,1982.756591796875,2016.919677734375
OIL,2024-09-18,2024-09-26,580.8450317382812,550.7777709960938
BOSCHLTD,2024-09-18,2024-09-26,34363.8984375,37141.8984375
VOLTAS,2024-09-18,2024-09-26,1889.4000244140625,1857.550048828125
OFSS,2024-09-18,2024-09-26,11259.5,11279.650390625
M&M,2024-09-18,2024-09-26,2808.199951171875,3181.10009765625
VOLTAS,2024-09-26,2024-10-07,1857.550048828125,1757.199951171875
HAVELLS,2024-09-26,2024-10-07,2016.919677734375,1909.7423095703125
M&M,2024-09-26,2024-10-07,3181.10009765625,3060.199951171875
OFSS,2024-09-26,2024-10-07,11279.650390625,10944.400390625
SIEMENS,2024-09-26,2024-10-07,7062.66943359375,6983.73193359375
AUROPHARMA,2024-09-26,2024-10-07,1515.300048828125,1466.5999755859375
HAVELLS,2024-10-07,2024-10-15,1909.7423095703125,1929.791259765625
SIEMENS,2024-10-07,2024-10-15,6983.73193359375,7853.83544921875
M&M,2024-10-07,2024-10-15,3060.199951171875,3155.800048828125
VOLTAS,2024-10-07,2024-10-15,1757.199951171875,1811.0999755859373
OFSS,2024-10-07,2024-10-15,10944.400390625,11817.2998046875
BOSCHLTD,2024-10-07,2024-10-15,36784.30078125,38703.1484375
HAVELLS,2024-10-15,2024-10-23,1929.791259765625,1745.3604736328125
BOSCHLTD,2024-10-15,2024-10-23,38703.1484375,36255.80078125
M&M,2024-10-15,2024-10-23,3155.800048828125,2793.5
VOLTAS,2024-10-15,2024-10-23,1811.0999755859373,1795.6500244140625
OFSS,2024-10-15,2024-10-23,11817.2998046875,11214.150390625
BHARTIARTL,2024-10-15,2024-10-23,1717.25,1685.800048828125
VOLTAS,2024-10-23,2024-10-31,1795.6500244140625,1649.5
BHARTIARTL,2024-10-23,2024-10-31,1685.800048828125,1612.5999755859375
BOSCHLTD,2024-10-23,2024-10-31,36255.80078125,35121.6015625
OFSS,2024-10-23,2024-10-31,11214.150390625,10886.5
TRENT,2024-10-23,2024-10-31,7511.2998046875,7128.35009765625
MUTHOOTFIN,2024-10-23,2024-10-31,1925.050048828125,1930.449951171875
TRENT,2024-10-31,2024-11-08,7128.35009765625,6298.9501953125
MUTHOOTFIN,2024-10-31,2024-11-08,1930.449951171875,1804.550048828125
ANGELONE,2024-10-31,2024-11-08,3038.627197265625,2835.892578125
EICHERMOT,2024-10-31,2024-11-08,4894.64990234375,4785.25
SUNPHARMA,2024-10-31,2024-11-08,1837.8240966796875,1798.7593994140625
NATIONALUM,2024-10-31,2024-11-08,218.9956817626953,230.14198303222656
EICHERMOT,2024-11-08,2024-11-19,4785.25,4965.4501953125
SIEMENS,2024-11-08,2024-11-19,7159.5693359375,6631.95849609375
M&M,2024-11-08,2024-11-19,2974.89990234375,2948.949951171875
GRANULES,2024-11-08,2024-11-19,584.5,552.6500244140625
VOLTAS,2024-11-08,2024-11-19,1766.0,1686.75
OFSS,2024-11-08,2024-11-19,11518.150390625,11169.0498046875
EICHERMOT,2024-11-19,2024-11-28,4965.4501953125,4815.7001953125
M&M,2024-11-19,2024-11-28,2948.949951171875,2898.699951171875
OFSS,2024-11-19,2024-11-28,11169.0498046875,11658.099609375
HDFCBANK,2024-11-19,2024-11-28,1742.25,1793.1500244140625
COFORGE,2024-11-19,2024-11-28,8098.86865234375,8642.2353515625
NATIONALUM,2024-11-19,2024-11-28,231.5099639892578,239.90103149414065
HDFCBANK,2024-11-28,2024-12-06,1793.1500244140625,1855.8499755859373
EICHERMOT,2024-11-28,2024-12-06,4815.7001953125,4877.0498046875
M&M,2024-11-28,2024-12-06,2898.699951171875,3073.0
OFSS,2024-11-28,2024-12-06,11658.099609375,12579.5
MUTHOOTFIN,2024-11-28,2024-12-06,1911.949951171875,1951.550048828125
GRANULES,2024-11-28,2024-12-06,583.6500244140625,575.6500244140625
HDFCBANK,2024-12-06,2024-12-16,1855.8499755859373,1865.199951171875
MUTHOOTFIN,2024-12-06,2024-12-16,1951.550048828125,2119.199951171875
M&M,2024-12-06,2024-12-16,3073.0,3084.85009765625
OFSS,2024-12-06,2024-12-16,12579.5,12456.0
VOLTAS,2024-12-06,2024-12-16,1710.9000244140625,1808.0999755859373
NATIONALUM,2024-12-06,2024-12-16,243.0733184814453,215.3156280517578
HDFCBANK,2024-12-16,2024-12-24,1865.199951171875,1798.0999755859375
MUTHOOTFIN,2024-12-16,2024-12-24,2119.199951171875,2035.0
OFSS,2024-12-16,2024-12-24,12456.0,12299.5
COFORGE,2024-12-16,2024-12-24,9264.53125,9373.2939453125
GRANULES,2024-12-16,2024-12-24,584.0999755859375,596.8499755859375
EICHERMOT,2024-12-16,2024-12-24,4838.5,4792.89990234375
COFORGE,2024-12-24,2025-01-02,9373.2939453125,9675.5869140625
GRANULES,2024-12-24,2025-01-02,596.8499755859375,608.5999755859375
MUTHOOTFIN,2024-12-24,2025-01-02,2035.0,2256.89990234375
OFSS,2024-12-24,2025-01-02,12299.5,12648.349609375
TECHM,2024-12-24,2025-01-02,1704.9000244140625,1726.949951171875
JUBLFOOD,2024-12-24,2025-01-02,704.1500244140625,756.1500244140625
COFORGE,2025-01-02,2025-01-10,9675.5869140625,9383.7216796875
TECHM,2025-01-02,2025-01-10,1726.949951171875,1705.5999755859375
JUBLFOOD,2025-01-02,2025-01-10,756.1500244140625,737.0
MUTHOOTFIN,2025-01-02,2025-01-10,2256.89990234375,2136.550048828125
OFSS,2025-01-02,2025-01-10,12648.349609375,11451.349609375
EICHERMOT,2025-01-02,2025-01-10,5308.10009765625,5058.4501953125
COFORGE,2025-01-10,2025-01-20,9383.7216796875,8643.283203125
MUTHOOTFIN,2025-01-10,2025-01-20,2136.550048828125,2142.199951171875
TECHM,2025-01-10,2025-01-20,1705.5999755859375,1674.5999755859375
JUBLFOOD,2025-01-10,2025-01-20,737.0,694.5499877929688
GRANULES,2025-01-10,2025-01-20,593.5999755859375,597.75
M&M,2025-01-10,2025-01-20,3092.85009765625,2888.10009765625
MUTHOOTFIN,2025-01-20,2025-01-28,2142.199951171875,2135.89990234375
GRANULES,2025-01-20,2025-01-28,597.75,516.4000244140625
JUBLFOOD,2025-01-20,2025-01-28,694.5499877929688,666.25
EICHERMOT,2025-01-20,2025-01-28,5016.75,5105.39990234375
BHARTIARTL,2025-01-20,2025-01-28,1641.1500244140625,1618.3499755859375
PERSISTENT,2025-01-20,2025-01-28,6070.78662109375,5890.783203125
EICHERMOT,2025-01-28,2025-02-04,5105.39990234375,5450.10009765625
MUTHOOTFIN,2025-01-28,2025-02-04,2135.89990234375,2239.0
BHARTIARTL,2025-01-28,2025-02-04,1618.3499755859375,1661.449951171875
WIPRO,2025-01-28,2025-02-04,303.6000061035156,316.25
TORNTPHARM,2025-01-28,2025-02-04,3289.136474609375,3103.050048828125
KOTAKBANK,2025-01-28,2025-02-04,1887.75,1928.5
MUTHOOTFIN,2025-02-04,2025-02-12,2239.0,2182.85009765625
INFY,2025-02-04,2025-02-12,1898.800048828125,1863.1500244140625
M&M,2025-02-04,2025-02-12,3189.050048828125,2987.199951171875
JUBLFOOD,2025-02-04,2025-02-12,724.2999877929688,641.0
PERSISTENT,2025-02-04,2025-02-12,6111.89990234375,5705.2001953125
INDHOTEL,2025-02-04,2025-02-12,828.2000122070312,731.2000122070312
MUTHOOTFIN,2025-02-12,2025-02-20,2182.85009765625,2276.25
MARUTI,2025-02-12,2025-02-20,12655.5498046875,12440.650390625
DIVISLAB,2025-02-12,2025-02-20,5969.85009765625,5978.2998046875
WIPRO,2025-02-12,2025-02-20,310.20001220703125,313.29998779296875
KOTAKBANK,2025-02-12,2025-02-20,1943.949951171875,1970.550048828125
BHARTIARTL,2025-02-12,2025-02-20,1711.550048828125,1643.5
DIVISLAB,2025-02-20,2025-03-03,5978.2998046875,5540.25
WIPRO,2025-02-20,2025-03-03,313.29998779296875,283.54998779296875
KOTAKBANK,2025-02-20,2025-03-03,1970.550048828125,1914.5999755859373
MUTHOOTFIN,2025-02-20,2025-03-03,2276.25,2146.300048828125
BHARTIARTL,2025-02-20,2025-03-03,1643.5,1595.800048828125
JUBLFOOD,2025-02-20,2025-03-03,713.4000244140625,633.3499755859375
MUTHOOTFIN,2025-03-03,2025-03-11,2146.300048828125,2184.60009765625
KOTAKBANK,2025-03-03,2025-03-11,1914.5999755859373,1935.199951171875
UPL,2025-03-03,2025-03-11,616.7000122070312,615.0499877929688
SHRIRAMFIN,2025-03-03,2025-03-11,621.2999877929688,638.25
MANAPPURAM,2025-03-03,2025-03-11,199.1000061035156,201.4199981689453
CHOLAFIN,2025-03-03,2025-03-11,1419.75,1448.75
MUTHOOTFIN,2025-03-11,2025-03-20,2184.60009765625,2374.75
CHOLAFIN,2025-03-11,2025-03-20,1448.75,1493.199951171875
KOTAKBANK,2025-03-11,2025-03-20,1935.199951171875,2035.6500244140625
VEDL,2025-03-11,2025-03-20,441.5499877929688,470.75
SRF,2025-03-11,2025-03-20,2921.25,2993.10009765625
BHARTIARTL,2025-03-11,2025-03-20,1662.949951171875,1705.25
MUTHOOTFIN,2025-03-20,2025-03-28,2374.75,2382.89990234375
BHARTIARTL,2025-03-20,2025-03-28,1705.25,1733.4000244140625
HINDALCO,2025-03-20,2025-03-28,705.9500122070312,682.4500122070312
INDHOTEL,2025-03-20,2025-03-28,816.0999755859375,787.5499877929688
DIVISLAB,2025-03-20,2025-03-28,5822.10009765625,5775.4501953125
HDFCBANK,2025-03-20,2025-03-28,1768.75,1828.199951171875
MUTHOOTFIN,2025-03-28,2025-04-08,2382.89990234375,2264.931396484375
BHARTIARTL,2025-03-28,2025-04-08,1733.4000244140625,1720.4000244140625
INDHOTEL,2025-03-28,2025-04-08,787.5499877929688,773.5999755859375
COFORGE,2025-03-28,2025-04-08,8109.2001953125,6472.60009765625
EICHERMOT,2025-03-28,2025-04-08,5347.7001953125,5231.35009765625
TATASTEEL,2025-03-28,2025-04-08,154.24000549316406,130.27999877929688
EICHERMOT,2025-04-08,2025-04-21,5231.35009765625,5810.5
MUTHOOTFIN,2025-04-08,2025-04-21,2264.931396484375,2176.9580078125
BHARTIARTL,2025-04-08,2025-04-21,1720.4000244140625,1883.4000244140625
SOLARINDS,2025-04-08,2025-04-21,10930.75,12475.0
HDFCLIFE,2025-04-08,2025-04-21,685.75,712.2000122070312
KOTAKBANK,2025-04-08,2025-04-21,2055.14990234375,2241.39990234375
SOLARINDS,2025-04-21,2025-04-29,12475.0,13452.0
EICHERMOT,2025-04-21,2025-04-29,5810.5,5579.0
MANAPPURAM,2025-04-21,2025-04-29,233.33999633789065,232.0500030517578
INDHOTEL,2025-04-21,2025-04-29,836.0499877929688,790.1500244140625
DIVISLAB,2025-04-21,2025-04-29,5891.5,6108.0
BEL,2025-04-21,2025-04-29,299.95001220703125,317.1000061035156
EICHERMOT,2025-04-29,2025-05-08,5579.0,5372.5
MANAPPURAM,2025-04-29,2025-05-08,232.0500030517578,227.8600006103516
INDHOTEL,2025-04-29,2025-05-08,790.1500244140625,750.0
BHARTIARTL,2025-04-29,2025-05-08,1823.800048828125,1874.9000244140625
CHOLAFIN,2025-04-29,2025-05-08,1484.5,1531.5
JUBLFOOD,2025-04-29,2025-05-08,708.2999877929688,671.8499755859375
EICHERMOT,2025-05-08,2025-05-16,5372.5,5509.5
BHARTIARTL,2025-05-08,2025-05-16,1874.9000244140625,1814.0
MARUTI,2025-05-08,2025-05-16,12392.0,12995.0
MUTHOOTFIN,2025-05-08,2025-05-16,2221.89990234375,2104.800048828125
SOLARINDS,2025-05-08,2025-05-16,13118.0,14025.0
LODHA,2025-05-08,2025-05-16,1287.800048828125,1394.800048828125
EICHERMOT,2025-05-16,2025-05-26,5509.5,5427.5
BHARTIARTL,2025-05-16,2025-05-26,1814.0,1847.4000244140625
HDFCBANK,2025-05-16,2025-05-26,1934.699951171875,1940.199951171875
CHOLAFIN,2025-05-16,2025-05-26,1619.300048828125,1644.800048828125
KOTAKBANK,2025-05-16,2025-05-26,2108.199951171875,2089.300048828125
APOLLOHOSP,2025-05-16,2025-05-26,7015.0,7096.5
HDFCBANK,2025-05-26,,1940.199951171875,
CHOLAFIN,2025-05-26,,1644.800048828125,
EICHERMOT,2025-05-26,,5427.5,
KOTAKBANK,2025-05-26,,2089.300048828125,
BHARTIARTL,2025-05-26,,1847.4000244140625,
BEL,2025-05-26,,384.5499877929688,
