Date,AccountValue,StockList,SymbolAtLoss_1,Loss_1,SymbolAtLoss_2,Loss_2,SymbolAtLoss_3,Loss_3,SymbolAtGain_1,Gain_1,SymbolAtGain_2,Gain_2,SymbolAtGain_3,Gain_3,SymbolAtGain_4,Gain_4,SymbolAtGain_5,Gain_5,SymbolAtLoss_4,Loss_4,SymbolAtLoss_5,Loss_5,SymbolAtLoss_6,Loss_6,SymbolAtGain_6,Gain_6
2015-05-28,999000.8328806958,"['AUROPHARMA', 'INDUSINDBK', 'MARUTI', 'SIEMENS', 'TORNTPHARM', 'SOLARINDS']",,,,,,,,,,,,,,,,,,,,,,,,
2015-06-05,992815.79043667,"['AUROPHARMA', 'EICHERMOT', 'SIEMENS', 'TORNTPHARM', 'LUPIN', 'MARUTI']",INDUSINDBK,-2.4377379457853046,TORNTPHARM,-0.5892439350277139,SIEMENS,-2.541182946659574,AUROPHARMA,0.5942103105724373,MARUTI,1.3629215585573748,,,,,,,,,,,,,,
2015-06-15,991061.0823851968,"['EICHERMOT', 'TORNTPHARM', 'MARUTI', 'SOLARINDS', 'BRITANNIA', 'MARICO']",AUROPHARMA,-2.6049737614585413,SIEMENS,-2.478003501917507,LUPIN,-3.6446070577745577,TORNTPHARM,4.358132688186435,MARUTI,0.21147959879576458,EICHERMOT,3.655187208981169,,,,,,,,,,,,
2015-06-23,1049005.1415402312,"['AUROPHARMA', 'BRITANNIA', 'EICHERMOT', 'SIEMENS', 'SOLARINDS', 'PAGEIND']",,,,,,,BRITANNIA,4.405012542140652,EICHERMOT,6.9305959061475395,SOLARINDS,5.731708060185337,,,,,,,,,,,,
2015-07-01,1063670.162180907,"['AUROPHARMA', 'BRITANNIA', 'INDUSINDBK', 'SOLARINDS', 'PAGEIND', 'EICHERMOT']",SIEMENS,-0.6035614181240896,BRITANNIA,-0.2610920310924352,SOLARINDS,-2.483282509903365,AUROPHARMA,4.903467709471505,PAGEIND,1.042309653022349,EICHERMOT,5.5794896371352785,,,,,,,,,,,,
2015-07-09,1073831.3924628536,"['AUROPHARMA', 'SOLARINDS', 'BRITANNIA', 'EICHERMOT', 'TORNTPHARM', 'CONCOR']",PAGEIND,-2.412703148431188,AUROPHARMA,-0.9969879940777332,,,BRITANNIA,3.380874324097775,EICHERMOT,1.4192388414235677,SOLARINDS,3.1487264446072,,,,,,,,,,,,
2015-07-17,1110499.660427746,"['AUROPHARMA', 'BRITANNIA', 'EICHERMOT', 'TORNTPHARM', 'SOLARINDS', 'DABUR']",,,,,,,AUROPHARMA,4.5454332022163175,TORNTPHARM,3.21613980075336,BRITANNIA,1.9317290905901392,EICHERMOT,2.2258838828415275,SOLARINDS,6.457979274218487,,,,,,,,
2015-07-27,1090987.4150572636,"['AUROPHARMA', 'EICHERMOT', 'INDUSINDBK', 'MARUTI', 'SOLARINDS', 'BRITANNIA']",AUROPHARMA,-2.513678947204734,EICHERMOT,-8.30638102938436,SOLARINDS,-6.667984195667144,BRITANNIA,2.4264299115887953,,,,,,,,,,,,,,,,
2015-08-04,1133147.7287144195,"['AUROPHARMA', 'EICHERMOT', 'BRITANNIA', 'CHOLAFIN', 'DABUR', 'SIEMENS']",,,,,,,AUROPHARMA,2.084466291509733,BRITANNIA,8.310038246152288,EICHERMOT,4.290641939589576,,,,,,,,,,,,
2015-08-12,1127331.9404334053,"['AUROPHARMA', 'EICHERMOT', 'BHARATFORG', 'BRITANNIA', 'DABUR', 'SIEMENS']",CHOLAFIN,-5.654732706995278,AUROPHARMA,-1.332555491284147,SIEMENS,-2.6657997745488755,BRITANNIA,6.022381701479394,DABUR,2.1218322563337164,,,,,,,EICHERMOT,-1.6302388777599839,,,,,,
2015-08-20,1153789.1644039531,"['AUROPHARMA', 'BRITANNIA', 'DABUR', 'EICHERMOT', 'INDUSINDBK', 'LUPIN']",SIEMENS,-1.4651426418272613,DABUR,-0.2513438476698529,BRITANNIA,-4.232393652523705,AUROPHARMA,7.35066747871838,EICHERMOT,5.886383283586153,,,,,,,,,,,,,,
2015-08-28,1076421.6804595648,"['AUROPHARMA', 'BRITANNIA', 'TATAELXSI', 'LUPIN', 'OFSS', 'BHARATFORG']",INDUSINDBK,-9.060187326029027,DABUR,-5.828989769491077,EICHERMOT,-9.983562445931081,,,,,,,,,,,AUROPHARMA,-5.254581194501964,BRITANNIA,-7.771979946997426,LUPIN,-1.5709836212540649,,
2015-09-07,1006596.4411107914,"['LUPIN', 'TATAELXSI', 'TORNTPHARM', 'KEI', 'CUMMINSIND', 'ASTRAL']",AUROPHARMA,-6.722625401010348,BRITANNIA,-2.569105618662872,BHARATFORG,-14.132922778555143,,,,,,,,,,,OFSS,-4.418861724150929,TATAELXSI,-7.563205486600537,LUPIN,-3.0066760051940813,,
2015-09-15,1038458.362520326,"['LUPIN', 'BRITANNIA', 'CUMMINSIND', 'TATAELXSI', 'TORNTPHARM', 'GODREJCP']",TORNTPHARM,-1.7792959497534049,,,,,TATAELXSI,11.20133987037186,LUPIN,1.7230823690739254,CUMMINSIND,3.482565531789267,,,,,,,,,,,,
2015-09-24,1014311.3366124859,"['SOLARINDS', 'TATAELXSI', 'OFSS', 'MARUTI', 'KEI', 'ASHOKLEY']",TORNTPHARM,-6.71328516997332,BRITANNIA,-6.050523636387122,GODREJCP,-7.882346432503925,,,,,,,,,,,TATAELXSI,-1.5884262459076668,,,,,,
2015-10-06,1026917.2874377114,"['TATAELXSI', 'TORNTPHARM', 'OFSS', 'MARUTI', 'KEI', 'ASHOKLEY']",SOLARINDS,-4.902411805715963,MARUTI,-4.656567197236526,,,TATAELXSI,3.49581437835172,KEI,6.774515862299407,OFSS,3.255413120343654,ASHOKLEY,3.5674977302367163,,,,,,,,,,
2015-10-14,1014799.2612776137,"['TATAELXSI', 'INDUSINDBK', 'OFSS', 'KEI', 'AARTIIND', 'ASHOKLEY']",TORNTPHARM,-1.6404541505119916,MARUTI,-2.394347325719548,TATAELXSI,-5.357244767091314,ASHOKLEY,0.5299315577842947,KEI,4.876893556309982,,,,,,,OFSS,-2.853948612556934,,,,,,
2015-10-23,1007842.1613337216,"['AARTIIND', 'INDUSINDBK', 'OFSS', 'MARUTI', 'PETRONET', 'KEI']",KEI,-5.869060928169607,AARTIIND,-1.5456447692707582,,,INDUSINDBK,1.042214143804814,OFSS,3.0580079957428707,,,,,,,,,,,,,,
2015-11-02,996604.1390038284,"['OFSS', 'AARTIIND', 'ABFRL', 'KEI', 'ASHOKLEY', 'CUMMINSIND']",INDUSINDBK,-4.8082941052537995,KEI,-2.877712176150693,AARTIIND,-0.5039285583933717,,,,,,,,,,,OFSS,-1.052226040390278,,,,,,
2015-11-10,981399.3906753943,"['OFSS', 'KEI', 'AARTIIND', 'MFSL', 'TORNTPHARM', 'DIVISLAB']",ASHOKLEY,-0.8859507667109434,ABFRL,-4.181105824908099,CUMMINSIND,-5.7933548566275705,KEI,3.2098884901108757,,,,,,,,,AARTIIND,-0.6985449260109383,OFSS,-0.328273114800744,,,,
2015-11-20,1013668.4792864734,"['TORNTPHARM', 'ASHOKLEY', 'INDUSINDBK', 'DIVISLAB', 'ABFRL', 'KEI']",OFSS,-1.5081496496504057,TORNTPHARM,-0.9073250660687444,,,KEI,8.325344330941132,DIVISLAB,3.04458081906483,,,,,,,,,,,,,,
2015-12-01,997011.9354794322,"['OFSS', 'DIVISLAB', 'ASHOKLEY', 'AUROPHARMA', 'MFSL', 'SRF']",TORNTPHARM,-4.285095066812717,KEI,-3.9752543191832213,ABFRL,-1.3633270250082472,,,,,,,,,,,ASHOKLEY,-0.2669617542095559,DIVISLAB,-1.1487620984807343,,,,
2015-12-09,947551.833491744,"['TITAN', 'DIVISLAB', 'MARUTI', 'AARTIIND', 'APOLLOHOSP', 'M&M']",AUROPHARMA,-4.8209734029065965,SRF,-5.80002889964051,OFSS,-5.961834201010865,,,,,,,,,,,ASHOKLEY,-7.334016212041268,MFSL,-3.7196276355673312,DIVISLAB,-1.126923337918664,,
2015-12-17,953697.7260466084,"['MARUTI', 'BAJAJ-AUTO', 'KEI', 'AUROPHARMA', 'SRF', 'INDUSINDBK']",TITAN,-1.8482476159604098,M&M,-4.919592956515824,,,MARUTI,4.189449141651077,,,,,,,,,,,,,,,,
2015-12-28,975960.8392679187,"['BAJAJ-AUTO', 'INDUSINDBK', 'MARUTI', 'BIOCON', 'GRANULES', 'KEI']",MARUTI,-0.5732183213929529,BAJAJ-AUTO,-1.5230657310976594,,,INDUSINDBK,0.9008865026233407,KEI,8.360876824205512,,,,,,,,,,,,,,
2016-01-05,981573.8347523686,"['BAJAJ-AUTO', 'MARUTI', 'ASHOKLEY', 'BAJFINANCE', 'BEL', 'BPCL']",INDUSINDBK,-2.3339514291412615,GRANULES,-1.6942739002447895,MARUTI,-1.574335055613384,BAJAJ-AUTO,0.3931885733717274,,,,,,,,,,,,,,,,
2016-01-13,955277.0208997998,"['BAJFINANCE', 'BEL', 'BPCL', 'SRF', 'INDUSINDBK', 'PETRONET']",ASHOKLEY,-3.1149433127723336,MARUTI,-6.0368488880739095,BAJAJ-AUTO,-5.301043716577001,BAJFINANCE,1.3338221984175065,,,,,,,,,BPCL,-0.7477808089882652,BEL,-1.9324267249133915,,,,
2016-01-21,882088.1039496886,"['BAJFINANCE', 'KEI', 'IGL', 'PETRONET', 'TRENT', 'APLAPOLLO']",BPCL,-2.2714728059646894,SRF,-11.615741933734295,BEL,-12.517247123454817,,,,,,,,,,,INDUSINDBK,-6.727895544855382,PETRONET,-6.871992692967771,BAJFINANCE,-5.5249786066762026,,
2016-02-01,895675.9620200444,"['BAJFINANCE', 'SUPREMEIND', 'GODREJCP', 'BIOCON', 'KEI', 'ABFRL']",TRENT,-3.8451859145037592,APLAPOLLO,-0.7658170023651123,,,KEI,1.0820543575176356,BAJFINANCE,4.547166104580728,,,,,,,,,,,,,,
2016-02-09,868625.4447333552,"['BAJFINANCE', 'KEI', 'SUPREMEIND', 'TVSMOTOR', 'APOLLOHOSP', 'HAVELLS']",BIOCON,-5.82493840571307,GODREJCP,-2.0311860210667723,ABFRL,-21.251417154690103,KEI,0.35683075110245305,BAJFINANCE,9.676586882139697,,,,,,,SUPREMEIND,-0.34499784731385175,,,,,,
2016-02-17,816177.3004832808,"['BAJFINANCE', 'APOLLOHOSP', 'PIDILITIND', 'SUPREMEIND', 'TVSMOTOR', 'IGL']",HAVELLS,-2.9750458457843716,KEI,-14.977777375215057,APOLLOHOSP,-0.9336475467752089,,,,,,,,,,,SUPREMEIND,-6.8286674064187425,TVSMOTOR,-1.311622239428999,BAJFINANCE,-7.185557211142986,,
2016-02-25,785907.2887162154,"['APOLLOHOSP', 'PIDILITIND', 'NHPC', 'JSWSTEEL', 'SJVN', 'EICHERMOT']",IGL,-7.825612541839703,SUPREMEIND,-3.547986365352926,TVSMOTOR,-5.1391144899154435,APOLLOHOSP,1.6105955926188835,,,,,,,,,BAJFINANCE,-5.859161198387642,PIDILITIND,-0.049956118758998115,,,,
2016-03-04,801146.9356371682,"['BAJFINANCE', 'SUPREMEIND', 'TVSMOTOR', 'AARTIIND', 'INFY', 'IGL']",APOLLOHOSP,-2.394942682181257,PIDILITIND,-0.5414849439859014,,,,,,,,,,,,,,,,,,,,
2016-03-15,800354.0350560106,"['BAJFINANCE', 'TATAELXSI', 'AARTIIND', 'INFY', 'SUPREMEIND', 'TVSMOTOR']",IGL,-3.0354036770269976,INFY,-3.0965674429449064,TVSMOTOR,-0.849964298834598,BAJFINANCE,2.2037703249287697,AARTIIND,1.7334985730688275,SUPREMEIND,2.6455358597405554,,,,,,,,,,,,
2016-03-23,822357.833714433,"['BAJFINANCE', 'YESBANK', 'HEROMOTOCO', 'SUPREMEIND', 'MPHASIS', 'TVSMOTOR']",TATAELXSI,-0.14199562576295036,AARTIIND,-5.179553679376315,,,SUPREMEIND,0.8049185960352253,TVSMOTOR,8.85023099500066,BAJFINANCE,6.47520142831781,,,,,,,,,,,,
2016-04-04,817308.1293107137,"['ASHOKLEY', 'ASIANPAINT', 'BAJFINANCE', 'HEROMOTOCO', 'INDUSINDBK', 'IGL']",SUPREMEIND,-4.855887228182331,MPHASIS,-9.2415096509502,BAJFINANCE,-0.06543997473315119,HEROMOTOCO,3.9110160471753517,,,,,,,,,,,,,,,,
2016-04-12,828041.5944756769,"['KEI', 'ASHOKLEY', 'BAJFINANCE', 'INDUSINDBK', 'JSWSTEEL', 'INDHOTEL']",IGL,-0.8229174603445786,ASIANPAINT,-2.172329669094065,,,ASHOKLEY,1.1353229829076623,INDUSINDBK,0.7958102696896168,BAJFINANCE,6.780492886088721,,,,,,,,,,,,
2016-04-25,814174.3100793165,"['JSWSTEEL', 'ASHOKLEY', 'BAJFINANCE', 'INDHOTEL', 'SUPREMEIND', 'INDUSINDBK']",KEI,-4.10429630777972,BAJFINANCE,-6.566012241086703,ASHOKLEY,-4.849567836771048,INDUSINDBK,1.3829347806465335,JSWSTEEL,3.6603283552298818,INDHOTEL,1.3989381081582375,,,,,,,,,,,,
2016-05-03,826604.9002234342,"['JSWSTEEL', 'ASHOKLEY', 'INDHOTEL', 'BAJFINANCE', 'CHAMBLFERT', 'SUPREMEIND']",INDHOTEL,-0.19029458915858125,ASHOKLEY,-0.8494502003294151,,,JSWSTEEL,0.8623073632284388,BAJFINANCE,1.9208280093259378,SUPREMEIND,1.8435296808005759,,,,,,,,,,,,
2016-05-11,838179.8491781752,"['JSWSTEEL', 'ASHOKLEY', 'INDHOTEL', 'SUPREMEIND', 'BAJFINANCE', 'TRENT']",JSWSTEEL,-4.823852693190601,ASHOKLEY,-0.8091643093675429,,,INDHOTEL,0.33364014308333656,BAJFINANCE,7.119739884287049,SUPREMEIND,4.254792594265782,,,,,,,,,,,,
2016-05-19,867107.9359761518,"['JSWSTEEL', 'INDHOTEL', 'SUPREMEIND', 'ASHOKLEY', 'INDUSINDBK', 'IGL']",ASHOKLEY,-2.159300651676245,,,,,INDHOTEL,7.363421344995576,SUPREMEIND,6.133631488558108,JSWSTEEL,2.234109155003884,,,,,,,,,,,,
2016-05-27,890755.5501911019,"['JSWSTEEL', 'BOSCHLTD', 'ABB', 'INDHOTEL', 'SUPREMEIND', 'OBEROIRLTY']",IGL,-0.15646989485517396,,,,,INDHOTEL,2.9646097188882345,SUPREMEIND,2.8389945831566896,JSWSTEEL,4.200118805509888,,,,,,,,,,,,
2016-06-06,893197.5251236612,"['INDHOTEL', 'JSWSTEEL', 'SUPREMEIND', 'TATACOMM', 'INDUSINDBK', 'PETRONET']",ABB,-3.122128309909439,SUPREMEIND,-4.16551981701025,JSWSTEEL,-0.4506897379899461,INDHOTEL,5.844446008874183,,,,,,,,,,,,,,,,
2016-06-14,904766.2445767536,"['INDHOTEL', 'TATACOMM', 'JSWSTEEL', 'BAJFINANCE', 'PEL', 'SUPREMEIND']",INDUSINDBK,-0.44575090125458133,,,,,INDHOTEL,1.1774042113732701,TATACOMM,0.21633334274910412,SUPREMEIND,0.9069572492129045,JSWSTEEL,2.679929989024314,,,,,,,,,,
2016-06-22,916925.1211486043,"['INDHOTEL', 'TATACOMM', 'JSWSTEEL', 'SUPREMEIND', 'INDUSINDBK', 'PETRONET']",SUPREMEIND,-1.0175328503184373,JSWSTEEL,-1.0560955270719994,,,INDHOTEL,5.056181062228674,TATACOMM,3.4651174287330355,,,,,,,,,,,,,,
2016-06-30,940137.463159546,"['INDHOTEL', 'TATACOMM', 'INDUSINDBK', 'JSWSTEEL', 'BAJFINANCE', 'SUPREMEIND']",INDHOTEL,-2.406404480075389,,,,,INDUSINDBK,2.319578418539398,JSWSTEEL,5.2504827888277905,TATACOMM,5.5122408937630025,SUPREMEIND,4.323258684058253,,,,,,,,,,
2016-07-11,959371.581281213,"['INDHOTEL', 'TATACOMM', 'JSWSTEEL', 'SUPREMEIND', 'INDUSINDBK', 'PETRONET']",SUPREMEIND,-2.846673185844307,,,,,INDUSINDBK,1.1560021140597696,JSWSTEEL,3.562845649447286,INDHOTEL,2.426619913749941,TATACOMM,0.94704275414913,,,,,,,,,,
2016-07-19,960248.7444569592,"['INDHOTEL', 'TATACOMM', 'PETRONET', 'NTPC', 'JSWSTEEL', 'BAJFINANCE']",INDUSINDBK,-1.5385348837315653,PETRONET,-3.387519174025712,TATACOMM,-4.515471616277239,INDHOTEL,1.4520381170251573,JSWSTEEL,7.917164255478783,,,,,,,,,,,,,,
2016-07-27,1004004.4017581338,"['INDHOTEL', 'TATACOMM', 'PETRONET', 'NTPC', 'JSWSTEEL', 'BAJFINANCE']",TATACOMM,-0.7955289493615544,,,,,PETRONET,4.680904302381072,JSWSTEEL,6.823472769162066,INDHOTEL,1.845578954960728,NTPC,1.8245594368687552,BAJFINANCE,13.31011781134449,,,,,,,,
2016-08-04,1006223.4893316048,"['INDHOTEL', 'BAJFINANCE', 'TATACOMM', 'PETRONET', 'NTPC', 'JSWSTEEL']",JSWSTEEL,-1.6903140002883978,INDHOTEL,-2.403862178278427,TATACOMM,-0.9279822325528377,PETRONET,4.706081139591581,NTPC,0.0,BAJFINANCE,1.7996740988685787,,,,,,,,,,,,
2016-08-12,1017402.4297904007,"['INDHOTEL', 'BAJFINANCE', 'JSWSTEEL', 'MANAPPURAM', 'EXIDEIND', 'EICHERMOT']",INDHOTEL,-3.4879325239470518,,,,,BAJFINANCE,1.8526222615068513,JSWSTEEL,1.061459082915782,,,,,,,,,,,,,,
2016-08-23,1023186.8855328473,"['INDHOTEL', 'BAJFINANCE', 'JSWSTEEL', 'EXIDEIND', 'EICHERMOT', 'IOC']",EICHERMOT,-1.396620614310398,BAJFINANCE,-1.1202047460743176,,,EXIDEIND,1.126852442824814,JSWSTEEL,1.7592137504026897,INDHOTEL,1.9283751608332158,,,,,,,,,,,,
2016-08-31,1064628.546614496,"['BAJFINANCE', 'EICHERMOT', 'INDHOTEL', 'JSWSTEEL', 'MANAPPURAM', 'ASIANPAINT']",JSWSTEEL,-0.3042578378868896,,,,,INDHOTEL,0.4633160947752525,EICHERMOT,3.367127518823846,BAJFINANCE,9.665216818323701,,,,,,,,,,,,
2016-09-09,1093779.701336672,"['MANAPPURAM', 'BAJFINANCE', 'EICHERMOT', 'INDHOTEL', 'JSWSTEEL', 'ASIANPAINT']",INDHOTEL,-0.038429956529166955,,,,,MANAPPURAM,5.275488242191809,EICHERMOT,0.7652308175796488,JSWSTEEL,4.032857344288269,BAJFINANCE,4.762471872721278,ASIANPAINT,1.196132745629288,,,,,,,,
2016-09-20,1084019.09128507,"['MANAPPURAM', 'EICHERMOT', 'JSWSTEEL', 'EXIDEIND', 'BAJFINANCE', 'ASIANPAINT']",INDHOTEL,-3.114182443006727,JSWSTEEL,-3.39675799446625,BAJFINANCE,-6.805082613472538,MANAPPURAM,7.12689952995304,EICHERMOT,2.1930407284487594,,,,,,,ASIANPAINT,-0.5717885319280602,,,,,,
2016-09-28,1111911.7128227842,"['EICHERMOT', 'MANAPPURAM', 'EXIDEIND', 'BAJFINANCE', 'INDHOTEL', 'JSWSTEEL']",EXIDEIND,-2.5884152159936584,,,,,MANAPPURAM,1.9231130566099306,EICHERMOT,10.068145754015319,JSWSTEEL,0.7889518215700698,BAJFINANCE,2.8882234063464076,,,,,,,,,,
2016-10-06,1100834.329080515,"['EICHERMOT', 'MANAPPURAM', 'EXIDEIND', 'BAJFINANCE', 'JSWSTEEL', 'ASIANPAINT']",MANAPPURAM,-5.354415833274277,JSWSTEEL,-0.7433513228043567,BAJFINANCE,-2.60826619957855,EXIDEIND,1.5785343100533054,EICHERMOT,1.7617848764054946,,,,,,,,,,,,,,
2016-10-18,1114315.0932598314,"['EICHERMOT', 'MANAPPURAM', 'EXIDEIND', 'JSWSTEEL', 'BAJFINANCE', 'BAJAJFINSV']",ASIANPAINT,-2.893723111824485,EICHERMOT,-4.465367131059842,,,MANAPPURAM,9.59053474983214,EXIDEIND,0.1553969214986393,JSWSTEEL,1.1375438194868606,BAJFINANCE,3.722443850087588,,,,,,,,,,
2016-10-26,1114042.5425131451,"['MANAPPURAM', 'EICHERMOT', 'EXIDEIND', 'BAJFINANCE', 'MARUTI', 'YESBANK']",JSWSTEEL,-6.414774324447903,EICHERMOT,-2.5940346349235703,,,EXIDEIND,4.732343045453163,MANAPPURAM,1.8682311920247077,BAJFINANCE,2.778905449770484,,,,,,,,,,,,
2016-11-04,1043998.8789067535,"['EICHERMOT', 'MANAPPURAM', 'EXIDEIND', 'MARUTI', 'IOC', 'TATACOMM']",YESBANK,-7.297024450709874,BAJFINANCE,-13.518807656674827,EXIDEIND,-6.004722098669458,,,,,,,,,,,MANAPPURAM,-5.067563243056709,MARUTI,-2.798559578071578,EICHERMOT,-2.002763167262418,,
2016-11-15,912454.1605194338,"['TATACOMM', 'JSWSTEEL', 'NMDC', 'TATASTEEL', 'PETRONET', 'HINDALCO']",IOC,-6.601306637877623,MANAPPURAM,-23.8434223353963,EXIDEIND,-8.44809699710803,,,,,,,,,,,MARUTI,-15.044195164120284,EICHERMOT,-15.247126021273512,TATACOMM,-2.6521460367089,,
2016-11-23,924643.2191428508,"['NMDC', 'TATACOMM', 'IOC', 'ONGC', 'VEDL', 'TATASTEEL']",JSWSTEEL,-2.514972713092299,TATASTEEL,-0.08902381274273936,NMDC,-2.336446685891292,TATACOMM,5.250075371893765,,,,,,,,,,,,,,,,
2016-12-01,955589.1725531996,"['MARUTI', 'NMDC', 'VEDL', 'TATASTEEL', 'TATACOMM', 'NTPC']",IOC,-0.18432037962776318,,,,,TATASTEEL,4.303548768626872,VEDL,4.65864830235066,TATACOMM,4.712828898053052,NMDC,2.435852787977636,,,,,,,,,,
2016-12-09,981381.147025215,"['YESBANK', 'EICHERMOT', 'HINDALCO', 'ONGC', 'TATACOMM', 'MARUTI']",MARUTI,-0.32558710335566354,TATACOMM,-3.741820280597837,,,,,,,,,,,,,,,,,,,,
2016-12-19,949556.8194967245,"['TATACOMM', 'PETRONET', 'HINDALCO', 'IOC', 'ONGC', 'VEDL']",MARUTI,-2.2913133165949477,EICHERMOT,-5.443578690086049,YESBANK,-3.2752559997753616,TATACOMM,0.601047130518373,,,,,,,,,ONGC,-1.5319198474812632,HINDALCO,-7.111475425431219,,,,
2016-12-27,906839.4642912456,"['ONGC', 'TATACOMM', 'MARUTI', 'VEDL', 'OIL', 'APLAPOLLO']",PETRONET,-7.531318102341627,HINDALCO,-8.040212489142268,VEDL,-5.544557617559389,,,,,,,,,,,TATACOMM,-3.8951169749499184,ONGC,-5.511435430694495,,,,
2017-01-04,933843.9589323516,"['EXIDEIND', 'BAJAJFINSV', 'ONGC', 'PETRONET', 'OIL', 'EICHERMOT']",,,,,,,OIL,4.6778211334300375,ONGC,2.364687015615442,,,,,,,,,,,,,,
2017-01-12,947289.3258892663,"['EXIDEIND', 'PETRONET', 'BAJAJFINSV', 'EICHERMOT', 'ONGC', 'TATACOMM']",PETRONET,-0.973328667510452,,,,,BAJAJFINSV,1.9504482721675789,EXIDEIND,1.2630245712463326,EICHERMOT,2.838288744262354,ONGC,2.438387126010099,,,,,,,,,,
2017-01-20,952724.6486842366,"['EXIDEIND', 'BAJAJFINSV', 'ONGC', 'MARUTI', 'OIL', 'EICHERMOT']",PETRONET,-2.235101787320523,EICHERMOT,-0.1636043886448007,ONGC,-1.1275249524145425,EXIDEIND,5.47722883127514,BAJAJFINSV,1.5040009445970308,,,,,,,,,,,,,,
2017-01-31,976759.3329478009,"['EXIDEIND', 'MARUTI', 'PETRONET', 'BAJAJFINSV', 'ONGC', 'VEDL']",,,,,,,EXIDEIND,1.4396020125293678,BAJAJFINSV,5.935058415886011,MARUTI,3.9743109528147116,ONGC,2.6609139918980707,,,,,,,,,,
2017-02-08,1012001.1354887245,"['EXIDEIND', 'MARUTI', 'BAJAJFINSV', 'OIL', 'ONGC', 'VEDL']",ONGC,-2.9261404174904517,VEDL,-0.2963103231883351,,,BAJAJFINSV,12.851811080922316,EXIDEIND,6.08209797213573,MARUTI,5.096466396967349,,,,,,,,,,,,
2017-02-16,1018056.5233408861,"['EXIDEIND', 'PAGEIND', 'BAJAJFINSV', 'MARUTI', 'YESBANK', 'OIL']",ONGC,-0.15427998065574075,MARUTI,-2.7459091124174893,,,EXIDEIND,0.5494666433816772,BAJAJFINSV,0.22386323578006598,OIL,2.140229523094297,,,,,,,,,,,,
2017-02-27,1015805.1035256427,"['EXIDEIND', 'BAJAJFINSV', 'PAGEIND', 'OIL', 'NMDC', 'IOC']",MARUTI,-1.2125260396068613,YESBANK,-1.0473630395501108,EXIDEIND,-0.855322300231757,BAJAJFINSV,4.505330982487007,,,,,,,,,OIL,-1.9273980942123645,PAGEIND,-1.2644913777411675,,,,
2017-03-07,1023887.1153689459,"['BAJAJFINSV', 'EXIDEIND', 'TATACONSUM', 'NMDC', 'RECLTD', 'OIL']",IOC,-1.8657570471439207,BAJAJFINSV,-0.8210314690686578,,,EXIDEIND,2.635972694245528,OIL,2.0871558247873563,NMDC,1.973687951031343,,,,,,,,,,,,
2017-03-16,1062410.977230037,"['BAJAJFINSV', 'EXIDEIND', 'RECLTD', 'TATACONSUM', 'TVSMOTOR', 'OIL']",,,,,,,BAJAJFINSV,6.1746075979905575,EXIDEIND,3.712355883309621,TATACONSUM,1.3660434622711946,OIL,0.7312167775905685,RECLTD,4.213577072863888,,,,,,,,
2017-03-24,1073445.8047510209,"['BAJAJFINSV', 'RECLTD', 'EXIDEIND', 'TVSMOTOR', 'PETRONET', 'NMDC']",OIL,-1.3925890747577416,EXIDEIND,-2.904075623509678,TVSMOTOR,-2.577549094500841,BAJAJFINSV,2.2103549065922734,RECLTD,7.314816972923047,,,,,,,,,,,,,,
2017-04-03,1096583.4199403238,"['BAJAJFINSV', 'EXIDEIND', 'RECLTD', 'TVSMOTOR', 'NMDC', 'HDFCBANK']",BAJAJFINSV,-0.7531401851001979,NMDC,-2.3722550198714845,,,EXIDEIND,6.654294398465062,TVSMOTOR,2.10723842922941,RECLTD,3.422468752653468,,,,,,,,,,,,
2017-04-12,1159511.0593075457,"['BAJAJFINSV', 'EXIDEIND', 'RECLTD', 'TVSMOTOR', 'JSL', 'NMDC']",EXIDEIND,-1.0217420778068647,,,,,BAJAJFINSV,9.874945681832717,NMDC,0.0,TVSMOTOR,8.942895971961775,RECLTD,14.988862006117904,,,,,,,,,,
2017-04-21,1138341.6229418751,"['BAJAJFINSV', 'RECLTD', 'EXIDEIND', 'HDFCBANK', 'TATACONSUM', 'TVSMOTOR']",JSL,-6.578115756386889,NMDC,-3.439240264872577,BAJAJFINSV,-4.417100844110447,EXIDEIND,2.987030549594581,TVSMOTOR,1.4839013697540644,,,,,,,RECLTD,-0.894774700761328,,,,,,
2017-05-02,1173579.5808756885,"['RECLTD', 'BAJAJFINSV', 'EXIDEIND', 'TVSMOTOR', 'HDFCBANK', 'TATACONSUM']",EXIDEIND,-1.514166703710868,,,,,BAJAJFINSV,6.089601121440434,TATACONSUM,4.230008065002777,TVSMOTOR,2.768843974664834,HDFCBANK,2.9399869984749376,RECLTD,3.831137124250636,,,,,,,,
2017-05-10,1181194.0905250744,"['RECLTD', 'BAJAJFINSV', 'TVSMOTOR', 'LTF', 'EXIDEIND', 'BRITANNIA']",TATACONSUM,-1.807234134444925,BAJAJFINSV,-3.8259744135245195,TVSMOTOR,-0.19172521914029617,EXIDEIND,6.972718332846302,RECLTD,2.7027005333500527,,,,,,,,,,,,,,
2017-05-18,1170704.2912902453,"['TVSMOTOR', 'RECLTD', 'BAJAJFINSV', 'LTF', 'APLAPOLLO', 'EXIDEIND']",BRITANNIA,-4.199348339570761,LTF,-4.160470268484472,BAJAJFINSV,-1.6497974882787105,TVSMOTOR,6.713181372704331,RECLTD,0.09150939881763744,,,,,,,EXIDEIND,-2.8947496229337966,,,,,,
2017-05-26,1139502.4814262127,"['TVSMOTOR', 'RECLTD', 'LTF', 'APLAPOLLO', 'EXIDEIND', 'HDFCBANK']",BAJAJFINSV,-7.215787047898002,EXIDEIND,-2.7100300020654715,RECLTD,-6.561475304944044,LTF,1.4341037239409595,APLAPOLLO,0.5782990904030314,TVSMOTOR,1.2979754878918914,,,,,,,,,,,,
2017-06-05,1129789.9042394294,"['HDFCBANK', 'TVSMOTOR', 'LTF', 'UPL', 'KEI', 'BAJAJFINSV']",EXIDEIND,-2.5498220419466473,RECLTD,-7.805236768802229,,,LTF,0.993505646401657,HDFCBANK,0.587340363552923,TVSMOTOR,1.4590167447320281,,,,,,,,,,,,
2017-06-13,1126083.6092278182,"['HDFCBANK', 'TVSMOTOR', 'BAJAJFINSV', 'LTF', 'ADANIENT', 'MARUTI']",KEI,-1.92573188254094,UPL,-2.943711743102523,BAJAJFINSV,-2.9711361686394007,LTF,0.49186943996944177,HDFCBANK,2.515964356761226,TVSMOTOR,2.4336348525230056,,,,,,,,,,,,
2017-06-21,1141884.342097126,"['HDFCBANK', 'TVSMOTOR', 'UPL', 'LTF', 'ADANIENT', 'VEDL']",MARUTI,-1.0987951278877885,ADANIENT,-0.4154237855179181,TVSMOTOR,-1.7278830079021954,LTF,10.20331592388683,HDFCBANK,1.3120966234195293,,,,,,,,,,,,,,
2017-06-30,1140593.2447415474,"['HDFCBANK', 'TVSMOTOR', 'LTF', 'UPL', 'APLAPOLLO', 'ADANIENT']",LTF,-1.4007660873280674,UPL,-2.1823880891662437,HDFCBANK,-2.0999910904555836,ADANIENT,0.5688284236744485,TVSMOTOR,0.5861073973455856,,,,,,,,,,,,,,
2017-07-10,1169577.439662735,"['HDFCBANK', 'LTF', 'TVSMOTOR', 'APLAPOLLO', 'ADANIENT', 'JSL']",,,,,,,LTF,3.6036158728411904,ADANIENT,1.6968439877532553,APLAPOLLO,3.3244888642571406,TVSMOTOR,3.9967341440567385,HDFCBANK,1.4709084010629254,,,,,,,,
2017-07-18,1167489.2253102926,"['HDFCBANK', 'LTF', 'APLAPOLLO', 'TVSMOTOR', 'GODREJPROP', 'ADANIENT']",JSL,-1.4819503243269074,LTF,-1.0367811988709552,APLAPOLLO,-1.2245204778283587,ADANIENT,2.224684064550001,TVSMOTOR,0.04375743630588906,HDFCBANK,0.4295062006681054,,,,,,,,,,,,
2017-07-26,1199590.182047425,"['HDFCBANK', 'APLAPOLLO', 'LTF', 'ADANIENT', 'TVSMOTOR', 'PHOENIXLTD']",TVSMOTOR,-0.1400273330852298,,,,,LTF,8.921905318293236,ADANIENT,2.1037442956864636,APLAPOLLO,1.0562936726119463,HDFCBANK,3.801497528737998,,,,,,,,,,
2017-08-03,1208771.0287500913,"['HDFCBANK', 'APLAPOLLO', 'PHOENIXLTD', 'LTF', 'ADANIENT', 'BRITANNIA']",ADANIENT,-1.6107227192089475,APLAPOLLO,-1.6774261695565273,PHOENIXLTD,-3.623690170231745,LTF,6.050277140358174,HDFCBANK,1.8540199824566042,,,,,,,,,,,,,,
2017-08-11,1179555.7607069635,"['HDFCBANK', 'PHOENIXLTD', 'APLAPOLLO', 'BRITANNIA', 'VEDL', 'LTF']",ADANIENT,-17.459154814950455,LTF,-4.154473984647895,APLAPOLLO,-0.938935814292105,BRITANNIA,5.885474026702175,PHOENIXLTD,2.541059990448767,,,,,,,HDFCBANK,-1.736007591462389,,,,,,
2017-08-22,1210628.783599611,"['HDFCBANK', 'LTF', 'BAJFINANCE', 'BRITANNIA', 'VEDL', 'WIPRO']",APLAPOLLO,-2.2844981283486385,HDFCBANK,-0.1172073873488331,,,LTF,3.9225028611222656,VEDL,4.998204236667152,BRITANNIA,2.362287275395426,,,,,,,,,,,,
2017-08-31,1277969.2248873021,"['HDFCBANK', 'ADANIENT', 'LTF', 'BAJFINANCE', 'BRITANNIA', 'TVSMOTOR']",,,,,,,LTF,18.20595902132263,BRITANNIA,0.7644938494961516,HDFCBANK,1.6857482982769834,BAJFINANCE,5.882698659632565,,,,,,,,,,
2017-09-08,1299555.7810452722,"['HDFCBANK', 'ADANIENT', 'BRITANNIA', 'LTF', 'BAJFINANCE', 'CESC']",ADANIENT,-3.7344278092303527,,,,,LTF,1.0484261957202965,BRITANNIA,1.3543140246807024,BAJFINANCE,6.133897032998744,HDFCBANK,0.6304732617688863,,,,,,,,,,
2017-09-18,1333392.136884004,"['HDFCBANK', 'BRITANNIA', 'PRESTIGE', 'LTF', 'ADANIENT', 'CESC']",,,,,,,LTF,3.6808332216552566,ADANIENT,2.5470184920856678,BRITANNIA,2.336616488781887,HDFCBANK,4.072379145799946,CESC,1.7006321414045944,,,,,,,,
2017-09-26,1280328.4704277038,"['HDFCBANK', 'BRITANNIA', 'WIPRO', 'TVSMOTOR', 'PRESTIGE', 'LTF']",ADANIENT,-9.36187870473238,CESC,-4.310763509078976,LTF,-6.43316764715027,PRESTIGE,0.6213531432964106,,,,,,,,,BRITANNIA,-1.4230665635616415,HDFCBANK,-3.6630832443183174,,,,
2017-10-05,1286555.1363774654,"['HDFCBANK', 'BRITANNIA', 'LTF', 'BAJFINANCE', 'KOTAKBANK', 'INDUSINDBK']",WIPRO,-2.291144692460602,LTF,-1.50242491762357,,,BRITANNIA,0.8703187370264185,HDFCBANK,0.3514968606425402,,,,,,,,,,,,,,
2017-10-13,1344274.2129415532,"['HDFCBANK', 'BRITANNIA', 'LTF', 'BAJFINANCE', 'KOTAKBANK', 'INDUSINDBK']",,,,,,,LTF,5.791121553361207,KOTAKBANK,4.79760675061901,INDUSINDBK,3.644595275249958,BRITANNIA,5.008413452536393,BAJFINANCE,4.653848934239706,,,,,,,HDFCBANK,2.9022629146660055
2017-10-24,1331757.9345847527,"['HDFCBANK', 'BRITANNIA', 'KOTAKBANK', 'LTF', 'BAJFINANCE', 'TVSMOTOR']",INDUSINDBK,-4.8818796817541275,KOTAKBANK,-1.5383157173801378,BAJFINANCE,-6.502657176717914,LTF,3.372421393689954,BRITANNIA,0.9525923233188738,HDFCBANK,0.880692192280871,,,,,,,,,,,,
2017-11-01,1311163.4864187047,"['HDFCBANK', 'BRITANNIA', 'KOTAKBANK', 'BAJFINANCE', 'GRASIM', 'TVSMOTOR']",LTF,-5.059093433922797,KOTAKBANK,-3.880071155263238,BAJFINANCE,-1.0569231865960524,BRITANNIA,1.5435327166126356,TVSMOTOR,2.1388425813919114,,,,,,,HDFCBANK,-2.4583560161452778,,,,,,
2017-11-09,1298363.5198151171,"['HDFCBANK', 'BRITANNIA', 'TVSMOTOR', 'IGL', 'TITAN', 'JINDALSTEL']",GRASIM,-1.6034590945510452,KOTAKBANK,-1.8548416527817968,BAJFINANCE,-2.974952273612763,HDFCBANK,0.365143916830889,BRITANNIA,1.2922252763086195,,,,,,,TVSMOTOR,-1.8096769049282682,,,,,,
2017-11-17,1297976.242418423,"['HDFCBANK', 'BRITANNIA', 'KOTAKBANK', 'IGL', 'WIPRO', 'TVSMOTOR']",IGL,-2.6294848515938423,HDFCBANK,-0.12582342823620069,BRITANNIA,-0.16603599396578284,TVSMOTOR,2.009052325144972,,,,,,,,,,,,,,,,
2017-11-27,1323214.8868658368,"['HDFCBANK', 'BRITANNIA', 'KOTAKBANK', 'TVSMOTOR', 'IGL', 'GODREJPROP']",WIPRO,-0.11858926688738079,,,,,IGL,3.4625573215271537,KOTAKBANK,1.294944293826966,BRITANNIA,0.9863136227330325,TVSMOTOR,5.139074801752346,HDFCBANK,1.7528887622070852,,,,,,,,
2017-12-05,1313655.1139365667,"['BRITANNIA', 'HDFCBANK', 'TITAN', 'GODREJPROP', 'PRESTIGE', 'JINDALSTEL']",KOTAKBANK,-3.5312781415171934,TVSMOTOR,-0.9668396980173792,GODREJPROP,-0.929025355170811,,,,,,,,,,,HDFCBANK,-1.9972507294195851,BRITANNIA,-0.7306764656452835,,,,
2017-12-13,1305692.6022768007,"['BRITANNIA', 'HDFCBANK', 'PRESTIGE', 'TITAN', 'MARUTI', 'JINDALSTEL']",GODREJPROP,-0.6698159538138214,JINDALSTEL,-2.3044134989862726,PRESTIGE,-5.791757327673001,BRITANNIA,1.113004394639496,TITAN,3.324507389014955,HDFCBANK,0.049432308256273025,,,,,,,,,,,,
2017-12-21,1361177.6869091645,"['BRITANNIA', 'HDFCBANK', 'MARUTI', 'PRESTIGE', 'TITAN', 'TVSMOTOR']",BRITANNIA,-1.7061733191255928,,,,,TITAN,4.823263121759788,MARUTI,5.596083927736885,HDFCBANK,2.5777552424224472,PRESTIGE,2.4352981281798387,,,,,,,,,,
2018-01-01,1364328.064444211,"['BRITANNIA', 'HDFCBANK', 'PRESTIGE', 'MARUTI', 'IGL', 'ASTRAL']",TVSMOTOR,-1.332395881021113,TITAN,-0.6989427623864624,HDFCBANK,-0.7386370622398362,MARUTI,0.21650437738589653,BRITANNIA,0.11726996803475491,PRESTIGE,4.954278613951762,,,,,,,,,,,,
2018-01-09,1357521.7190971856,"['HDFCBANK', 'MARUTI', 'TITAN', 'TVSMOTOR', 'IGL', 'PRESTIGE']",BRITANNIA,-2.0324099450399875,IGL,-4.9153766069734,MARUTI,-2.7802892276814872,HDFCBANK,0.49608900541558726,PRESTIGE,5.734201490154687,,,,,,,,,,,,,,
2018-01-17,1321446.596588878,"['HDFCBANK', 'MARUTI', 'BRITANNIA', 'TITAN', 'ASTRAL', 'PRESTIGE']",IGL,-2.5692567411333447,TVSMOTOR,-5.256313301510778,MARUTI,-0.7422486542499572,HDFCBANK,1.4380017297623688,,,,,,,,,PRESTIGE,-3.9101137644794877,TITAN,-4.271412472348465,,,,
2018-01-25,1310561.5710134017,"['MARUTI', 'CHAMBLFERT', 'HDFCBANK', 'ASTRAL', 'PRESTIGE', 'ASHOKLEY']",BRITANNIA,-2.614837731343201,TITAN,-1.007731384334549,MARUTI,-0.3833038508778642,HDFCBANK,4.467069189094431,,,,,,,,,PRESTIGE,-2.1827395449795755,ASTRAL,-3.5478910708623164,,,,
2018-02-05,1281778.823891122,"['HDFCBANK', 'MARUTI', 'ASHOKLEY', 'JINDALSTEL', 'JSWSTEEL', 'HINDUNILVR']",PRESTIGE,-3.6499739448568587,CHAMBLFERT,-7.68984429823589,ASTRAL,-1.8114580325116796,ASHOKLEY,5.764519466245736,,,,,,,,,HDFCBANK,-3.0937570144024162,MARUTI,-2.1297394256272835,,,,
2018-02-14,1308932.663157138,"['BRITANNIA', 'HDFCBANK', 'TATASTEEL', 'PRESTIGE', 'ASHOKLEY', 'CHAMBLFERT']",HINDUNILVR,-0.46834527995476827,MARUTI,-0.8699898802096548,HDFCBANK,-1.6040850479845195,ASHOKLEY,6.223424423235186,,,,,,,,,,,,,,,,
2018-02-22,1278377.1857094595,"['BRITANNIA', 'JINDALSTEL', 'JSWSTEEL', 'PRESTIGE', 'ASHOKLEY', 'CHAMBLFERT']",TATASTEEL,-9.950560076441679,HDFCBANK,-1.5904259339858962,ASHOKLEY,-3.6753956121277644,PRESTIGE,1.7771261457393768,BRITANNIA,1.9247824921237537,,,,,,,CHAMBLFERT,-1.9102347769597128,,,,,,
2018-03-05,1299607.4261387622,"['JSWSTEEL', 'BRITANNIA', 'JINDALSTEL', 'ASTRAL', 'PRESTIGE', 'ASHOKLEY']",JSWSTEEL,-2.032241405257594,JINDALSTEL,-4.875124314093253,,,BRITANNIA,0.9596749415367924,ASHOKLEY,5.893440200715734,PRESTIGE,3.7439233466970028,,,,,,,,,,,,
2018-03-13,1296378.8889888322,"['BRITANNIA', 'JSWSTEEL', 'CHOLAFIN', 'TITAN', 'ASHOKLEY', 'CHAMBLFERT']",PRESTIGE,-10.159228278660226,JINDALSTEL,-3.423657550813999,BRITANNIA,-0.6629347214018638,ASHOKLEY,6.956838627788733,JSWSTEEL,4.06308196901955,,,,,,,,,,,,,,
2018-03-21,1293864.327646698,"['BRITANNIA', 'TITAN', 'CHOLAFIN', 'SHRIRAMFIN', 'JUBLFOOD', 'OBEROIRLTY']",ASHOKLEY,-1.6010582027166598,JSWSTEEL,-4.975277902755846,BRITANNIA,-0.7289328398617209,CHOLAFIN,0.08644404182901716,TITAN,2.3827686988315,,,,,,,,,,,,,,
2018-04-02,1351881.5057350514,"['BRITANNIA', 'TITAN', 'SHRIRAMFIN', 'JSWSTEEL', 'OBEROIRLTY', 'CHOLAFIN']",OBEROIRLTY,-0.2388138806913356,,,,,BRITANNIA,5.638673274821112,TITAN,8.237313976526083,SHRIRAMFIN,5.103967445480404,CHOLAFIN,1.8031970167741669,,,,,,,,,,
2018-04-10,1410389.2391830015,"['BRITANNIA', 'OBEROIRLTY', 'TITAN', 'JSWSTEEL', 'JUBLFOOD', 'ASHOKLEY']",,,,,,,BRITANNIA,0.5325976194320964,OBEROIRLTY,6.27369770572722,JSWSTEEL,4.9907166464254,TITAN,1.922452803533135,,,,,,,,,,
2018-04-18,1424756.9258751795,"['OBEROIRLTY', 'BRITANNIA', 'TITAN', 'JUBLFOOD', 'CHAMBLFERT', 'M&M']",JSWSTEEL,-0.4496646540882153,OBEROIRLTY,-3.707182704261622,,,JUBLFOOD,2.4005587807967834,BRITANNIA,4.429080508877821,TITAN,1.5432674660618384,,,,,,,,,,,,
2018-04-26,1502443.3982078151,"['BRITANNIA', 'TITAN', 'JUBLFOOD', 'OBEROIRLTY', 'M&M', 'TATACONSUM']",TITAN,-0.7778150903633139,,,,,BRITANNIA,0.21914728127737942,M&M,7.497191077953112,JUBLFOOD,1.5642000630266506,OBEROIRLTY,7.35868430187931,,,,,,,,,,
2018-05-07,1509820.078612752,"['TITAN', 'OBEROIRLTY', 'BRITANNIA', 'SHRIRAMFIN', 'JSWSTEEL', 'JUBLFOOD']",OBEROIRLTY,-5.9010508530987416,TITAN,-0.05672771493790016,,,JUBLFOOD,3.141586613521044,BRITANNIA,1.8479991784868162,,,,,,,,,,,,,,
2018-05-15,1475004.3557353974,"['TITAN', 'JUBLFOOD', 'BRITANNIA', 'DIVISLAB', 'OBEROIRLTY', 'CHOLAFIN']",SHRIRAMFIN,-6.308715926835681,JUBLFOOD,-7.857516487470869,BRITANNIA,-0.3270720092907123,OBEROIRLTY,2.5373825360700426,,,,,,,,,TITAN,-3.9166105102574926,,,,,,
2018-05-23,1454549.1633823114,"['JUBLFOOD', 'BRITANNIA', 'M&M', 'TATAELXSI', 'BSOFT', 'COFORGE']",CHOLAFIN,-5.48739155658627,DIVISLAB,-4.913690501008201,OBEROIRLTY,-5.965373255980292,BRITANNIA,4.782936405462584,JUBLFOOD,6.867460930478904,,,,,,,TITAN,-1.1707850727199098,,,,,,
2018-05-31,1517862.250855261,"['JUBLFOOD', 'BRITANNIA', 'M&M', 'BSOFT', 'LT', 'EXIDEIND']",JUBLFOOD,-2.2102716190800353,,,,,BRITANNIA,3.643487602796991,M&M,10.958169980888032,BSOFT,7.299128971005557,,,,,,,,,,,,
2018-06-08,1520000.2685949756,"['JUBLFOOD', 'BSOFT', 'OBEROIRLTY', 'BRITANNIA', 'EXIDEIND', 'CHOLAFIN']",M&M,-1.2243455310649833,LT,-1.930093062960886,BSOFT,-1.4796129395754265,JUBLFOOD,6.802597054122028,,,,,,,,,BRITANNIA,-0.10635882711601148,EXIDEIND,-0.4813062268839455,,,,
2018-06-18,1542911.637671321,"['JUBLFOOD', 'BSOFT', 'TECHM', 'BRITANNIA', 'EXIDEIND', 'M&M']",OBEROIRLTY,-0.7585936772736294,EXIDEIND,-2.4956558388612713,,,BSOFT,2.069569923208602,BRITANNIA,2.642094234823243,JUBLFOOD,4.906222037444428,,,,,,,,,,,,
2018-06-26,1522437.2621395674,"['BSOFT', 'JUBLFOOD', 'M&M', 'COFORGE', 'TECHM', 'BRITANNIA']",EXIDEIND,-0.019860793714041643,BRITANNIA,-0.39348336943799056,BSOFT,-2.5300447795536205,JUBLFOOD,0.09248991606835744,,,,,,,,,M&M,-1.739785856550745,TECHM,-3.1946956441583776,,,,
2018-07-04,1529522.2055431386,"['JUBLFOOD', 'M&M', 'BSOFT', 'COFORGE', 'BRITANNIA', 'EXIDEIND']",TECHM,-4.848417059587814,,,,,COFORGE,0.15772464743602813,BRITANNIA,4.12639228150725,BSOFT,1.4359417621292832,M&M,0.23383384798285226,JUBLFOOD,1.5818065362816929,,,,,,,,
2018-07-12,1570564.5275933,"['JUBLFOOD', 'M&M', 'BSOFT', 'CHOLAFIN', 'BRITANNIA', 'INFY']",JUBLFOOD,-0.30093956796090865,,,,,BSOFT,8.765863104766185,M&M,2.570545677484117,BRITANNIA,1.6810027254666282,,,,,,,,,,,,
2018-07-20,1573488.0771837947,"['JUBLFOOD', 'INFY', 'M&M', 'BSOFT', 'HINDUNILVR', 'TATAELXSI']",CHOLAFIN,-2.8569707555344666,BRITANNIA,-0.7415449260797806,M&M,-0.6606189028097037,INFY,4.152651706881869,JUBLFOOD,3.987070481010682,,,,,,,BSOFT,-2.3193595026888554,,,,,,
2018-07-30,1581926.5574119731,"['JUBLFOOD', 'BSOFT', 'INFY', 'M&M', 'HINDUNILVR', 'TATAELXSI']",JUBLFOOD,-4.144728158199025,,,,,BSOFT,0.9395371033702372,TATAELXSI,2.205110096502256,INFY,0.21511780815910733,HINDUNILVR,1.9838611090806697,M&M,2.583132075547545,,,,,,,,
2018-08-07,1604121.6085471746,"['BSOFT', 'JUBLFOOD', 'INFY', 'M&M', 'TATAELXSI', 'HINDUNILVR']",TATAELXSI,-2.792490241558921,M&M,-0.669714223495447,,,BSOFT,2.8769630031360567,INFY,1.2546402071131857,HINDUNILVR,2.4486384168037443,JUBLFOOD,5.014076527308681,,,,,,,,,,
2018-08-16,1628965.0676698978,"['JUBLFOOD', 'INFY', 'BSOFT', 'BAJFINANCE', 'HINDUNILVR', 'M&M']",BSOFT,-2.3030075208303473,,,,,INFY,4.503087429495853,HINDUNILVR,0.42484771886851175,M&M,2.615966743471425,JUBLFOOD,1.2305715334083023,,,,,,,,,,
2018-08-27,1656733.0761056368,"['HINDUNILVR', 'INFY', 'BSOFT', 'JUBLFOOD', 'BAJFINANCE', 'M&M']",BSOFT,-0.6264421285191811,INFY,-0.9898255218725986,,,HINDUNILVR,3.1598785037766794,M&M,2.6491535197923963,BAJFINANCE,3.295875604166518,JUBLFOOD,2.7789706878837532,,,,,,,,,,
2018-09-04,1602553.7628136086,"['INFY', 'BSOFT', 'JUBLFOOD', 'BAJFINANCE', 'EXIDEIND', 'TATAELXSI']",HINDUNILVR,-7.872553197313057,M&M,-4.577817629532639,BAJFINANCE,-6.92876247733625,INFY,4.161378263873796,BSOFT,3.0558075199207115,,,,,,,JUBLFOOD,-6.622622030613351,,,,,,
2018-09-12,1556535.871445469,"['INFY', 'TCS', 'COFORGE', 'BSOFT', 'PERSISTENT', 'DABUR']",EXIDEIND,-1.6770083142082326,TATAELXSI,-5.650431981721104,BAJFINANCE,-5.545622924773468,INFY,0.7800214991077724,BSOFT,2.2988530601969956,,,,,,,JUBLFOOD,-7.154465827157656,,,,,,
2018-09-24,1498899.5052736006,"['TCS', 'INFY', 'DIVISLAB', 'TECHM', 'DABUR', 'RELIANCE']",COFORGE,-7.023123415979557,BSOFT,-9.884381588494138,PERSISTENT,-3.137813114207292,TCS,7.558885947197008,,,,,,,,,INFY,-3.3180907641542134,DABUR,-4.799648750482317,,,,
2018-10-03,1478509.803418269,"['TCS', 'INFY', 'SUNPHARMA', 'TECHM', 'DIVISLAB', 'JSWSTEEL']",RELIANCE,-2.1874172988054656,DABUR,-1.6419981739846743,DIVISLAB,-3.8626750868754196,INFY,1.4270826975999267,,,,,,,,,TECHM,-0.1730065764292696,TCS,-1.6193199285200033,,,,
2018-10-11,1379226.2019386615,"['DIVISLAB', 'ADANIENT', 'DRREDDY', 'WIPRO', 'AARTIIND', 'AUROPHARMA']",SUNPHARMA,-5.500543794818009,INFY,-7.570349194831655,TCS,-8.456440411722067,,,,,,,,,,,JSWSTEEL,-5.6598686738339286,TECHM,-7.291880270241823,DIVISLAB,-4.445630205115317,,
2018-10-22,1443286.2526349525,"['COFORGE', 'DIVISLAB', 'BIOCON', 'SUNPHARMA', 'ADANIENT', 'DRREDDY']",AARTIIND,-2.551835857244874,,,,,DRREDDY,2.45629155424751,DIVISLAB,3.285515474937508,ADANIENT,21.924751356451043,,,,,,,,,,,,
2018-10-30,1449995.1255542955,"['COFORGE', 'DIVISLAB', 'BIOCON', 'HAVELLS', 'ADANIENT', 'DRREDDY']",SUNPHARMA,-7.39003996441604,COFORGE,-2.8387083787352996,BIOCON,-5.074942330096158,DIVISLAB,14.991675238883476,ADANIENT,0.326412230965134,DRREDDY,2.9729176160804176,,,,,,,,,,,,
2018-11-07,1425825.2368266839,"['TORNTPOWER', 'NESTLEIND', 'HINDUNILVR', 'DIVISLAB', 'SRF', 'HCLTECH']",COFORGE,-3.2687325793973847,ADANIENT,-1.9520832024791934,DRREDDY,-5.448473564925109,DIVISLAB,0.7908482246588424,,,,,,,,,BIOCON,-1.0942637075913035,,,,,,
2018-11-16,1452580.2027997605,"['NESTLEIND', 'TORNTPOWER', 'BAJFINANCE', 'HINDUNILVR', 'DIVISLAB', 'LT']",HCLTECH,-0.9063961154613773,TORNTPOWER,-1.0556040007139817,,,HINDUNILVR,2.7526687591306804,DIVISLAB,4.086804071186084,NESTLEIND,4.5678142913398,,,,,,,,,,,,
2018-11-27,1450642.648727601,"['NESTLEIND', 'BAJFINANCE', 'HINDUNILVR', 'INDHOTEL', 'DIVISLAB', 'TORNTPOWER']",DIVISLAB,-2.2807418412067832,NESTLEIND,-1.5799274493078168,TORNTPOWER,-2.68624108198518,HINDUNILVR,2.616766164679073,BAJFINANCE,1.3883703328663741,,,,,,,,,,,,,,
2018-12-05,1482809.7035412542,"['NESTLEIND', 'HINDUNILVR', 'TCS', 'INFY', 'BAJFINANCE', 'DIVISLAB']",DIVISLAB,-2.8099612369073266,NESTLEIND,-0.28470910165148133,,,HINDUNILVR,6.623236030901038,BAJFINANCE,2.4081826557582566,,,,,,,,,,,,,,
2018-12-13,1506381.3374489585,"['HINDUNILVR', 'NESTLEIND', 'BAJFINANCE', 'DIVISLAB', 'TCS', 'INFY']",TCS,-1.2034461613516325,BAJFINANCE,-0.20048585285864107,,,DIVISLAB,2.8135111278181513,INFY,2.3994718991259005,HINDUNILVR,0.4031189125431215,NESTLEIND,5.339646601323937,,,,,,,,,,
2018-12-21,1471412.1612284838,"['HINDUNILVR', 'NESTLEIND', 'BAJFINANCE', 'DIVISLAB', 'TORNTPOWER', 'DABUR']",INFY,-7.388054038956529,TCS,-4.3780948148392,HINDUNILVR,-2.8051157666995366,BAJFINANCE,4.103892932418096,NESTLEIND,0.1259526236979933,,,,,,,DIVISLAB,-3.1011858625751065,,,,,,
2019-01-01,1471166.7564408407,"['HINDUNILVR', 'NESTLEIND', 'BAJFINANCE', 'DIVISLAB', 'TECHM', 'RBLBANK']",DABUR,-3.632190979729629,HINDUNILVR,-0.13306252800771862,,,DIVISLAB,0.04407914857497762,BAJFINANCE,2.5315985511893793,NESTLEIND,0.04221631874412863,,,,,,,,,,,,
2019-01-09,1452258.823296178,"['HINDUNILVR', 'NESTLEIND', 'INFY', 'RBLBANK', 'BAJFINANCE', 'BRITANNIA']",DIVISLAB,-0.14910243991197814,TECHM,-3.532198838460907,HINDUNILVR,-0.8938966749834875,NESTLEIND,2.1533934610593604,RBLBANK,0.0,,,,,,,BAJFINANCE,-4.987093861987918,,,,,,
2019-01-17,1472021.000858981,"['HINDUNILVR', 'NESTLEIND', 'INFY', 'BAJFINANCE', 'DABUR', 'RELIANCE']",RBLBANK,-1.2389530254020553,HINDUNILVR,-1.8767466449521275,NESTLEIND,-0.7691644647225434,INFY,8.46768115436955,BAJFINANCE,0.45752774423294645,,,,,,,,,,,,,,
2019-01-25,1511650.23070293,"['HINDUNILVR', 'NESTLEIND', 'BAJFINANCE', 'RELIANCE', 'RBLBANK', 'DABUR']",,,,,,,HINDUNILVR,0.30259885597285185,DABUR,2.307884464068814,NESTLEIND,1.7902995636899166,RELIANCE,9.832933107492778,BAJFINANCE,2.5099730733150225,,,,,,,,
2019-02-04,1548748.6184442798,"['HINDUNILVR', 'INFY', 'NESTLEIND', 'MARICO', 'RBLBANK', 'BAJFINANCE']",BAJFINANCE,-0.19618973248220192,,,,,HINDUNILVR,2.607000006372525,NESTLEIND,1.4794677274425736,RBLBANK,3.6346208721027535,,,,,,,,,,,,
2019-02-12,1510534.630423037,"['INFY', 'HINDUNILVR', 'WIPRO', 'AXISBANK', 'RELIANCE', 'DIVISLAB']",MARICO,-1.8656996222509457,NESTLEIND,-6.5022175040989225,RBLBANK,-5.214478757681791,,,,,,,,,,,INFY,-0.7210153321155339,HINDUNILVR,-0.4493601292754165,,,,
2019-02-21,1479513.7037534532,"['INFY', 'WIPRO', 'RELIANCE', 'AXISBANK', 'HCLTECH', 'COFORGE']",HINDUNILVR,-2.2178691970822437,DIVISLAB,-5.3781750320085555,AXISBANK,-1.190471116300881,,,,,,,,,,,INFY,-2.265303043641505,RELIANCE,-0.7561373649730971,WIPRO,-0.12000823069836292,,
2019-03-01,1487130.859611865,"['INFY', 'WIPRO', 'TCS', 'MANAPPURAM', 'DRREDDY', 'RELIANCE']",RELIANCE,-1.1927631764712054,,,,,INFY,1.1521053300653779,WIPRO,0.45842261872509305,,,,,,,,,,,,,,
2019-03-12,1489213.5801138307,"['TCS', 'AUROPHARMA', 'DRREDDY', 'RELIANCE', 'DIVISLAB', 'PETRONET']",INFY,-4.71089172040573,WIPRO,-7.248716637340016,,,RELIANCE,8.588578697576008,DRREDDY,0.7879773794114359,TCS,0.854462462725975,,,,,,,,,,,,
2019-03-20,1505060.4564013984,"['INFY', 'AUROPHARMA', 'DRREDDY', 'HCLTECH', 'DIVISLAB', 'KEI']",DIVISLAB,-1.4471026633822903,,,,,AUROPHARMA,0.4332311169156571,DRREDDY,3.1798025879958716,,,,,,,,,,,,,,
2019-04-01,1561773.2792954633,"['INFY', 'DRREDDY', 'DIVISLAB', 'TECHM', 'TORNTPOWER', 'AUROPHARMA']",,,,,,,AUROPHARMA,2.0280608490815624,INFY,2.1855160810118313,DIVISLAB,2.8620826447651,DRREDDY,1.568139384676161,,,,,,,,,,
2019-04-09,1550294.6767742685,"['WIPRO', 'DRREDDY', 'SRF', 'AXISBANK', 'DIVISLAB', 'PETRONET']",AUROPHARMA,-0.8077231892572281,TORNTPOWER,-2.102680430709437,DIVISLAB,-0.4323140481808982,,,,,,,,,,,DRREDDY,-1.4849044018584563,,,,,,
2019-04-18,1567100.7283699736,"['WIPRO', 'DRREDDY', 'SRF', 'AXISBANK', 'PETRONET', 'AUROPHARMA']",PETRONET,-0.041681657511603895,SRF,-0.4888779198254629,,,DRREDDY,1.6634523694322476,WIPRO,4.017528423973867,AXISBANK,1.021744933203836,,,,,,,,,,,,
2019-04-30,1613547.3650944305,"['WIPRO', 'DRREDDY', 'SRF', 'AXISBANK', 'PETRONET', 'RECLTD']",AXISBANK,-0.5640703090659609,,,,,PETRONET,0.5210539147482393,DRREDDY,4.81049328714263,WIPRO,4.82795764520155,SRF,4.68240775590507,,,,,,,,,,
2019-05-09,1551735.7521858437,"['WIPRO', 'SRF', 'UPL', 'PETRONET', 'BAJFINANCE', 'DRREDDY']",AXISBANK,-4.674962029920167,RECLTD,-7.387341263008185,PETRONET,-1.5757838468422398,,,,,,,,,,,SRF,-5.608245858177188,DRREDDY,-1.1299740343775475,WIPRO,-2.512122710574425,,
2019-05-17,1603937.3045486342,"['WIPRO', 'SRF', 'AXISBANK', 'UPL', 'PETRONET', 'BAJFINANCE']",DRREDDY,-5.364388436850145,PETRONET,-0.2949193202217489,WIPRO,-1.5976703832887444,UPL,2.2921340691501255,SRF,15.464276862562812,BAJFINANCE,11.097654498127486,,,,,,,,,,,,
2019-05-27,1671844.5128416673,"['WIPRO', 'BAJFINANCE', 'SRF', 'UPL', 'PETRONET', 'RECLTD']",WIPRO,-2.0600817709463897,,,,,PETRONET,3.5284150409574986,UPL,5.5426807288515265,SRF,5.712080776593822,BAJFINANCE,4.480316591449376,,,,,,,,,,
2019-06-04,1687364.557479688,"['WIPRO', 'BAJFINANCE', 'SRF', 'HCLTECH', 'UPL', 'PETRONET']",UPL,-0.5411001503262274,SRF,-2.1059232403818657,,,PETRONET,0.7142806232825105,WIPRO,4.7237153405825065,BAJFINANCE,2.3818417476314844,,,,,,,,,,,,
2019-06-13,1686201.7093913525,"['WIPRO', 'UPL', 'ADANIENT', 'BAJFINANCE', 'HDFCBANK', 'SRF']",PETRONET,-3.870316209375726,UPL,-0.5885504826261387,,,SRF,0.811468959350558,BAJFINANCE,0.3780713543298002,WIPRO,1.5829640396849298,,,,,,,,,,,,
2019-06-21,1643813.96898326,"['WIPRO', 'ADANIENT', 'BAJFINANCE', 'HDFCBANK', 'SRF', 'TITAN']",UPL,-11.432847161332353,ADANIENT,-4.114976659555994,WIPRO,-4.2057360469664635,SRF,3.4834589992115808,BAJFINANCE,0.6023494885846268,,,,,,,HDFCBANK,-0.633802846453012,,,,,,
2019-07-01,1676158.668369554,"['BAJFINANCE', 'HDFCBANK', 'TITAN', 'RECLTD', 'KOTAKBANK', 'SRF']",WIPRO,-1.3468905163707139,SRF,-0.021512982801376253,,,HDFCBANK,2.955447732932393,BAJFINANCE,3.734031852841082,TITAN,2.3871057140961236,,,,,,,,,,,,
2019-07-09,1547082.588914745,"['BAJFINANCE', 'HDFCBANK', 'HINDPETRO', 'KOTAKBANK', 'SIEMENS', 'SRF']",RECLTD,-15.351414617503286,TITAN,-16.947537146899304,HDFCBANK,-4.280747659296196,,,,,,,,,,,KOTAKBANK,-1.2388467976222162,BAJFINANCE,-2.592596801139374,SRF,-7.434071740027619,,
2019-07-17,1540852.3421029109,"['BAJFINANCE', 'RECLTD', 'HDFCBANK', 'GODREJPROP', 'HINDPETRO', 'INFY']",SIEMENS,-3.1267262504069757,SRF,-3.072258496810543,BAJFINANCE,-3.7115047459668205,HINDPETRO,3.1608213684828494,HDFCBANK,0.7691700332229259,,,,,,,,,,,,,,
2019-07-25,1446815.5644235273,"['GODREJPROP', 'KOTAKBANK', 'NAUKRI', 'NESTLEIND', 'APOLLOHOSP', 'INFY']",HINDPETRO,-10.18518067844095,HDFCBANK,-4.6466021256827945,RECLTD,-4.529171087741295,INFY,0.04407405914284763,,,,,,,,,BAJFINANCE,-12.034773839144362,GODREJPROP,-4.611579279542231,,,,
2019-08-02,1427019.666315169,"['GODREJPROP', 'MUTHOOTFIN', 'INFY', 'KOTAKBANK', 'TRENT', 'TATACONSUM']",APOLLOHOSP,-2.485844757658767,NAUKRI,-2.6612917885358103,NESTLEIND,-0.726395979656475,KOTAKBANK,1.5184577972336288,,,,,,,,,INFY,-2.3788718524999064,GODREJPROP,-0.8154632996591211,,,,
2019-08-13,1407152.274601542,"['SRF', 'PETRONET', 'HINDUNILVR', 'INFY', 'KOTAKBANK', 'TRENT']",TATACONSUM,-0.7530126776489439,GODREJPROP,-3.592970350488642,MUTHOOTFIN,-3.4363425718787326,KOTAKBANK,0.2520657542639492,TRENT,1.2298424339950447,,,,,,,INFY,-1.3989198669180707,,,,,,
2019-08-22,1427311.854582425,"['INFY', 'SRF', 'PETRONET', 'TRENT', 'TCS', 'COFORGE']",KOTAKBANK,-2.1933322931597896,SRF,-1.5364217956330444,,,PETRONET,1.2430418224018822,INFY,4.047090263406565,TRENT,4.736959439253475,,,,,,,,,,,,
2019-08-30,1485786.02658601,"['BAJFINANCE', 'PETRONET', 'ASTRAL', 'RECLTD', 'INFY', 'TRENT']",SRF,-0.4717006914878249,TRENT,-0.12770458956871583,,,PETRONET,11.769643325041386,INFY,2.412983561933802,,,,,,,,,,,,,,
2019-09-11,1486738.1284588007,"['BAJFINANCE', 'BAJAJFINSV', 'PETRONET', 'COFORGE', 'RECLTD', 'MANAPPURAM']",TRENT,-2.9088912707480095,ASTRAL,-2.0199795221892627,PETRONET,-0.5433849510653314,RECLTD,3.3622358046819336,BAJFINANCE,2.5176316239421306,,,,,,,,,,,,,,
2019-09-19,1414910.8882196678,"['BAJFINANCE', 'COFORGE', 'INFY', 'TITAN', 'PETRONET', 'MANAPPURAM']",BAJAJFINSV,-2.2510842317125976,RECLTD,-15.526519608613624,PETRONET,-3.9374415450613722,,,,,,,,,,,COFORGE,-3.5055111970258404,MANAPPURAM,-1.7529596583111842,BAJFINANCE,-1.590852456664695,,
2019-09-27,1528436.1670256357,"['BAJFINANCE', 'PETRONET', 'COFORGE', 'BAJAJFINSV', 'MANAPPURAM', 'TITAN']",INFY,-4.691103799255907,,,,,PETRONET,2.1768960702424165,MANAPPURAM,16.34217388243518,COFORGE,1.7963485735899052,TITAN,11.346699269894872,BAJFINANCE,20.682322233272092,,,,,,,,
2019-10-09,1495653.911000541,"['BAJFINANCE', 'BAJAJFINSV', 'MANAPPURAM', 'INDHOTEL', 'IGL', 'PETRONET']",COFORGE,-1.4848823030822922,TITAN,-4.185946840633621,PETRONET,-1.1324365866361474,,,,,,,,,,,MANAPPURAM,-2.4049844384898322,BAJAJFINSV,-2.7145088861849684,BAJFINANCE,-0.8256517631906576,,
2019-10-17,1516360.647816586,"['BAJFINANCE', 'TITAN', 'COFORGE', 'BAJAJFINSV', 'INDHOTEL', 'ABB']",INDHOTEL,-1.4280955253387753,BAJAJFINSV,-0.019246860139899742,,,BAJFINANCE,2.060184615316271,,,,,,,,,,,,,,,,
2019-10-27,1525239.4752470956,"['BAJFINANCE', 'MANAPPURAM', 'ADANIENT', 'TITAN', 'COFORGE', 'BAJAJFINSV']",ABB,-0.24352609174309253,BAJAJFINSV,-3.7893674795353327,BAJFINANCE,-3.1143497858153397,COFORGE,7.066224405308787,TITAN,3.355398668251848,,,,,,,,,,,,,,
2019-11-05,1597354.5575484948,"['BAJFINANCE', 'ADANIENT', 'IGL', 'BAJAJFINSV', 'MANAPPURAM', 'BPCL']",TITAN,-2.7350471855307803,,,,,MANAPPURAM,2.7811834891667804,ADANIENT,9.351157752986538,BAJAJFINSV,10.551144162240323,BAJFINANCE,6.255508565079674,,,,,,,,,,
2019-11-14,1619372.6065996855,"['BAJFINANCE', 'DABUR', 'IGL', 'BAJAJFINSV', 'MANAPPURAM', 'HDFCLIFE']",BPCL,-0.5507181139696997,MANAPPURAM,-3.09248186466543,BAJFINANCE,-0.4080171014836249,IGL,9.43176839233004,BAJAJFINSV,2.4429784727810713,,,,,,,,,,,,,,
2019-11-22,1592260.8278860077,"['BAJFINANCE', 'IGL', 'MANAPPURAM', 'HDFCLIFE', 'DABUR', 'BAJAJFINSV']",IGL,-4.980579047184939,MANAPPURAM,-1.1401693750041206,BAJAJFINSV,-0.2488504145110286,HDFCLIFE,0.008526478087109409,DABUR,0.27025149880503224,,,,,,,BAJFINANCE,-3.140911332114488,,,,,,
2019-12-02,1569325.072845693,"['BAJFINANCE', 'MANAPPURAM', 'IGL', 'BAJAJFINSV', 'BHARTIARTL', 'PETRONET']",HDFCLIFE,-2.8990399308665915,DABUR,-2.1668879274173025,MANAPPURAM,-2.2423168603244803,IGL,3.085516020017816,,,,,,,,,BAJAJFINSV,-1.0067102284217306,BAJFINANCE,-3.134889481317555,,,,
2019-12-10,1552408.225295952,"['IGL', 'BAJFINANCE', 'BAJAJFINSV', 'MANAPPURAM', 'DABUR', 'HINDUNILVR']",PETRONET,-2.3548415352746326,BHARTIARTL,-2.5294411094276983,IGL,-1.7309958003981873,MANAPPURAM,0.031858842155247424,BAJFINANCE,0.9214164015035581,,,,,,,BAJAJFINSV,-0.23581203513744262,,,,,,
2019-12-18,1600294.710618684,"['DABUR', 'IGL', 'BAJFINANCE', 'HDFCLIFE', 'RELIANCE', 'SIEMENS']",HINDUNILVR,-4.779417332235783,,,,,IGL,5.406728909687332,DABUR,1.2913206658158782,BAJFINANCE,3.3234293602733356,,,,,,,,,,,,
2019-12-27,1614317.87319469,"['RELIANCE', 'BHARTIARTL', 'IGL', 'DABUR', 'ADANIGREEN', 'BAJFINANCE']",IGL,-1.1952998590541897,DABUR,-0.6482379862069123,RELIANCE,-2.125832604673093,BAJFINANCE,3.2359373271933842,,,,,,,,,,,,,,,,
2020-01-06,1651970.171188911,"['RELIANCE', 'BHARTIARTL', 'IGL', 'HDFCLIFE', 'ADANIGREEN', 'MANAPPURAM']",DABUR,-2.566324635292736,BAJFINANCE,-6.018598630562769,IGL,-3.300441910160036,ADANIGREEN,32.847686161268605,,,,,,,,,RELIANCE,-2.648560156646525,BHARTIARTL,-1.1975467617240971,,,,
2020-01-14,1678876.2705809365,"['DABUR', 'HDFCLIFE', 'RELIANCE', 'ADANIGREEN', 'BHARTIARTL', 'IGL']",HDFCLIFE,-0.8554638799096808,ADANIGREEN,-0.747756707059099,,,IGL,3.194458450427315,RELIANCE,1.8581348316736543,BHARTIARTL,4.381189873858013,,,,,,,,,,,,
2020-01-22,1736261.8393650819,"['DABUR', 'HDFCLIFE', 'ADANIGREEN', 'BHARTIARTL', 'NMDC', 'SJVN']",HDFCLIFE,-0.24419596927750709,ADANIGREEN,-0.728283356393925,,,DABUR,0.8598327582254739,BHARTIARTL,9.619678425531685,,,,,,,,,,,,,,
2020-01-30,1656129.5145193967,"['ADANIGREEN', 'NMDC', 'HDFCLIFE', 'DABUR', 'PHOENIXLTD', 'SJVN']",BHARTIARTL,-4.800772400586192,HDFCLIFE,-2.0073349371868847,NMDC,-8.856902838908937,,,,,,,,,,,DABUR,-1.6536514772619109,SJVN,-0.580271964385895,ADANIGREEN,-8.702250179299476,,
2020-02-07,1716579.2250551842,"['DABUR', 'ADANIGREEN', 'BHARTIARTL', 'PHOENIXLTD', 'SJVN', 'MCX']",HDFCLIFE,-0.7910868521023484,NMDC,-5.52326488473711,PHOENIXLTD,-0.19457727753094917,SJVN,1.3618671408898726,DABUR,7.289816219760624,ADANIGREEN,18.038239735240342,,,,,,,,,,,,
2020-02-17,1682288.7220773764,"['DABUR', 'PHOENIXLTD', 'TRENT', 'ADANIGREEN', 'BHARTIARTL', 'MCX']",SJVN,-4.030708527685943,DABUR,-2.4725074573970165,PHOENIXLTD,-1.0379024112724355,MCX,0.27302599091387936,BHARTIARTL,4.708484044254576,,,,,,,ADANIGREEN,-6.877931406800189,,,,,,
2020-02-26,1653673.8974585526,"['DABUR', 'PHOENIXLTD', 'MANAPPURAM', 'APOLLOHOSP', 'HINDUNILVR', 'INFY']",TRENT,-1.5737469142779452,BHARTIARTL,-5.116385592384802,ADANIGREEN,-13.511470747205978,DABUR,0.19962589091636512,PHOENIXLTD,6.541887509464692,,,,,,,,,,,,,,
2020-03-05,1594061.1169036464,"['DABUR', 'DIXON', 'APOLLOHOSP', 'HINDUNILVR', 'TRENT', 'BHARTIARTL']",INFY,-3.596304104385042,MANAPPURAM,-10.385934044803385,PHOENIXLTD,-7.401966782264431,DABUR,3.187580964651827,,,,,,,,,APOLLOHOSP,-2.263473662845254,HINDUNILVR,-0.8138703503319281,,,,
2020-03-16,1384921.6468962708,"['BHARTIARTL', 'DIXON', 'PIDILITIND', 'TORNTPHARM', 'DIVISLAB', 'GRANULES']",APOLLOHOSP,-14.729030638086368,HINDUNILVR,-12.448161543455992,DABUR,-16.690812696797945,,,,,,,,,,,TRENT,-16.478071464267014,DIXON,-5.25179313849798,BHARTIARTL,-11.785917962146202,,
2020-03-24,1219765.8013542544,"['ADANIGREEN', 'DIVISLAB', 'HINDUNILVR', 'TORNTPHARM', 'DIXON', 'DRREDDY']",GRANULES,-20.775801029442647,PIDILITIND,-13.879510533297601,BHARTIARTL,-13.070139145932053,DIVISLAB,1.482627650578163,,,,,,,,,TORNTPHARM,-6.528155797099765,DIXON,-17.962611116003306,,,,
2020-04-01,1300397.7843021904,"['DRREDDY', 'HINDUNILVR', 'NESTLEIND', 'ADANIGREEN', 'TORNTPHARM', 'GRANULES']",DIVISLAB,-2.237042129457154,,,,,TORNTPHARM,7.735034117575003,HINDUNILVR,7.485751654046694,DRREDDY,8.29439454227926,ADANIGREEN,8.209476712097109,,,,,,,,,,
2020-04-15,1528036.5767965035,"['DRREDDY', 'PIDILITIND', 'ADANIGREEN', 'DIVISLAB', 'AARTIIND', 'HINDUNILVR']",,,,,,,HINDUNILVR,14.126143049314411,DRREDDY,23.024223465793074,ADANIGREEN,22.825382961690156,,,,,,,,,,,,
2020-04-23,1563103.5937182654,"['TATACONSUM', 'DRREDDY', 'ADANIGREEN', 'DIVISLAB', 'DIXON', 'HINDUNILVR']",HINDUNILVR,-6.836048152456462,,,,,DIVISLAB,0.9121531715542157,DRREDDY,5.764793002742715,ADANIGREEN,6.496270899889102,,,,,,,,,,,,
2020-05-04,1563862.8969777003,"['DRREDDY', 'DIXON', 'ADANIGREEN', 'DIVISLAB', 'AARTIIND', 'TORNTPHARM']",HINDUNILVR,-10.133767459487263,DIVISLAB,-5.384110809409036,DRREDDY,-2.187676329776677,DIXON,9.984771752957867,ADANIGREEN,4.775001525878906,,,,,,,,,,,,,,
2020-05-12,1552365.4979901533,"['DIXON', 'DRREDDY', 'ADANIGREEN', 'JUBLFOOD', 'DIVISLAB', 'AARTIIND']",DRREDDY,-4.204116479533037,DIXON,-8.258565866952033,AARTIIND,-5.505096829357954,DIVISLAB,3.340416629442829,ADANIGREEN,7.874015633359156,,,,,,,,,,,,,,
2020-05-20,1567500.46278594,"['DIXON', 'DRREDDY', 'ADANIGREEN', 'DIVISLAB', 'AARTIIND', 'BALKRISIND']",JUBLFOOD,-4.512373393633368,AARTIIND,-3.24622164269383,,,DIVISLAB,0.3871203798304159,DRREDDY,3.6253675703560773,DIXON,4.346537666614917,ADANIGREEN,3.826584286532311,,,,,,,,,,
2020-05-29,1650517.9034463854,"['DIXON', 'DRREDDY', 'ADANIGREEN', 'DIVISLAB', 'NESTLEIND', 'AARTIIND']",AARTIIND,-2.5263335417303803,,,,,DIVISLAB,0.7333491017636443,DRREDDY,4.118728951415643,DIXON,11.044549833778214,ADANIGREEN,5.922458174696416,,,,,,,,,,
2020-06-08,1699231.3538191607,"['ADANIGREEN', 'DIXON', 'DIVISLAB', 'DRREDDY', 'NESTLEIND', 'BALKRISIND']",AARTIIND,-5.424375683261902,DRREDDY,-2.5459015671834546,NESTLEIND,-4.016920398643672,DIVISLAB,0.9602046497846234,DIXON,2.7533999457784177,ADANIGREEN,19.770713069097283,,,,,,,,,,,,
2020-06-16,1800278.6861047482,"['ADANIGREEN', 'DIXON', 'DRREDDY', 'DIVISLAB', 'AUROPHARMA', 'BALKRISIND']",NESTLEIND,-2.575326646511119,DIVISLAB,-3.8416036245126026,,,DRREDDY,0.9539705849326698,DIXON,5.855219891092083,BALKRISIND,3.840317745379857,ADANIGREEN,22.065495283637716,,,,,,,,,,
2020-06-24,1948428.2323842016,"['ADANIGREEN', 'JUBLFOOD', 'DIXON', 'MCX', 'DRREDDY', 'DIVISLAB']",,,,,,,DIXON,6.754166708457972,DIVISLAB,0.9050260867823632,DRREDDY,0.9287508337944927,ADANIGREEN,21.18585704053812,,,,,,,,,,
2020-07-02,1835441.1209573278,"['ADANIGREEN', 'DIXON', 'JUBLFOOD', 'MCX', 'AUROPHARMA', 'BALKRISIND']",DIVISLAB,-6.180197500089804,DRREDDY,-3.020308193197362,JUBLFOOD,-2.3760305850745524,DIXON,5.235254370100454,MCX,4.284146512879947,,,,,,,ADANIGREEN,-18.730842936433238,,,,,,
2020-07-10,1875809.7232116263,"['DIXON', 'ADANIGREEN', 'MCX', 'AUROPHARMA', 'BALKRISIND', 'DRREDDY']",JUBLFOOD,-6.087574053129679,BALKRISIND,-1.1109133207580886,,,AUROPHARMA,5.244612069921921,MCX,3.6503800131002873,DIXON,4.566988411025365,ADANIGREEN,3.6597220671027073,,,,,,,,,,
2020-07-20,1923136.9031811443,"['DIXON', 'ADANIGREEN', 'JUBLFOOD', 'AUROPHARMA', 'DRREDDY', 'DIVISLAB']",BALKRISIND,-0.850454815666748,ADANIGREEN,-5.686558760301188,,,AUROPHARMA,0.34724618001602603,DIXON,9.649115403623961,DRREDDY,8.243715898918438,,,,,,,,,,,,
2020-07-28,1907103.6047817837,"['DIXON', 'JUBLFOOD', 'AUROPHARMA', 'BALKRISIND', 'DRREDDY', 'ADANIGREEN']",AUROPHARMA,-3.933939977077051,DRREDDY,-0.9958124155413806,JUBLFOOD,-3.202330922488484,DIXON,3.778956875403821,,,,,,,,,ADANIGREEN,-3.40049264150973,,,,,,
2020-08-05,2059216.8527269438,"['DIXON', 'AUROPHARMA', 'ADANIGREEN', 'BSOFT', 'DIVISLAB', 'BIOCON']",,,,,,,AUROPHARMA,8.777794125249022,DIXON,10.981881079469973,ADANIGREEN,1.4494969948241536,,,,,,,,,,,,
2020-08-13,2190491.4626392745,"['DIXON', 'AUROPHARMA', 'BIOCON', 'BSOFT', 'DIVISLAB', 'MCX']",BIOCON,-3.6624213485788504,,,,,AUROPHARMA,2.399347910784147,DIVISLAB,17.158658870278604,BSOFT,17.826814821813258,DIXON,2.9810918721160284,,,,,,,,,,
2020-08-21,2269047.823540615,"['DIXON', 'BSOFT', 'DIVISLAB', 'AUROPHARMA', 'BIOCON', 'MCX']",AUROPHARMA,-2.711918402766002,DIXON,-0.2918844267158501,,,DIVISLAB,3.898566782177542,BSOFT,18.306030466425213,MCX,3.4335459577762344,BIOCON,0.20342843013304782,,,,,,,,,,
2020-08-31,2168854.8062037923,"['DIXON', 'DIVISLAB', 'AUROPHARMA', 'BSOFT', 'MCX', 'BRITANNIA']",BIOCON,-4.542569664795443,AUROPHARMA,-5.51889994517926,DIVISLAB,-3.8354248520143077,DIXON,0.1992813098016102,,,,,,,,,BSOFT,-7.303681662842665,MCX,-6.6518731574928465,,,,
2020-09-08,2270797.5457355706,"['DIXON', 'DIVISLAB', 'BSOFT', 'BIOCON', 'JUBLFOOD', 'LAURUSLABS']",AUROPHARMA,-2.787727901327087,MCX,-3.121864967696883,DIVISLAB,-0.3266449054369995,DIXON,18.65051125340581,BSOFT,8.252880632056346,,,,,,,,,,,,,,
2020-09-16,2435381.8009273387,"['DIXON', 'BSOFT', 'DIVISLAB', 'AUROPHARMA', 'BIOCON', 'JUBLFOOD']",,,,,,,DIVISLAB,4.232808311459676,BSOFT,14.902162597830232,DIXON,3.972020815696283,JUBLFOOD,4.787039290646799,BIOCON,5.495427533732608,,,,,,,,
2020-09-24,2197455.196300498,"['DIXON', 'BSOFT', 'ADANIENT', 'DIVISLAB', 'JUBLFOOD', 'LAURUSLABS']",AUROPHARMA,-10.617725370518787,BIOCON,-6.9303495196214415,DIXON,-15.582508769321834,,,,,,,,,,,DIVISLAB,-6.901239014882083,BSOFT,-8.087119133414701,JUBLFOOD,-5.082478466022447,,
2020-10-05,2407341.333402903,"['DIXON', 'BSOFT', 'JUBLFOOD', 'ADANIENT', 'DIVISLAB', 'LAURUSLABS']",,,,,,,DIVISLAB,3.501142909512472,ADANIENT,20.76169913932633,BSOFT,11.441038615877376,LAURUSLABS,14.375296025564863,DIXON,4.867082347782375,,,,,,,JUBLFOOD,5.1048020496437205
2020-10-13,2426161.4761292054,"['DIXON', 'BSOFT', 'DIVISLAB', 'JUBLFOOD', 'CDSL', 'ADANIENT']",BSOFT,-0.6355692525204021,ADANIENT,-4.102882543852935,JUBLFOOD,-4.1437969974695505,DIVISLAB,0.41422234200799957,DIXON,2.0332808978739605,,,,,,,,,,,,,,
2020-10-21,2410153.0179041955,"['DIXON', 'BSOFT', 'ADANIENT', 'TATAELXSI', 'DIVISLAB', 'BIOCON']",CDSL,-2.4678484740319466,JUBLFOOD,-0.6517320933202532,DIVISLAB,-1.9177124196521294,DIXON,3.813682307332225,,,,,,,,,ADANIENT,-0.3831344644410621,BSOFT,-3.9606391139726034,,,,
2020-10-29,2329201.7629530644,"['DIXON', 'ADANIENT', 'TATAELXSI', 'DIVISLAB', 'JUBLFOOD', 'CDSL']",BIOCON,-8.280251546488488,BSOFT,-10.527659040916648,TATAELXSI,-2.263962192275008,DIVISLAB,0.9305223741757155,ADANIENT,5.416675042348263,,,,,,,DIXON,-3.369763990767104,,,,,,
2020-11-06,2446340.1671262337,"['DIXON', 'DIVISLAB', 'TATAELXSI', 'BSOFT', 'LAURUSLABS', 'PIIND']",CDSL,-0.010759351675531333,,,,,TATAELXSI,2.9294709792511733,DIXON,10.680668424825857,DIVISLAB,4.172030772411722,,,,,,,,,,,,
2020-11-14,2502520.631946364,"['DIXON', 'TATAELXSI', 'BSOFT', 'DIVISLAB', 'LAURUSLABS', 'PIIND']",TATAELXSI,-3.1519632926210774,,,,,DIVISLAB,6.415935918036003,BSOFT,1.1747210308827218,LAURUSLABS,4.960181243607602,PIIND,1.3342615636233774,DIXON,2.865674378976699,,,,,,,,
2020-11-24,2586430.2073184517,"['DIXON', 'TATAELXSI', 'DIVISLAB', 'ADANIGREEN', 'BSOFT', 'LAURUSLABS']",,,,,,,DIVISLAB,2.6734851027006705,BSOFT,6.129752156786625,LAURUSLABS,0.017258434578717226,TATAELXSI,3.892832237050147,DIXON,5.511040336225022,,,,,,,,
2020-12-03,2678319.2919155317,"['DIXON', 'TATAELXSI', 'ADANIGREEN', 'DIVISLAB', 'PIIND', 'BSOFT']",BSOFT,-2.590003703448763,ADANIGREEN,-4.991081873255333,,,DIVISLAB,4.390659696828312,TATAELXSI,8.242667605711501,DIXON,5.149131579805897,,,,,,,,,,,,
2020-12-11,2718021.4244351857,"['DIXON', 'TATAELXSI', 'ADANIGREEN', 'DIVISLAB', 'BIOCON', 'LAURUSLABS']",PIIND,-1.2213344637349632,TATAELXSI,-5.057942841537216,DIVISLAB,-1.3609134547145967,DIXON,10.508778204576668,,,,,,,,,ADANIGREEN,-9.039301310043669,,,,,,
2020-12-21,2715503.203451292,"['DIXON', 'ADANIGREEN', 'TATAELXSI', 'ADANIENT', 'M&M', 'TATACONSUM']",BIOCON,-1.2074656383613014,DIVISLAB,-0.21828994880123603,TATAELXSI,-3.381387310538629,DIXON,2.6289267526388116,,,,,,,,,ADANIGREEN,-2.0355268561719875,,,,,,
2020-12-30,2913810.9050056394,"['DIXON', 'TATAELXSI', 'ADANIGREEN', 'ACC', 'ADANIENT', 'M&M']",,,,,,,ADANIENT,12.80288270862386,TATAELXSI,19.341953398583815,M&M,5.065965764351234,DIXON,3.130532102538095,ADANIGREEN,3.2000356531937273,,,,,,,,
2021-01-07,3156077.838836396,"['DIXON', 'ADANIENT', 'TATAELXSI', 'TATACONSUM', 'LAURUSLABS', 'APLAPOLLO']",,,,,,,TATAELXSI,7.955063987806417,DIXON,17.08687926492813,ADANIENT,7.012281970443499,,,,,,,,,,,,
2021-01-15,3230390.1838299213,"['DIXON', 'LAURUSLABS', 'ADANIENT', 'TATAELXSI', 'TATACONSUM', 'BSOFT']",DIXON,-4.825045142760807,,,,,ADANIENT,1.775722634009438,LAURUSLABS,4.770667511297996,TATAELXSI,17.951931650340132,TATACONSUM,0.2579746479877076,,,,,,,,,,
2021-01-25,3145107.505183239,"['DIXON', 'LAURUSLABS', 'APLAPOLLO', 'ADANIENT', 'TATAELXSI', 'TATACONSUM']",BSOFT,-4.017861576876243,ADANIENT,-2.5412333379439542,TATACONSUM,-4.780892696053818,LAURUSLABS,2.5672195341931996,TATAELXSI,5.129768710867746,,,,,,,DIXON,-7.729515667570011,,,,,,
2021-02-03,3385917.5916034128,"['DIXON', 'ADANIENT', 'TATAELXSI', 'LAURUSLABS', 'APLAPOLLO', 'M&M']",LAURUSLABS,-9.972315602458384,,,,,ADANIENT,10.254898743699387,APLAPOLLO,0.5041676691290371,TATAELXSI,16.03833977892486,DIXON,15.519479912945197,,,,,,,,,,
2021-02-11,3756776.505843638,"['DIXON', 'ADANIENT', 'TATAELXSI', 'LAURUSLABS', 'APLAPOLLO', 'ACC']",APLAPOLLO,-0.623088867234039,TATAELXSI,-1.4358828286199716,,,ADANIENT,16.23719381045916,LAURUSLABS,7.6325541289715915,DIXON,22.420133730999396,,,,,,,,,,,,
2021-02-19,3854673.1912286473,"['DIXON', 'LAURUSLABS', 'ADANIENT', 'TATAELXSI', 'APLAPOLLO', 'APOLLOHOSP']",ACC,-1.610396162277036,LAURUSLABS,-0.544449922077089,TATAELXSI,-3.329793630822591,ADANIENT,18.721550656287658,APLAPOLLO,2.97023785886523,DIXON,0.20500469359472617,,,,,,,,,,,,
2021-03-01,3965870.154533887,"['DIXON', 'ADANIENT', 'APOLLOHOSP', 'TATAELXSI', 'LAURUSLABS', 'APLAPOLLO']",LAURUSLABS,-0.45162945030115825,TATAELXSI,-4.322068029786003,,,ADANIENT,8.901395916712177,APLAPOLLO,12.77157256257993,DIXON,0.0218207562976203,APOLLOHOSP,5.520633851775903,,,,,,,,,,
2021-03-09,4074444.054576887,"['DIXON', 'ADANIENT', 'APOLLOHOSP', 'TATAELXSI', 'SIEMENS', 'DALBHARAT']",LAURUSLABS,-4.66042550180044,APOLLOHOSP,-6.330410077912036,,,TATAELXSI,1.2261173372698209,DIXON,0.14294623769155132,ADANIENT,6.306514825103872,,,,,,,,,,,,
2021-03-18,4178253.2667764057,"['DIXON', 'ADANIENT', 'APOLLOHOSP', 'TATAELXSI', 'DALBHARAT', 'APLAPOLLO']",SIEMENS,-5.788141958776789,ADANIENT,-3.7726518331113836,,,DALBHARAT,8.332463441155074,TATAELXSI,0.7685486170840089,DIXON,8.662369150639455,APOLLOHOSP,2.515491474765106,,,,,,,,,,
2021-03-26,4100090.9926721235,"['DIXON', 'ADANIENT', 'APOLLOHOSP', 'APLAPOLLO', 'SIEMENS', 'TATAPOWER']",DALBHARAT,-1.3386486245104503,TATAELXSI,-0.9159835971228159,APOLLOHOSP,-3.616441509694953,ADANIENT,13.460762112675473,APLAPOLLO,9.359634204966321,,,,,,,DIXON,-14.520184032838454,,,,,,
2021-04-07,4262729.374107182,"['DIXON', 'ADANIENT', 'APLAPOLLO', 'APOLLOHOSP', 'TATAELXSI', 'TATAPOWER']",SIEMENS,-1.0443391034526608,APLAPOLLO,-6.725399478420971,DIXON,-0.29521607322745863,ADANIENT,17.934843039987836,TATAPOWER,0.9666475716775672,APOLLOHOSP,8.629938027582142,,,,,,,,,,,,
2021-04-16,4258385.703947676,"['DIXON', 'ADANIENT', 'APOLLOHOSP', 'TATAELXSI', 'TECHM', 'PERSISTENT']",TATAPOWER,-6.988978404669613,ADANIENT,-0.5619656829677382,APOLLOHOSP,-1.1879401702705734,TATAELXSI,0.5905555466468598,DIXON,3.388311648498804,,,,,,,,,,,,,,
2021-04-27,4417009.748500306,"['DIXON', 'ADANIENT', 'APLAPOLLO', 'APOLLOHOSP', 'TITAN', 'ACC']",TECHM,-4.063146101885262,PERSISTENT,-0.5148492479896247,,,APOLLOHOSP,4.248613768065744,DIXON,7.958302364801289,ADANIENT,2.7739388258836195,,,,,,,,,,,,
2021-05-05,4514786.057395481,"['ADANIENT', 'DIXON', 'APOLLOHOSP', 'GRASIM', 'ADANIPORTS', 'APLAPOLLO']",TITAN,-4.4612396619079755,APLAPOLLO,-0.7805937369921393,,,APOLLOHOSP,4.445236647336778,DIXON,2.094850662775504,ADANIENT,6.409764591131478,,,,,,,,,,,,
2021-05-14,4323803.032423449,"['DIXON', 'ADANIENT', 'GRASIM', 'TATACONSUM', 'APLAPOLLO', 'NMDC']",APOLLOHOSP,-5.759249848897995,ADANIPORTS,-0.616453371669408,DIXON,-3.98717711478075,,,,,,,,,,,ADANIENT,-3.719905923425685,GRASIM,-3.793355225382463,APLAPOLLO,-8.262652642698827,,
2021-05-24,4401094.629595068,"['DIXON', 'ADANIENT', 'PIDILITIND', 'TATACONSUM', 'APLAPOLLO', 'NMDC']",NMDC,-1.5612323653459301,TATACONSUM,-0.7827672313678529,DIXON,-1.205104766292149,ADANIENT,7.084042385705103,APLAPOLLO,4.8611119709796435,,,,,,,,,,,,,,
2021-06-01,4600557.90556146,"['DIXON', 'ADANIENT', 'GRASIM', 'NMDC', 'APOLLOHOSP', 'PIDILITIND']",NMDC,-0.7930173783357648,,,,,DIXON,5.146731104863098,ADANIENT,8.375408653533254,PIDILITIND,0.3495243312319108,,,,,,,,,,,,
2021-06-09,4819258.6295880135,"['DIXON', 'NMDC', 'ADANIENT', 'APOLLOHOSP', 'GRASIM', 'PIDILITIND']",NMDC,-1.1025188910402435,,,,,ADANIENT,12.59665452034291,PIDILITIND,0.4329894603123335,DIXON,2.1534530283610507,APOLLOHOSP,2.04025993324389,GRASIM,3.2882127966731662,,,,,,,,
2021-06-17,4631451.090942374,"['APOLLOHOSP', 'PIDILITIND', 'TITAN', 'DIXON', 'ADANIENT', 'GRASIM']",ADANIENT,-14.23197046151806,APOLLOHOSP,-1.9752667965145896,GRASIM,-2.268697705902065,PIDILITIND,2.4710369970900157,DIXON,2.4619411624611183,,,,,,,,,,,,,,
2021-06-25,4898118.809713239,"['ADANIENT', 'PIDILITIND', 'TITAN', 'DIXON', 'APOLLOHOSP', 'GRASIM']",,,,,,,ADANIENT,11.095265103879926,TITAN,2.4804223050029695,PIDILITIND,0.32433805742064437,DIXON,4.6509315402082185,APOLLOHOSP,6.122319331804455,,,,,,,GRASIM,3.3363245009929763
2021-07-05,4885438.117840988,"['ADANIENT', 'PIDILITIND', 'TITAN', 'DIXON', 'APOLLOHOSP', 'GRASIM']",ADANIENT,-8.17232330347407,TITAN,-0.22522606931469996,GRASIM,-1.138154042392233,PIDILITIND,6.2270034895109845,DIXON,2.452715810420547,APOLLOHOSP,8.11574508084125,,,,,,,,,,,,
2021-07-13,4921131.331004215,"['PIDILITIND', 'DIXON', 'ADANIENT', 'TATACHEM', 'TATAPOWER', 'TITAN']",DIXON,-0.5044027802744069,PIDILITIND,-0.8226086175332806,TITAN,-1.4657964527134772,ADANIENT,1.67460791215029,,,,,,,,,,,,,,,,
2021-07-22,4911805.470077159,"['PIDILITIND', 'DIXON', 'ADANIENT', 'TITAN', 'JSL', 'OIL']",TATAPOWER,-0.2821496884434914,TATACHEM,-2.5863717570350566,ADANIENT,-0.06700833903597186,DIXON,0.004351404031703818,PIDILITIND,2.752948467205776,,,,,,,TITAN,-1.0681489625671712,,,,,,
2021-07-30,4899531.384951745,"['PIDILITIND', 'ADANIENT', 'VEDL', 'TATACHEM', 'TATACONSUM', 'OIL']",DIXON,-6.144256417935024,PIDILITIND,-1.0052357619462386,,,ADANIENT,0.247047450633454,OIL,3.3767133549199255,,,,,,,,,,,,,,
2021-08-09,5068997.982664046,"['ADANIENT', 'TATACONSUM', 'PIDILITIND', 'TATACHEM', 'KEI', 'APOLLOHOSP']",OIL,-0.809098787056491,PIDILITIND,-2.0624778121200094,,,TATACONSUM,1.1371856220787893,ADANIENT,5.150507097854478,TATACHEM,10.895617581480877,,,,,,,,,,,,
2021-08-17,5267561.4948479105,"['ADANIENT', 'APOLLOHOSP', 'BALKRISIND', 'HAL', 'PIDILITIND', 'TATACONSUM']",KEI,-0.16171487782668975,ADANIENT,-3.465248997059351,PIDILITIND,-0.7034749279637327,APOLLOHOSP,22.89882157504023,TATACONSUM,8.88409568805137,,,,,,,,,,,,,,
2021-08-26,5442930.344993418,"['ADANIENT', 'APOLLOHOSP', 'BALKRISIND', 'HAL', 'TATACHEM', 'TATASTEEL']",APOLLOHOSP,-4.414833393387409,BALKRISIND,-1.2858568023748185,,,ADANIENT,2.3618670784603344,HAL,20.87356127274655,,,,,,,,,,,,,,
2021-09-03,5756402.120553785,"['ADANIENT', 'TATACHEM', 'BAJAJFINSV', 'APOLLOHOSP', 'BALKRISIND', 'CHAMBLFERT']",,,,,,,APOLLOHOSP,6.683454147707973,ADANIENT,6.0886535886939885,TATACHEM,1.7420755514790796,BALKRISIND,6.110536886059753,,,,,,,,,,
2021-09-14,5691200.241509338,"['TATACHEM', 'BAJAJFINSV', 'ADANIENT', 'APOLLOHOSP', 'CHAMBLFERT', 'SRF']",ADANIENT,-3.343880482103593,TATACHEM,-0.6242565301592518,APOLLOHOSP,-5.625607860525014,BAJAJFINSV,0.5790478060729009,CHAMBLFERT,1.3767992969642158,,,,,,,,,,,,,,
2021-09-22,5641392.100068673,"['BAJAJFINSV', 'SRF', 'TATACHEM', 'TATACONSUM', 'HCLTECH', 'OFSS']",ADANIENT,-4.9861255853742215,CHAMBLFERT,-4.480176672519215,TATACHEM,-1.2503662391489119,BAJAJFINSV,4.6550331151851765,SRF,0.508611074474417,,,,,,,,,,,,,,
2021-09-30,5669744.950381699,"['BAJAJFINSV', 'ADANIENT', 'APOLLOHOSP', 'SRF', 'TATACHEM', 'TATAELXSI']",HCLTECH,-2.732760859644712,TATACONSUM,-4.747419675819983,OFSS,-2.5027175558292556,BAJAJFINSV,0.9764563993398444,TATACHEM,11.38978928646502,SRF,5.110551326502059,,,,,,,,,,,,
2021-10-08,5890483.665250757,"['BAJAJFINSV', 'TATAELXSI', 'TATACONSUM', 'OFSS', 'COFORGE', 'ADANIENT']",APOLLOHOSP,-2.2837839282657555,BAJAJFINSV,-1.3341367897631202,,,TATAELXSI,11.398727901616201,ADANIENT,5.435599860388131,,,,,,,,,,,,,,
2021-10-19,6085804.598106863,"['BAJAJFINSV', 'TATAELXSI', 'COFORGE', 'BALKRISIND', 'TRENT', 'SRF']",,,,,,,TATAELXSI,0.9251013268422602,BAJAJFINSV,8.701703211357767,COFORGE,3.8178520740208164,,,,,,,,,,,,
2021-10-27,5631899.42128889,"['BAJAJFINSV', 'TRENT', 'TATAELXSI', 'JSWENERGY', 'CGPOWER', 'RELIANCE']",COFORGE,-13.965094653585963,SRF,-7.056973513272884,BALKRISIND,-3.820994586084392,,,,,,,,,,,TATAELXSI,-6.712939930387608,BAJAJFINSV,-5.5804187835907415,TRENT,-7.41505343777828,,
2021-11-04,5631252.356542628,"['BAJAJFINSV', 'TRENT', 'TATAELXSI', 'CHAMBLFERT', 'RELIANCE', 'SRF']",JSWENERGY,-9.289308616066224,RELIANCE,-4.892661869505138,BAJAJFINSV,-2.3206731150699045,TATAELXSI,6.015703227940601,TRENT,5.84710151678174,,,,,,,,,,,,,,
2021-11-15,5859271.386522677,"['BAJAJFINSV', 'TRENT', 'COFORGE', 'TATAELXSI', 'PERSISTENT', 'ADANIENT']",,,,,,,TATAELXSI,6.417898451584712,BAJAJFINSV,3.049339986590367,TRENT,5.747951579176977,,,,,,,,,,,,
2021-11-24,5606929.021494105,"['BAJAJFINSV', 'TRENT', 'COFORGE', 'CGPOWER', 'TATAELXSI', 'MPHASIS']",PERSISTENT,-3.4928481163801437,TATAELXSI,-9.17090981744014,TRENT,-5.3102327533198554,,,,,,,,,,,BAJAJFINSV,-3.981144414066046,COFORGE,-2.1560384219232667,,,,
2021-12-02,5546257.074006885,"['TATAELXSI', 'COFORGE', 'BAJAJFINSV', 'CDSL', 'CGPOWER', 'KEI']",TRENT,-5.877256253096215,MPHASIS,-3.270399362796194,TATAELXSI,-0.5405610610623915,COFORGE,0.6777982984332261,CGPOWER,1.0614484428067403,BAJAJFINSV,2.0073276042781885,,,,,,,,,,,,
2021-12-10,5539700.0814536745,"['TATAELXSI', 'COFORGE', 'KEI', 'BAJAJFINSV', 'PERSISTENT', 'CDSL']",COFORGE,-1.824849183473786,BAJAJFINSV,-0.2649494189976272,KEI,-2.9573221386678243,TATAELXSI,0.23412727413195134,,,,,,,,,CDSL,-0.871741418440134,,,,,,
2021-12-20,5260466.497094866,"['KEI', 'PERSISTENT', 'CDSL', 'CHAMBLFERT', 'PIDILITIND', 'JSL']",TATAELXSI,-9.342232697639457,BAJAJFINSV,-10.642476400622934,COFORGE,-2.5097176800367316,PERSISTENT,1.8431717353542956,,,,,,,,,KEI,-4.407336719493469,CDSL,-3.422793374450793,,,,
2021-12-28,5527027.38003232,"['COFORGE', 'KEI', 'CDSL', 'CHAMBLFERT', 'PERSISTENT', 'TITAN']",,,,,,,KEI,8.883049159750216,CHAMBLFERT,3.686893454003945,CDSL,0.8360931424027307,PERSISTENT,5.196337557048502,,,,,,,,,,
2022-01-05,5769795.971732476,"['CHAMBLFERT', 'TATAELXSI', 'COFORGE', 'BAJAJFINSV', 'TRENT', 'KEI']",KEI,-0.20267739647617783,,,,,COFORGE,5.017958846441073,CHAMBLFERT,10.564284579910106,,,,,,,,,,,,,,
2022-01-13,5958462.746373061,"['TATAELXSI', 'COFORGE', 'CHAMBLFERT', 'TRENT', 'ASTRAL', 'BAJAJFINSV']",KEI,-1.2314082278061176,COFORGE,-3.5836347504687462,,,BAJAJFINSV,1.3152936073600277,TATAELXSI,7.343481584810166,TRENT,10.463656530951534,CHAMBLFERT,5.220234782382694,,,,,,,,,,
2022-01-21,5894215.846379408,"['CHAMBLFERT', 'TRENT', 'TATAELXSI', 'ASTRAL', 'KEI', 'BAJFINANCE']",BAJAJFINSV,-10.369277342248532,COFORGE,-9.190365348452538,TRENT,-0.08877518115264577,TATAELXSI,12.48017717685551,CHAMBLFERT,3.477292093266627,,,,,,,ASTRAL,-4.288404575969537,,,,,,
2022-02-01,5552630.063018941,"['CHAMBLFERT', 'TATAELXSI', 'PERSISTENT', 'CGPOWER', 'SRF', 'KEI']",TRENT,-10.27626770225367,BAJFINANCE,-4.870658649216522,ASTRAL,-8.205883545782736,TATAELXSI,3.668391476627881,,,,,,,,,KEI,-5.914391066160977,CHAMBLFERT,-9.770985843178535,,,,
2022-02-09,5532783.293610878,"['TATAELXSI', 'PERSISTENT', 'CGPOWER', 'SRF', 'CDSL', 'HAL']",KEI,-4.181104843277153,CHAMBLFERT,-3.0680086962565647,CGPOWER,-1.034771941622797,TATAELXSI,2.717401412850428,SRF,5.78669504729522,,,,,,,PERSISTENT,-2.895451447564984,,,,,,
2022-02-17,5247890.765259465,"['TATAELXSI', 'CGPOWER', 'HAL', 'RELIANCE', 'SRF', 'ADANIGREEN']",CDSL,-2.131250647324337,PERSISTENT,-10.383606075657926,TATAELXSI,-9.474157572108425,CGPOWER,0.6970699052094513,,,,,,,,,SRF,-5.844116592680732,HAL,-1.6550891069054865,,,,
2022-02-25,5015655.340892074,"['SRF', 'ADANIGREEN', 'BANKBARODA', 'FEDERALBNK', 'CUMMINSIND', 'ONGC']",TATAELXSI,-6.360519269410256,RELIANCE,-6.529560640749842,CGPOWER,-2.3939999254934086,,,,,,,,,,,HAL,-3.660554414518645,SRF,-0.32471198228427645,ADANIGREEN,-6.060752933464216,,
2022-03-08,4826619.78718532,"['TRENT', 'PERSISTENT', 'ADANIGREEN', 'INFY', 'IOC', 'SUNPHARMA']",CUMMINSIND,-1.4745748755624084,BANKBARODA,-8.754691895548378,SRF,-9.697317628547864,,,,,,,,,,,FEDERALBNK,-7.338505600804323,ADANIGREEN,-7.255006437646218,,,,
2022-03-16,5075617.043235792,"['TATAELXSI', 'CHAMBLFERT', 'TRENT', 'ADANIGREEN', 'PIDILITIND', 'RELIANCE']",,,,,,,TRENT,8.640199485859547,ADANIGREEN,2.7859567029635315,,,,,,,,,,,,,,
2022-03-25,5406020.5215486325,"['TATAELXSI', 'CHAMBLFERT', 'TRENT', 'ADANIGREEN', 'CGPOWER', 'GAIL']",PIDILITIND,-0.2618814528989683,,,,,TATAELXSI,16.97951714509153,CHAMBLFERT,1.9020478306080228,TRENT,7.688373092403701,ADANIGREEN,4.77735524334475,,,,,,,,,,
2022-04-04,5782715.558677263,"['TATAELXSI', 'CHAMBLFERT', 'TRENT', 'ADANIGREEN', 'PERSISTENT', 'CGPOWER']",,,,,,,CGPOWER,1.0840161149293492,TATAELXSI,6.772760138016134,TRENT,2.6440993667001123,CHAMBLFERT,13.102352432665512,ADANIGREEN,9.847752826122317,,,,,,,,
2022-04-12,5924016.530452104,"['CHAMBLFERT', 'TATAELXSI', 'TRENT', 'ADANIGREEN', 'CGPOWER', 'IOC']",PERSISTENT,-8.530731778364995,TATAELXSI,-6.664478160448549,TRENT,-3.410185597186151,CGPOWER,8.82036717736613,ADANIGREEN,32.31301224618982,,,,,,,CHAMBLFERT,-1.1217784242645403,,,,,,
2022-04-22,6015038.410644714,"['CHAMBLFERT', 'TATAELXSI', 'ADANIGREEN', 'TRENT', 'CGPOWER', 'IOC']",CGPOWER,-4.853408368677641,TATAELXSI,-0.6094450169117057,,,IOC,6.584677653677969,TRENT,2.8868309954259033,CHAMBLFERT,2.3671971987065388,ADANIGREEN,3.2373639036621973,,,,,,,,,,
2022-05-02,5783639.821939295,"['CHAMBLFERT', 'ADANIGREEN', 'CGPOWER', 'TRENT', 'BANKBARODA', 'CESC']",TATAELXSI,-8.204717883385166,IOC,-5.731290733582052,CGPOWER,-0.2589404369949117,,,,,,,,,,,CHAMBLFERT,-1.6624190860582595,TRENT,-5.160881277390956,ADANIGREEN,-1.8194099584949088,,
2022-05-11,5188165.118112982,"['ADANIGREEN', 'ABB', 'SOLARINDS', 'POWERGRID', 'ADANIENT', 'ITC']",CGPOWER,-11.578387792618427,BANKBARODA,-10.19954456515946,TRENT,-14.284534297037588,,,,,,,,,,,CHAMBLFERT,-11.465097477221557,CESC,-7.413992700066839,ADANIGREEN,-6.440901038323267,,
2022-05-19,5102815.220104798,"['TATAELXSI', 'ABB', 'POWERGRID', 'ADANIENT', 'ITC', 'M&M']",ADANIGREEN,-12.48277195419352,ADANIENT,-0.21471932416212725,POWERGRID,-4.556836011917329,ABB,0.22247976761947622,ITC,7.823204364892226,,,,,,,,,,,,,,
2022-05-27,5153440.806418627,"['TATAELXSI', 'RELIANCE', 'GMRAIRPORT', 'POWERGRID', 'ADANIENT', 'ITC']",ADANIENT,-1.6361185469446384,ITC,-0.04916170605573504,POWERGRID,-1.5768869821691918,TATAELXSI,0.9126737178914421,,,,,,,,,,,,,,,,
2022-06-06,5310759.786640302,"['TATAELXSI', 'ABB', 'POWERGRID', 'ADANIENT', 'CGPOWER', 'INDHOTEL']",GMRAIRPORT,-1.9788917409089932,,,,,TATAELXSI,4.310349940323817,ADANIENT,6.965850662213617,POWERGRID,0.04450012227841464,,,,,,,,,,,,
2022-06-14,5115741.089053785,"['ABB', 'TATAELXSI', 'ITC', 'RELIANCE', 'M&MFIN', 'KEI']",INDHOTEL,-5.398911419504033,CGPOWER,-8.326564825390053,ADANIENT,-1.2853791732804523,,,,,,,,,,,POWERGRID,-0.3781089754432349,TATAELXSI,-3.559008225200662,ABB,-1.7812883672861095,,
2022-06-22,4851710.448906711,"['ASHOKLEY', 'TVSMOTOR', 'TATASTEEL', 'MARUTI', 'EICHERMOT', 'ITC']",ABB,-4.540465953209645,TATAELXSI,-10.210029537171577,KEI,-8.05805399618625,,,,,,,,,,,M&MFIN,-2.1959001857269898,RELIANCE,-4.661167992501029,ITC,-0.05651177407715479,,
2022-06-30,5203280.906963453,"['ABB', 'TATAELXSI', 'RELIANCE', 'TVSMOTOR', 'ASHOKLEY', 'TATASTEEL']",,,,,,,ASHOKLEY,10.753109947172328,TATASTEEL,3.454242646345941,TVSMOTOR,13.180536408722284,,,,,,,,,,,,
2022-07-08,5213961.915992696,"['ABB', 'TVSMOTOR', 'TATAELXSI', 'BANKBARODA', 'TRENT', 'TATASTEEL']",ASHOKLEY,-2.503381215971953,RELIANCE,-7.868945832453591,TATAELXSI,-2.171212911737798,TATASTEEL,2.174035965363885,ABB,12.525542340292201,,,,,,,TVSMOTOR,-0.3325583284335535,,,,,,
2022-07-18,5302870.8284783745,"['ABB', 'TVSMOTOR', 'CHOLAFIN', 'TATAELXSI', 'POONAWALLA', 'BANKBARODA']",ABB,-0.09849444343654375,,,,,TATAELXSI,1.3874324653974914,TVSMOTOR,4.653512024485195,BANKBARODA,2.2727267512812155,,,,,,,,,,,,
2022-07-26,5428225.285946871,"['ABB', 'BOSCHLTD', 'TVSMOTOR', 'CHOLAFIN', 'TATAELXSI', 'BANKBARODA']",POONAWALLA,-1.0721890484879908,TVSMOTOR,-1.5656958495273685,,,ABB,4.9042066647850175,BANKBARODA,7.870363931048171,TATAELXSI,3.1743438963301758,CHOLAFIN,1.2017301955087225,,,,,,,,,,
2022-08-03,5713818.046480379,"['ABB', 'NESTLEIND', 'CHOLAFIN', 'BOSCHLTD', 'TVSMOTOR', 'BANKBARODA']",ABB,-1.540490714652975,,,,,BANKBARODA,3.9055878547911163,TVSMOTOR,7.32256877347751,CHOLAFIN,11.76687494061704,BOSCHLTD,5.715407329149576,,,,,,,,,,
2022-08-12,5835873.721801476,"['ABB', 'CHOLAFIN', 'EICHERMOT', 'AMBUJACEM', 'ITC', 'TRENT']",BOSCHLTD,-0.22486263515695484,,,,,CHOLAFIN,3.458746996828327,ABB,4.703173624717033,,,,,,,,,,,,,,
2022-08-23,5985019.119983545,"['ABB', 'CHOLAFIN', 'ITC', 'INDIGO', 'COALINDIA', 'KOTAKBANK']",TRENT,-2.599896683238222,,,,,CHOLAFIN,0.43383800256253885,ABB,2.5328349680446656,ITC,2.3821177763988275,,,,,,,,,,,,
2022-09-01,6262425.499609633,"['COALINDIA', 'CHOLAFIN', 'ITC', 'BANKBARODA', 'INDIGO', 'PRESTIGE']",,,,,,,COALINDIA,3.3430544833454654,CHOLAFIN,0.27950381216645687,ITC,0.5381377795941601,INDIGO,1.6886992060831763,,,,,,,,,,
2022-09-09,6328487.901230987,"['COALINDIA', 'CHOLAFIN', 'ITC', 'BANKBARODA', 'ABB', 'CGPOWER']",INDIGO,-5.153674688646878,,,,,COALINDIA,3.169780164914339,CHOLAFIN,0.1837134356339419,ITC,4.06170906760515,BANKBARODA,3.4469786853009534,,,,,,,,,,
2022-09-19,6336035.2407649625,"['CHOLAFIN', 'ITC', 'BANKBARODA', 'COALINDIA', 'ABB', 'EICHERMOT']",ABB,-4.732018305201102,COALINDIA,-3.2407454145512333,CHOLAFIN,-0.6449512350539272,ITC,1.5431257006951886,BANKBARODA,2.1731385320968886,,,,,,,,,,,,,,
2022-09-27,6016432.880455308,"['ITC', 'BANKBARODA', 'ABB', 'AMBUJACEM', 'TRENT', 'LICHSGFIN']",COALINDIA,-6.95953767755676,CHOLAFIN,-8.273404769357708,EICHERMOT,-0.5487104615970452,,,,,,,,,,,ABB,-3.960038919446921,ITC,-0.22347648612643195,BANKBARODA,-9.429285739151775,,
2022-10-06,6242040.318208942,"['ITC', 'BANKBARODA', 'COALINDIA', 'AMBUJACEM', 'LICHSGFIN', 'TVSMOTOR']",,,,,,,AMBUJACEM,0.5055997566010637,LICHSGFIN,7.444253087528339,ITC,0.5375428988838962,BANKBARODA,5.596861785764294,,,,,,,,,,
2022-10-14,6141134.639768018,"['ITC', 'BANKBARODA', 'COALINDIA', 'AMBUJACEM', 'NTPC', 'INDIANB']",LICHSGFIN,-4.81827892934434,AMBUJACEM,-0.9962487611728287,ITC,-1.3515366614293127,COALINDIA,1.220567403352048,,,,,,,,,BANKBARODA,-3.298735970670548,,,,,,
2022-10-24,6579482.905575338,"['ITC', 'BANKBARODA', 'COALINDIA', 'ADANIENT', 'AMBUJACEM', 'INDHOTEL']",,,,,,,COALINDIA,1.7558589713250978,AMBUJACEM,2.9989011748796957,ITC,4.697364065541728,BANKBARODA,10.732088591941116,,,,,,,,,,
2022-11-02,6882487.215669716,"['ITC', 'BANKBARODA', 'COALINDIA', 'BEL', 'AMBUJACEM', 'INDHOTEL']",,,,,,,ITC,1.9988548345132366,BANKBARODA,1.799923336619333,COALINDIA,2.2037439678916586,AMBUJACEM,5.436250317321583,INDHOTEL,8.303028420381288,,,,,,,,
2022-11-11,6969180.22926564,"['ITC', 'BANKBARODA', 'COALINDIA', 'TVSMOTOR', 'NTPC', 'PRESTIGE']",INDHOTEL,-7.900122069719476,,,,,COALINDIA,3.0309181674322816,ITC,0.4793394361416898,BANKBARODA,9.996606970659688,,,,,,,,,,,,
2022-11-21,6751872.885914922,"['ITC', 'BANKBARODA', 'COALINDIA', 'ADANIENT', 'BEL', 'CGPOWER']",PRESTIGE,-0.6361321668269909,TVSMOTOR,-5.327560022333891,NTPC,-4.111991167976621,BANKBARODA,0.09272975179063488,,,,,,,,,COALINDIA,-3.5449744955507456,ITC,-5.3739243612640415,,,,
2022-11-29,6826346.503381401,"['ITC', 'BANKBARODA', 'NTPC', 'COALINDIA', 'BEL', 'CGPOWER']",ADANIENT,-3.0848337215462025,COALINDIA,-0.9806111358507815,,,CGPOWER,4.6755114591901465,ITC,1.5124547391037648,BANKBARODA,3.644227288889563,BEL,0.33082247708733126,,,,,,,,,,
2022-12-07,6914470.575323426,"['ITC', 'BANKBARODA', 'COALINDIA', 'BEL', 'NTPC', 'ADANIENT']",ITC,-0.6427210547801584,BEL,-0.4239459997194899,,,BANKBARODA,5.184748096592372,COALINDIA,1.1223669007898904,NTPC,0.9991427752246194,,,,,,,,,,,,
2022-12-15,6954443.17777246,"['ITC', 'BANKBARODA', 'CGPOWER', 'AMBUJACEM', 'INDHOTEL', 'NTPC']",COALINDIA,-0.674648975110294,BEL,-2.31787380401849,ITC,-0.3675230596573697,NTPC,0.1454715716281919,BANKBARODA,4.560900532138618,,,,,,,,,,,,,,
2022-12-23,6365397.792749415,"['BANKBARODA', 'LICHSGFIN', 'DALBHARAT', 'INDIANB', 'HDFCBANK', 'CANBK']",CGPOWER,-9.802879550638515,ITC,-3.585657332049795,AMBUJACEM,-12.464363558361034,,,,,,,,,,,INDHOTEL,-10.127533983214773,NTPC,-5.287638767187176,BANKBARODA,-8.398809061189565,,
2023-01-02,6897533.730136239,"['BANKBARODA', 'CGPOWER', 'NTPC', 'INDHOTEL', 'COALINDIA', 'UNIONBANK']",,,,,,,BANKBARODA,10.174505180731536,,,,,,,,,,,,,,,,
2023-01-10,6830513.983842516,"['BANKBARODA', 'NTPC', 'UNIONBANK', 'CGPOWER', 'DALBHARAT', 'INDIANB']",COALINDIA,-3.5595193113350936,INDHOTEL,-2.159530958169531,UNIONBANK,-2.8255558186396033,CGPOWER,7.095344463709818,,,,,,,,,NTPC,-0.029757122015622587,BANKBARODA,-2.979865501745924,,,,
2023-01-18,6894184.190227953,"['BANKBARODA', 'NTPC', 'UNIONBANK', 'BEL', 'CGPOWER', 'DALBHARAT']",INDIANB,-2.906567174582108,BANKBARODA,-1.3558378768977404,,,DALBHARAT,0.581802528077878,CGPOWER,6.40096376848283,UNIONBANK,2.718077340329522,NTPC,0.8931074323346003,,,,,,,,,,
2023-01-27,6378542.653388312,"['UNIONBANK', 'CGPOWER', 'HDFCBANK', 'INDIANB', 'COALINDIA', 'EXIDEIND']",DALBHARAT,-10.119937898628196,BEL,-8.17913983738736,NTPC,-1.8589497835784372,,,,,,,,,,,BANKBARODA,-11.781202803189794,CGPOWER,-3.2268441830172514,UNIONBANK,-7.8153789197642975,,
2023-02-06,6435916.919424723,"['BANKBARODA', 'CGPOWER', 'HDFCBANK', 'INDHOTEL', 'ITC', 'NTPC']",COALINDIA,-1.2589798629635944,UNIONBANK,-1.2016071430694306,EXIDEIND,-0.49126401566299105,HDFCBANK,2.2248964080052893,CGPOWER,3.016077191676148,,,,,,,,,,,,,,
2023-02-14,6571807.689254589,"['CGPOWER', 'BANKBARODA', 'NTPC', 'EXIDEIND', 'HDFCBANK', 'ITC']",INDHOTEL,-0.15885656038494536,,,,,CGPOWER,9.22252246226607,ITC,0.7955155119209991,BANKBARODA,0.5360374556653156,NTPC,0.0,HDFCBANK,1.328887644209087,,,,,,,,
2023-02-22,6364784.983600762,"['CGPOWER', 'ITC', 'NTPC', 'CYIENT', 'DALBHARAT', 'JSL']",EXIDEIND,-4.166676252245049,HDFCBANK,-3.554999804081154,BANKBARODA,-6.931274972451121,ITC,0.8936761730632128,NTPC,2.6799238093906603,,,,,,,CGPOWER,-6.358904075128967,,,,,,
2023-03-02,6292034.703043192,"['CGPOWER', 'NTPC', 'ITC', 'CYIENT', 'DALBHARAT', 'JSL']",DALBHARAT,-3.512887332404542,CGPOWER,-4.564252742713623,ITC,-2.162299778161331,JSL,5.5828779246259685,NTPC,0.1759362813195325,,,,,,,CYIENT,-1.612236552607822,,,,,,
2023-03-13,6360147.477928399,"['ITC', 'NTPC', 'JSL', 'NCC', 'SIEMENS', 'CYIENT']",DALBHARAT,-5.742927875045685,CGPOWER,-3.0328184378200462,CYIENT,-2.8546202328571213,ITC,2.156835955608171,JSL,10.754608778748027,NTPC,5.210770208771548,,,,,,,,,,,,
2023-03-21,6360253.425952605,"['DALBHARAT', 'CGPOWER', 'ITC', 'JSL', 'NTPC', 'SIEMENS']",ITC,-1.7463842277019328,JSL,-5.793817235055174,NTPC,-1.4468466100368227,SIEMENS,1.32111723089413,,,,,,,,,,,,,,,,
2023-03-29,6404861.185213223,"['JSL', 'NTPC', 'CGPOWER', 'ITC', 'DALBHARAT', 'SHREECEM']",JSL,-4.05429611257644,NTPC,-1.7504173729083563,,,DALBHARAT,5.818304557438222,CGPOWER,2.9530857634811585,ITC,1.5386570176291579,,,,,,,,,,,,
2023-04-11,6474687.043631459,"['JSL', 'NTPC', 'ITC', 'BANKBARODA', 'DALBHARAT', 'NCC']",CGPOWER,-3.442066102226202,JSL,-0.8057220321775409,,,DALBHARAT,3.756314026302098,ITC,3.461791471848135,NTPC,2.3563131596234257,,,,,,,,,,,,
2023-04-20,6475727.16889064,"['ITC', 'NCC', 'DALBHARAT', 'CGPOWER', 'SIEMENS', 'BANKBARODA']",JSL,-4.27798620160569,NTPC,-4.716445276897054,DALBHARAT,-0.6121381456926709,ITC,1.0858572261236263,NCC,5.343868738596378,BANKBARODA,4.0386263850595885,,,,,,,,,,,,
2023-04-28,6754375.17394457,"['ITC', 'NCC', 'DALBHARAT', 'JSL', 'NTPC', 'CGPOWER']",,,,,,,DALBHARAT,0.3645203495788794,CGPOWER,2.8985627188869794,ITC,6.307782130159365,NCC,5.690334123967542,,,,,,,,,,
2023-05-09,6827674.558335955,"['ITC', 'NCC', 'DALBHARAT', 'NTPC', 'HDFCBANK', 'SIEMENS']",NCC,-5.801329097559162,ITC,-0.41124410860816657,,,DALBHARAT,3.987583796049264,NTPC,2.3255816133237976,,,,,,,,,,,,,,
2023-05-17,6918469.01872449,"['ITC', 'NCC', 'HDFCBANK', 'SIEMENS', 'BANKBARODA', 'DALBHARAT']",,,,,,,DALBHARAT,0.04335008713925263,SIEMENS,6.1834842507474495,ITC,0.8966501914341356,NCC,0.35444730376805794,HDFCBANK,0.7746749210172382,,,,,,,,
2023-05-25,6807871.123340521,"['ITC', 'NCC', 'SIEMENS', 'BANKBARODA', 'DALBHARAT', 'IGL']",HDFCBANK,-1.7608078925397797,DALBHARAT,-1.7118414973438374,SIEMENS,-10.381119869790467,ITC,3.1688587364473144,NCC,3.97350947144952,,,,,,,BANKBARODA,-2.205481586145051,,,,,,
2023-06-02,6975514.878439331,"['SIEMENS', 'ITC', 'NCC', 'DALBHARAT', 'NTPC', 'BEL']",IGL,-4.372721232816555,,,,,DALBHARAT,4.808558449833939,SIEMENS,1.8754059508590004,ITC,1.1292778055673451,NCC,8.832269281759313,,,,,,,,,,
2023-06-12,7042419.6106360555,"['SIEMENS', 'CGPOWER', 'ITC', 'NCC', 'DALBHARAT', 'BEL']",DALBHARAT,-1.7365609456180715,ITC,-1.4546611021485678,NCC,-4.096753016521765,SIEMENS,2.9766536280123055,BEL,5.1191405570955055,,,,,,,,,,,,,,
2023-06-20,7237859.909492966,"['CGPOWER', 'ITC', 'NCC', 'SIEMENS', 'DALBHARAT', 'BEL']",CGPOWER,-2.9244514807024107,NCC,-0.3661577100871715,,,DALBHARAT,6.581370421700576,SIEMENS,4.674170597450815,ITC,3.6388487323812404,BEL,5.079768155160202,,,,,,,,,,
2023-06-28,7161851.84042427,"['CGPOWER', 'ITC', 'NCC', 'SIEMENS', 'DALBHARAT', 'INDIGO']",BEL,-3.515785466447875,DALBHARAT,-0.7094399068358492,SIEMENS,-1.6882535914457941,CGPOWER,2.0856187842389144,,,,,,,,,ITC,-0.7728799526539277,NCC,-1.3474800074534898,,,,
2023-07-07,7250134.612885587,"['INDIGO', 'CGPOWER', 'IOC', 'NCC', 'SIEMENS', 'BALKRISIND']",DALBHARAT,-3.284464375209422,SIEMENS,-1.973574382177184,,,CGPOWER,3.204697497378395,NCC,5.42218359922206,INDIGO,0.37960973641457274,,,,,,,,,,,,
2023-07-17,7426525.609428378,"['IOC', 'SIEMENS', 'INDIGO', 'BALKRISIND', 'BEL', 'ITC']",IOC,-1.8649212986205328,,,,,SIEMENS,0.31568972134307305,INDIGO,1.763550730037105,BALKRISIND,1.4458570118417196,,,,,,,,,,,,
2023-07-25,7351377.4079636,"['INDIGO', 'CGPOWER', 'IOC', 'SIEMENS', 'PFC', 'BALKRISIND']",BEL,-0.0786501416878192,ITC,-2.127664909770744,SIEMENS,-0.2525597925207726,IOC,1.6949259051855792,,,,,,,,,INDIGO,-3.475323555063972,BALKRISIND,-1.4114742327055787,,,,
2023-08-02,7517561.8994365875,"['INDIGO', 'IOC', 'PFC', 'BALKRISIND', 'BEL', 'CGPOWER']",IOC,-2.2272026224008865,INDIGO,-0.739044042615218,,,CGPOWER,1.9774686347265702,PFC,7.576075414439605,BALKRISIND,3.5320478033389606,,,,,,,,,,,,
2023-08-10,7531343.964126189,"['INDIGO', 'PFC', 'BALKRISIND', 'BEL', 'CGPOWER', 'IOC']",CGPOWER,-1.472752852758589,INDIGO,-0.5827759282468499,BALKRISIND,-4.280144252862081,IOC,0.0,PFC,4.194300968924974,BEL,3.2309537196019136,,,,,,,,,,,,
2023-08-21,7553628.479763491,"['PFC', 'IOC', 'SUPREMEIND', 'SHRIRAMFIN', 'LUPIN', 'LT']",INDIGO,-3.94848516699894,IOC,-1.9712169057839912,,,PFC,1.1233839377537065,,,,,,,,,,,,,,,,
2023-08-29,7643899.754425585,"['INDIGO', 'LT', 'PFC', 'BALKRISIND', 'DRREDDY', 'NCC']",IOC,-0.10869389528954981,PFC,-0.018514692914622977,,,LT,2.129779264801366,,,,,,,,,,,,,,,,
2023-09-06,7639940.204069055,"['DRREDDY', 'LUPIN', 'LT', 'PFC', 'NCC', 'SUPREMEIND']",INDIGO,-0.945521884741338,DRREDDY,-2.454662383629062,PFC,-4.62962096206056,LT,0.42295187212040736,NCC,6.2233833380085954,,,,,,,,,,,,,,
2023-09-14,7726008.009795202,"['DRREDDY', 'LUPIN', 'LT', 'PFC', 'SUPREMEIND', 'SHRIRAMFIN']",NCC,-9.4665403146098,SUPREMEIND,-3.6056098922324824,,,DRREDDY,2.8898724376436897,LT,6.890809721418805,LUPIN,1.4573480835204806,PFC,8.56310448751712,,,,,,,,,,
2023-09-25,7684865.533964719,"['LUPIN', 'LT', 'BEL', 'NCC', 'SUPREMEIND', 'SHRIRAMFIN']",DRREDDY,-5.32495310542998,SUPREMEIND,-2.4284577926783424,LUPIN,-3.9025602282935035,SHRIRAMFIN,1.57409000783628,,,,,,,,,LT,-0.5516322137160667,,,,,,
2023-10-04,7757858.626570185,"['LUPIN', 'BEL', 'LT', 'NCC', 'SHRIRAMFIN', 'OFSS']",SUPREMEIND,-5.6256894040144125,SHRIRAMFIN,-4.88036967424086,,,LT,4.315240005988515,NCC,5.408122071683506,BEL,1.647149110018024,LUPIN,3.6873496825704373,,,,,,,,,,
2023-10-12,7905586.088196133,"['LUPIN', 'LT', 'BEL', 'DRREDDY', 'SHRIRAMFIN', 'OFSS']",BEL,-0.46813521673856867,,,,,LT,1.7835037906739213,SHRIRAMFIN,1.4860085440067758,OFSS,1.418908642717129,LUPIN,1.8541059584033581,,,,,,,,,,
2023-10-20,7801421.746758539,"['LUPIN', 'DRREDDY', 'SHRIRAMFIN', 'LT', 'BEL', 'NCC']",OFSS,-4.205705053086513,LT,-2.2519650649791867,SHRIRAMFIN,-0.07454806135970095,DRREDDY,0.7070122026022996,LUPIN,0.5797901076808312,,,,,,,BEL,-2.8943782725375433,,,,,,
2023-10-31,7569786.110464592,"['LUPIN', 'BEL', 'LT', 'SHRIRAMFIN', 'NTPC', 'PFC']",DRREDDY,-3.622534787693209,NCC,-6.444303360377027,BEL,-0.7078944505537528,SHRIRAMFIN,0.1678582731477907,,,,,,,,,LUPIN,-4.365707215841669,LT,-2.7652779082447405,,,,
2023-11-08,7988991.113445134,"['LUPIN', 'SHRIRAMFIN', 'LT', 'PFC', 'BEL', 'NCC']",,,,,,,LT,2.301077427698599,SHRIRAMFIN,10.812264248126278,PFC,6.873485798418296,BEL,5.365844183426534,LUPIN,7.352742998288099,,,,,,,,
2023-11-17,8394732.766214537,"['LUPIN', 'DRREDDY', 'SHRIRAMFIN', 'LT', 'PFC', 'LTF']",LUPIN,-1.2220257816745537,,,,,SHRIRAMFIN,0.7652806103134274,LT,3.7561184427542376,PFC,19.99621841873848,,,,,,,,,,,,
2023-11-28,8494432.797562359,"['LUPIN', 'SHRIRAMFIN', 'LT', 'DRREDDY', 'TORNTPHARM', 'PFC']",LT,-1.897715268867993,SHRIRAMFIN,-1.458785541448329,,,DRREDDY,1.144954397451159,PFC,2.8019356052891418,LUPIN,4.066704026682758,,,,,,,,,,,,
2023-12-06,9015169.70570823,"['LUPIN', 'SHRIRAMFIN', 'TORNTPHARM', 'LT', 'NBCC', 'DRREDDY']",LUPIN,-0.11646512107950739,,,,,TORNTPHARM,0.04569421149054472,DRREDDY,0.9610917295897544,LT,11.22294774448701,SHRIRAMFIN,4.57851850975918,,,,,,,,,,
2023-12-14,9171754.997182062,"['SHRIRAMFIN', 'TORNTPHARM', 'LUPIN', 'DRREDDY', 'INDIGO', 'LT']",DRREDDY,-2.73979236789422,,,,,TORNTPHARM,1.1274358542663006,LT,1.2027284398121147,SHRIRAMFIN,3.045190983872144,LUPIN,1.0333665375472023,,,,,,,,,,
2023-12-22,9174372.667010736,"['LUPIN', 'DRREDDY', 'SHRIRAMFIN', 'MUTHOOTFIN', 'ANGELONE', 'TORNTPHARM']",INDIGO,-3.6507633920785287,SHRIRAMFIN,-2.9670052075213764,,,TORNTPHARM,5.662266994206201,LUPIN,0.6964608697841554,DRREDDY,0.9751784085279612,,,,,,,,,,,,
2024-01-02,9492654.671600163,"['DRREDDY', 'LUPIN', 'MUTHOOTFIN', 'SHRIRAMFIN', 'LTF', 'AUROPHARMA']",SHRIRAMFIN,-2.9189032362975706,MUTHOOTFIN,-1.382958332420294,,,LUPIN,10.216581716982793,DRREDDY,2.820182619867198,,,,,,,,,,,,,,
2024-01-10,9655385.353292536,"['LUPIN', 'MUTHOOTFIN', 'LTF', 'DRREDDY', 'SHRIRAMFIN', 'NBCC']",DRREDDY,-2.3554094233353697,,,,,LTF,2.0942362973703283,MUTHOOTFIN,1.4195410371997395,SHRIRAMFIN,5.908715591686989,LUPIN,0.7817347840060215,,,,,,,,,,
2024-01-18,9493080.566550763,"['LUPIN', 'LTF', 'SHRIRAMFIN', 'LT', 'COLPAL', 'BAJAJ-AUTO']",NBCC,-5.729727797974872,DRREDDY,-2.371608547401039,MUTHOOTFIN,-6.442537810202312,SHRIRAMFIN,4.902321464791914,LTF,0.42231721133987615,LUPIN,1.4516960563567312,,,,,,,,,,,,
2024-01-30,9794413.147770688,"['LUPIN', 'LTF', 'DRREDDY', 'JSL', 'COLPAL', 'BAJAJ-AUTO']",COLPAL,-0.1883680583214114,,,,,LTF,0.811059664537439,LUPIN,2.981093995448551,BAJAJ-AUTO,6.815742510263366,,,,,,,,,,,,
2024-02-07,10329686.27172201,"['LUPIN', 'JSL', 'LTF', 'NTPC', 'HEROMOTOCO', 'LT']",,,,,,,LTF,5.0357576995873785,LUPIN,8.592455722477588,JSL,9.985156041645407,,,,,,,,,,,,
2024-02-15,10207873.527036188,"['LUPIN', 'LTF', 'HEROMOTOCO', 'SHRIRAMFIN', 'JSL', 'PFC']",LT,-2.780801145819441,LTF,-2.6382944507359283,JSL,-4.722165478558302,HEROMOTOCO,0.49233403450913915,LUPIN,0.6774023941405916,,,,,,,,,,,,,,
2024-02-23,10187120.556276865,"['LUPIN', 'PFC', 'LTF', 'AUROPHARMA', 'HEROMOTOCO', 'TORNTPHARM']",HEROMOTOCO,-4.646705526803366,PFC,-4.402518960793094,,,LTF,0.0,LUPIN,0.613669103270399,,,,,,,,,,,,,,
2024-03-04,10453169.105118165,"['LUPIN', 'PFC', 'SHRIRAMFIN', 'JSL', 'LTF', 'HEROMOTOCO']",,,,,,,LTF,1.5734276767835231,HEROMOTOCO,2.0457030395801445,LUPIN,3.3994887002823124,PFC,2.0949460416472796,,,,,,,,,,
2024-03-13,9704025.517747875,"['LUPIN', 'SHRIRAMFIN', 'NTPC', 'COLPAL', 'HEROMOTOCO', 'ONGC']",LTF,-15.318414277414908,JSL,-9.260890310870247,PFC,-5.681410374266204,,,,,,,,,,,SHRIRAMFIN,-5.11342041720841,HEROMOTOCO,-2.159726004811928,LUPIN,-3.9734061690051914,,
2024-03-21,9822115.0075637,"['LUPIN', 'SHRIRAMFIN', 'POWERGRID', 'ONGC', 'JSL', 'LT']",SHRIRAMFIN,-0.45661714250664553,,,,,LUPIN,0.5082603294834115,ONGC,2.976324193370762,,,,,,,,,,,,,,
2024-04-02,10211058.83152299,"['LUPIN', 'SHRIRAMFIN', 'POWERGRID', 'AUROPHARMA', 'ONGC', 'TITAN']",LUPIN,-0.10858115176355554,,,,,SHRIRAMFIN,6.714119283416671,ONGC,3.631857273626101,POWERGRID,2.1187221269722145,,,,,,,,,,,,
2024-04-10,10248792.733241268,"['LUPIN', 'SHRIRAMFIN', 'POWERGRID', 'BAJAJ-AUTO', 'OIL', 'AUROPHARMA']",ONGC,-0.18348868370485102,TITAN,-1.191441664108115,LUPIN,-0.3292199811526149,AUROPHARMA,0.6536904590650774,SHRIRAMFIN,2.518296049027002,POWERGRID,1.073156338917373,,,,,,,,,,,,
2024-04-22,9991658.427293478,"['LUPIN', 'OIL', 'UNIONBANK', 'JSL', 'POWERGRID', 'BAJAJ-AUTO']",AUROPHARMA,-2.922475416097734,SHRIRAMFIN,-4.090104711863378,BAJAJ-AUTO,-2.329671795297868,POWERGRID,0.3893078804614473,,,,,,,,,OIL,-5.554676910182487,LUPIN,-0.059201505558164065,,,,
2024-04-30,10252195.68151304,"['LUPIN', 'OIL', 'UNIONBANK', 'JSL', 'POWERGRID', 'BAJAJ-AUTO']",JSL,-0.7998343028959233,,,,,UNIONBANK,2.3904365068057354,OIL,3.9125311500101234,POWERGRID,6.416370572673022,LUPIN,2.6346131659785423,BAJAJ-AUTO,1.2267303855942036,,,,,,,,
2024-05-09,9925332.164756287,"['POWERGRID', 'OIL', 'AUROPHARMA', 'LUPIN', 'JSL', 'NTPC']",UNIONBANK,-7.846948124102375,BAJAJ-AUTO,-0.6379483219288806,OIL,-0.4514932844290707,,,,,,,,,,,JSL,-3.8828777554303966,POWERGRID,-1.888363454257459,LUPIN,-3.7638969401739732,,
2024-05-17,10377535.105734618,"['POWERGRID', 'LICHSGFIN', 'JSL', 'OIL', 'AUROPHARMA', 'HINDALCO']",,,,,,,AUROPHARMA,4.460683028954731,OIL,3.5636202002143973,JSL,4.061810174439322,POWERGRID,5.7403469457803515,,,,,,,,,,
2024-05-28,10552789.573589673,"['POWERGRID', 'LICHSGFIN', 'BAJAJ-AUTO', 'OIL', 'AUROPHARMA', 'HEROMOTOCO']",LICHSGFIN,-1.012259201041221,POWERGRID,-0.11179118705077686,,,AUROPHARMA,4.802364604692538,OIL,2.0958706515259675,,,,,,,,,,,,,,
2024-06-05,10554797.591231007,"['POWERGRID', 'BAJAJ-AUTO', 'HEROMOTOCO', 'BOSCHLTD', 'SIEMENS', 'HAVELLS']",LICHSGFIN,-3.5791804758766443,OIL,-11.068552483913049,POWERGRID,-4.475703027888116,HEROMOTOCO,9.154211474170609,BAJAJ-AUTO,6.81331916812201,,,,,,,,,,,,,,
2024-06-13,11149749.889038311,"['POWERGRID', 'HEROMOTOCO', 'SIEMENS', 'HAVELLS', 'BAJAJ-AUTO', 'MCX']",,,,,,,SIEMENS,13.302287499768592,HAVELLS,2.5490815124624815,POWERGRID,7.580347254903183,HEROMOTOCO,2.783427108661761,BAJAJ-AUTO,3.3445345152759,,,,,,,,
2024-06-24,11186956.785369584,"['POWERGRID', 'AUROPHARMA', 'HEROMOTOCO', 'HAVELLS', 'BAJAJ-AUTO', 'OIL']",MCX,-1.342611538542951,HEROMOTOCO,-5.01289126774825,BAJAJ-AUTO,-0.9971187468761291,HAVELLS,3.9896679569073203,POWERGRID,3.577537461402986,,,,,,,,,,,,,,
2024-07-02,11090807.736977467,"['HEROMOTOCO', 'AUROPHARMA', 'POWERGRID', 'BAJAJ-AUTO', 'HINDALCO', 'TORNTPHARM']",HAVELLS,-5.081468362397003,AUROPHARMA,-0.45952287151760546,POWERGRID,-0.6457587411503016,HEROMOTOCO,0.7720203499117344,,,,,,,,,BAJAJ-AUTO,-3.529924835176111,,,,,,
2024-07-10,11451757.198780827,"['HEROMOTOCO', 'TORNTPHARM', 'POWERGRID', 'BAJAJ-AUTO', 'OIL', 'AUROPHARMA']",HINDALCO,-0.2087135568564639,HEROMOTOCO,-1.0481289602468695,,,AUROPHARMA,10.226282656486577,TORNTPHARM,4.684983337507319,POWERGRID,4.610050332037183,BAJAJ-AUTO,1.501930012631299,,,,,,,,,,
2024-07-19,11496100.648038592,"['HEROMOTOCO', 'POWERGRID', 'OIL', 'LTF', 'AUROPHARMA', 'HINDALCO']",TORNTPHARM,-0.1829410150054644,BAJAJ-AUTO,-1.6389961427498771,AUROPHARMA,-0.47116347863605157,OIL,11.358091398255581,,,,,,,,,HEROMOTOCO,-1.4712829091616024,POWERGRID,-4.002311981330404,,,,
2024-07-29,11739043.931670533,"['HEROMOTOCO', 'SIEMENS', 'BOSCHLTD', 'OIL', 'LTF', 'HINDALCO']",HEROMOTOCO,-0.06172884806909469,,,,,LTF,2.0403503268867156,OIL,1.628451840926902,HINDALCO,0.5806858218239468,,,,,,,,,,,,
2024-08-06,11050930.058708759,"['VOLTAS', 'OIL', 'TRENT', 'POWERGRID', 'BAJAJ-AUTO', 'MUTHOOTFIN']",LTF,-6.856409724253087,SIEMENS,-7.108589768331981,HINDALCO,-8.480166651401335,,,,,,,,,,,BOSCHLTD,-6.402127145479759,HEROMOTOCO,-3.9187497955043677,OIL,-1.5678878512471646,,
2024-08-14,11928621.175410544,"['SIEMENS', 'VOLTAS', 'HAVELLS', 'OIL', 'TRENT', 'OFSS']",POWERGRID,-2.1276601659925234,,,,,OIL,15.333455958051365,TRENT,23.32349793686753,VOLTAS,5.945465529757443,,,,,,,,,,,,
2024-08-23,12435680.506090648,"['SIEMENS', 'BOSCHLTD', 'HAVELLS', 'OIL', 'HAL', 'VOLTAS']",SIEMENS,-0.25425489304968746,,,,,HAVELLS,2.096481257361031,OIL,3.4678902000124348,VOLTAS,9.046635850009505,,,,,,,,,,,,
2024-09-02,12546182.293287406,"['VOLTAS', 'HAVELLS', 'OIL', 'OFSS', 'AUROPHARMA', 'BEL']",SIEMENS,-3.454070428005424,HAL,-2.7940487962970235,BOSCHLTD,-0.836041484423271,HAVELLS,0.039799008836496855,OIL,6.8914473366369995,VOLTAS,4.678949058075443,,,,,,,,,,,,
2024-09-10,12180332.532927202,"['VOLTAS', 'HAVELLS', 'OIL', 'BOSCHLTD', 'OFSS', 'AUROPHARMA']",BEL,-3.755471244762597,AUROPHARMA,-2.2877137536510332,OIL,-16.158352148929474,HAVELLS,1.965096738220993,VOLTAS,3.4159268972908907,OFSS,2.9215314364243103,,,,,,,,,,,,
2024-09-18,12339710.163085466,"['VOLTAS', 'OIL', 'HAVELLS', 'OFSS', 'M&M', 'BOSCHLTD']",OIL,-2.2827974950723307,,,,,HAVELLS,3.3993086529529113,VOLTAS,3.2402628063605823,BOSCHLTD,2.4747970343531938,OFSS,0.019544609725894006,,,,,,,,,,
2024-09-26,12639574.271282544,"['VOLTAS', 'HAVELLS', 'OFSS', 'M&M', 'SIEMENS', 'AUROPHARMA']",OIL,-5.17646861026011,VOLTAS,-1.6857190205559969,,,HAVELLS,1.723009575599982,M&M,13.278974181619867,OFSS,0.17896345863493052,,,,,,,,,,,,
2024-10-07,12171643.730668887,"['VOLTAS', 'HAVELLS', 'OFSS', 'M&M', 'BOSCHLTD', 'SIEMENS']",AUROPHARMA,-3.213889769214372,SIEMENS,-1.1176723014181007,HAVELLS,-5.313913555767171,,,,,,,,,,,M&M,-3.8005766172982423,VOLTAS,-5.402282308331772,OFSS,-2.9721665866403146,,
2024-10-15,12832445.30566564,"['VOLTAS', 'HAVELLS', 'OFSS', 'M&M', 'BOSCHLTD', 'BHARTIARTL']",,,,,,,HAVELLS,1.0498248949526319,M&M,3.1239820659313726,VOLTAS,3.0673813972118764,BOSCHLTD,5.216485336124945,OFSS,7.9757627910819835,,,,,,,,
2024-10-23,12088449.394757094,"['VOLTAS', 'OFSS', 'BOSCHLTD', 'BHARTIARTL', 'MUTHOOTFIN', 'TRENT']",HAVELLS,-9.557032927758819,M&M,-11.480450067255102,VOLTAS,-0.8530700336891297,,,,,,,,,,,BHARTIARTL,-1.831413665562673,BOSCHLTD,-6.323381314060569,OFSS,-5.1039528829018295,,
2024-10-31,11586378.35236898,"['MUTHOOTFIN', 'ANGELONE', 'EICHERMOT', 'TRENT', 'SUNPHARMA', 'NATIONALUM']",VOLTAS,-8.139115218832947,BHARTIARTL,-4.342156312848142,BOSCHLTD,-3.1283248316406262,MUTHOOTFIN,0.28050711445331994,,,,,,,,,OFSS,-2.921758485590802,TRENT,-5.098314765605102,,,,
2024-11-08,11125965.733168295,"['M&M', 'OFSS', 'VOLTAS', 'GRANULES', 'EICHERMOT', 'SIEMENS']",SUNPHARMA,-2.1255950085865885,MUTHOOTFIN,-6.521790542527288,TRENT,-11.635229625105685,,,,,,,,,,,ANGELONE,-6.671914847700309,EICHERMOT,-2.2350914677547222,,,,
2024-11-19,10800314.89410776,"['OFSS', 'M&M', 'EICHERMOT', 'HDFCBANK', 'NATIONALUM', 'COFORGE']",SIEMENS,-7.36930973201704,VOLTAS,-4.487542468856172,GRANULES,-5.449097619493156,EICHERMOT,3.7657425487174128,,,,,,,,,M&M,-0.872296615809848,OFSS,-3.0308736567777794,,,,
2024-11-28,11007286.818487167,"['OFSS', 'GRANULES', 'M&M', 'MUTHOOTFIN', 'EICHERMOT', 'HDFCBANK']",M&M,-1.7039963658939445,EICHERMOT,-3.0158393319777423,,,HDFCBANK,2.9215109435535944,OFSS,4.378616025888364,,,,,,,,,,,,,,
2024-12-06,11353781.067428771,"['OFSS', 'HDFCBANK', 'M&M', 'VOLTAS', 'NATIONALUM', 'MUTHOOTFIN']",GRANULES,-1.3706844282292894,,,,,HDFCBANK,3.4966372204335148,M&M,6.013042114195353,MUTHOOTFIN,2.0711890304439327,OFSS,7.903521341368921,,,,,,,,,,
2024-12-16,11390076.721593073,"['MUTHOOTFIN', 'OFSS', 'COFORGE', 'GRANULES', 'EICHERMOT', 'HDFCBANK']",NATIONALUM,-11.419472364592886,OFSS,-0.9817560316387773,,,HDFCBANK,0.5038109604191315,MUTHOOTFIN,8.590602246886833,,,,,,,,,,,,,,
2024-12-24,11256514.368309816,"['OFSS', 'COFORGE', 'MUTHOOTFIN', 'GRANULES', 'TECHM', 'JUBLFOOD']",HDFCBANK,-3.5974682255261516,EICHERMOT,-0.9424428574196548,MUTHOOTFIN,-3.973195220456386,COFORGE,1.17396868095728,GRANULES,2.1828454944224043,,,,,,,OFSS,-1.2564226075786769,,,,,,
2025-01-02,11772357.633629035,"['COFORGE', 'OFSS', 'TECHM', 'JUBLFOOD', 'MUTHOOTFIN', 'EICHERMOT']",,,,,,,COFORGE,3.2250452243757275,MUTHOOTFIN,10.90417210534398,JUBLFOOD,7.384789916505401,OFSS,2.8362909823570064,TECHM,1.293326672652878,,,,,,,,
2025-01-10,11240082.020626994,"['COFORGE', 'MUTHOOTFIN', 'M&M', 'GRANULES', 'TECHM', 'JUBLFOOD']",EICHERMOT,-4.703187538870658,OFSS,-9.463685278850765,COFORGE,-3.0165119384210484,,,,,,,,,,,TECHM,-1.2362822426584985,MUTHOOTFIN,-5.332529519392678,JUBLFOOD,-2.5325694367201503,,
2025-01-20,10837359.852526011,"['GRANULES', 'JUBLFOOD', 'MUTHOOTFIN', 'PERSISTENT', 'EICHERMOT', 'BHARTIARTL']",COFORGE,-7.890669628078295,M&M,-6.620107458656298,TECHM,-1.8175422399000878,GRANULES,0.6991281308537868,MUTHOOTFIN,0.26444043971021935,,,,,,,JUBLFOOD,-5.759838834061228,,,,,,
2025-01-28,10454026.115099557,"['MUTHOOTFIN', 'EICHERMOT', 'BHARTIARTL', 'TORNTPHARM', 'WIPRO', 'KOTAKBANK']",GRANULES,-13.609364380750733,PERSISTENT,-2.965075684645287,JUBLFOOD,-4.074578977806332,EICHERMOT,1.7670783344545773,,,,,,,,,BHARTIARTL,-1.3892726739753893,MUTHOOTFIN,-0.29409247370576236,,,,
2025-02-04,10709838.669008588,"['JUBLFOOD', 'INFY', 'PERSISTENT', 'MUTHOOTFIN', 'INDHOTEL', 'M&M']",TORNTPHARM,-5.6576073147998525,,,,,MUTHOOTFIN,4.827009802431141,,,,,,,,,,,,,,,,
2025-02-12,9986682.065674907,"['MUTHOOTFIN', 'BHARTIARTL', 'DIVISLAB', 'KOTAKBANK', 'WIPRO', 'MARUTI']",INFY,-1.8775028174274848,M&M,-6.329474124447295,PERSISTENT,-6.654227221150849,,,,,,,,,,,INDHOTEL,-11.712146651810503,JUBLFOOD,-11.500757862331886,MUTHOOTFIN,-2.5078116276797675,,
2025-02-20,10021887.047763485,"['JUBLFOOD', 'MUTHOOTFIN', 'BHARTIARTL', 'DIVISLAB', 'WIPRO', 'KOTAKBANK']",MARUTI,-1.6980646228653238,BHARTIARTL,-3.975930991601323,,,KOTAKBANK,1.368353009305338,DIVISLAB,0.14153968513493054,WIPRO,0.9993473449216174,MUTHOOTFIN,4.278805147638607,,,,,,,,,,
2025-03-03,9354918.221875258,"['MUTHOOTFIN', 'SHRIRAMFIN', 'MANAPPURAM', 'CHOLAFIN', 'KOTAKBANK', 'UPL']",DIVISLAB,-7.327330829812706,JUBLFOOD,-11.220920393698133,BHARTIARTL,-2.902339590622148,,,,,,,,,,,WIPRO,-9.495691400939041,KOTAKBANK,-2.839312468894709,MUTHOOTFIN,-5.708948980642504,,
2025-03-11,9480942.037636938,"['MUTHOOTFIN', 'BHARTIARTL', 'CHOLAFIN', 'KOTAKBANK', 'VEDL', 'SRF']",UPL,-0.267557058764671,,,,,CHOLAFIN,2.0426131361155133,KOTAKBANK,1.0759414942347623,MUTHOOTFIN,1.784468525220262,,,,,,,,,,,,
2025-03-20,9944541.07553906,"['MUTHOOTFIN', 'INDHOTEL', 'BHARTIARTL', 'DIVISLAB', 'HDFCBANK', 'HINDALCO']",,,,,,,BHARTIARTL,2.543675400352025,MUTHOOTFIN,8.704105733024203,,,,,,,,,,,,,,
2025-03-28,9901359.883910095,"['COFORGE', 'TATASTEEL', 'MUTHOOTFIN', 'EICHERMOT', 'INDHOTEL', 'BHARTIARTL']",DIVISLAB,-0.8012555875246704,HINDALCO,-3.3288475945387823,INDHOTEL,-3.4983443998354047,BHARTIARTL,1.6507857741716758,MUTHOOTFIN,0.34318990814822614,,,,,,,,,,,,,,
2025-04-08,9158337.090203172,"['MUTHOOTFIN', 'BHARTIARTL', 'EICHERMOT', 'SOLARINDS', 'HDFCLIFE', 'KOTAKBANK']",INDHOTEL,-1.7713176843700784,COFORGE,-20.1820162067559,TATASTEEL,-15.534236164773152,,,,,,,,,,,EICHERMOT,-2.175703450209047,BHARTIARTL,-0.7499711443926144,MUTHOOTFIN,-4.950627835577342,,
2025-04-21,9732529.569537815,"['EICHERMOT', 'INDHOTEL', 'DIVISLAB', 'SOLARINDS', 'MANAPPURAM', 'BEL']",MUTHOOTFIN,-3.884152465210524,,,,,EICHERMOT,11.070754041164648,SOLARINDS,14.127575875397389,,,,,,,,,,,,,,
2025-04-29,9829318.635778865,"['BHARTIARTL', 'CHOLAFIN', 'EICHERMOT', 'INDHOTEL', 'JUBLFOOD', 'MANAPPURAM']",INDHOTEL,-5.490097966519254,MANAPPURAM,-0.5528384787770594,EICHERMOT,-3.9841665949574048,,,,,,,,,,,,,,,,,,
2025-05-08,9663012.880145939,"['BHARTIARTL', 'MUTHOOTFIN', 'EICHERMOT', 'LODHA', 'MARUTI', 'SOLARINDS']",INDHOTEL,-5.08131660741716,MANAPPURAM,-1.8056463634140347,JUBLFOOD,-5.146126335623394,BHARTIARTL,2.8018408936205246,,,,,,,,,EICHERMOT,-3.7013801756587204,,,,,,
2025-05-16,9869607.409632897,"['BHARTIARTL', 'APOLLOHOSP', 'CHOLAFIN', 'EICHERMOT', 'HDFCBANK', 'KOTAKBANK']",MUTHOOTFIN,-5.2702578271911955,BHARTIARTL,-3.2481744957625023,,,EICHERMOT,2.550023266635644,,,,,,,,,,,,,,,,
2025-05-26,9908541.116594559,"['BHARTIARTL', 'BEL', 'CHOLAFIN', 'EICHERMOT', 'HDFCBANK', 'KOTAKBANK']",KOTAKBANK,-0.8964947719140304,EICHERMOT,-1.4883383247118613,,,CHOLAFIN,1.5747544760746568,BHARTIARTL,1.8412361860012403,HDFCBANK,0.2842818079707177,,,,,,,,,,,,
