"Date","Price","Open","High","Low","Vol.","Change %"
"30-05-2025","13,798.40","13,841.80","13,870.70","13,775.60","3.55B","-0.31%"
"29-05-2025","13,841.55","13,841.20","13,868.10","13,766.75","1.52B","0.34%"
"28-05-2025","13,794.75","13,839.95","13,857.15","13,785.65","2.18B","-0.25%"
"27-05-2025","13,829.30","13,884.90","13,927.35","13,767.70","1.76B","-0.50%"
"26-05-2025","13,898.20","13,859.05","13,937.90","13,853.75","1.66B","0.58%"
"23-05-2025","13,817.85","13,718.65","13,839.50","13,696.85","1.33B","0.87%"
"22-05-2025","13,698.55","13,757.05","13,758.60","13,618.25","1.68B","-0.70%"
"21-05-2025","13,795.20","13,734.40","13,846.80","13,701.55","1.70B","0.66%"
"20-05-2025","13,704.90","13,919.80","13,927.45","13,693.55","2.22B","-1.26%"
"19-05-2025","13,879.40","13,904.35","13,940.80","13,865.35","2.99B","-0.12%"
"16-05-2025","13,896.35","13,880.15","13,907.45","13,838.85","2.32B","0.22%"
"15-05-2025","13,865.80","13,701.65","13,884.60","13,611.00","2.28B","1.37%"
"14-05-2025","13,677.95","13,630.55","13,718.55","13,602.80","1.89B","0.54%"
"13-05-2025","13,604.90","13,715.25","13,766.55","13,588.75","1.96B","-0.94%"
"12-05-2025","13,733.80","13,492.25","13,743.55","13,477.30","2.21B","3.90%"
"09-05-2025","13,217.70","13,111.35","13,262.35","13,111.35","2.34B","-0.82%"
"08-05-2025","13,326.75","13,482.95","13,498.45","13,257.80","1.84B","-1.02%"
"07-05-2025","13,464.40","13,295.10","13,471.45","13,292.35","1.79B","0.43%"
"06-05-2025","13,407.25","13,559.40","13,561.25","13,383.35","1.90B","-0.95%"
"05-05-2025","13,535.80","13,471.15","13,548.25","13,465.90","1.39B","0.84%"
"02-05-2025","13,423.50","13,423.60","13,572.20","13,368.50","1.57B","-0.11%"
"30-04-2025","13,438.15","13,475.70","13,509.45","13,368.55","1.72B","-0.23%"
"29-04-2025","13,469.00","13,496.90","13,551.45","13,451.05","1.64B","0.03%"
"28-04-2025","13,464.60","13,300.05","13,478.35","13,297.45","1.48B","1.26%"
"25-04-2025","13,296.85","13,505.15","13,545.05","13,189.65","3.37B","-1.36%"
"24-04-2025","13,480.20","13,502.90","13,538.15","13,463.45","1.72B","-0.28%"
"23-04-2025","13,517.55","13,512.75","13,524.20","13,371.30","2.01B","0.76%"
"22-04-2025","13,416.00","13,417.05","13,462.30","13,346.30","1.94B","0.28%"
"21-04-2025","13,378.65","13,249.40","13,399.55","13,219.20","2.69B","1.46%"
"17-04-2025","13,186.10","12,984.20","13,199.70","12,934.80","1.90B","1.42%"
"16-04-2025","13,001.00","12,944.75","13,008.35","12,907.05","1.74B","0.54%"
"15-04-2025","12,931.70","12,908.10","12,947.75","12,820.15","1.76B","2.44%"
"11-04-2025","12,623.85","12,584.25","12,674.65","12,561.25","1.73B","1.82%"
"09-04-2025","12,397.95","12,430.40","12,430.60","12,338.05","1.63B","-0.54%"
"08-04-2025","12,465.00","12,428.65","12,537.30","12,310.70","1.92B","1.82%"
"07-04-2025","12,242.35","11,945.10","12,291.40","11,941.45","2.53B","-3.29%"
"04-04-2025","12,658.70","12,873.15","12,882.05","12,623.25","1.97B","-1.88%"
"03-04-2025","12,901.25","12,824.80","12,913.90","12,822.20","1.75B","-0.21%"
"02-04-2025","12,927.85","12,827.65","12,936.10","12,784.15","2.01B","0.93%"
"01-04-2025","12,809.30","12,907.75","13,018.80","12,791.45","3.39B","-1.34%"
"28-03-2025","12,982.75","13,043.20","13,085.15","12,945.35","2.13B","-0.36%"
"27-03-2025","13,029.20","12,917.25","13,055.20","12,909.90","3.46B","0.60%"
"26-03-2025","12,951.45","13,056.75","13,097.60","12,937.00","1.79B","-0.69%"
"25-03-2025","13,041.25","13,153.65","13,185.55","13,009.45","1.76B","-0.36%"
"24-03-2025","13,088.45","13,014.25","13,121.35","12,967.80","1.78B","1.30%"
"21-03-2025","12,919.90","12,806.00","12,943.75","12,786.50","2.49B","0.83%"
"20-03-2025","12,813.55","12,757.20","12,827.75","12,691.95","1.57B","1.04%"
"19-03-2025","12,681.65","12,602.30","12,700.40","12,568.50","1.94B","0.88%"
"18-03-2025","12,570.60","12,437.40","12,584.20","12,405.95","1.33B","1.74%"
"17-03-2025","12,355.95","12,275.25","12,395.65","12,275.15","1.21B","0.56%"
"13-03-2025","12,286.60","12,383.95","12,397.80","12,275.55","1.38B","-0.42%"
"12-03-2025","12,338.45","12,388.75","12,416.60","12,241.85","1.68B","-0.18%"
"11-03-2025","12,360.10","12,242.95","12,378.05","12,219.35","1.54B","0.30%"
"10-03-2025","12,323.40","12,408.15","12,483.10","12,304.45","1.51B","-0.75%"
"07-03-2025","12,416.00","12,413.40","12,478.90","12,381.70","1.38B","-0.09%"
"06-03-2025","12,427.45","12,414.25","12,438.40","12,307.90","1.47B","0.87%"
"05-03-2025","12,320.75","12,121.60","12,335.15","12,121.60","1.62B","1.56%"
"04-03-2025","12,131.40","12,041.60","12,152.45","12,013.55","1.56B","-0.03%"
"03-03-2025","12,134.65","12,150.65","12,193.55","12,007.05","1.77B","0.15%"
"28-02-2025","12,116.15","12,303.95","12,312.90","12,086.30","2.42B","-2.12%"
"27-02-2025","12,377.95","12,430.75","12,452.40","12,356.90","1.43B","-0.33%"
"25-02-2025","12,418.65","12,432.25","12,492.95","12,400.30","1.05B","-0.23%"
"24-02-2025","12,447.00","12,471.25","12,493.00","12,422.70","1.07B","-1.06%"
"21-02-2025","12,580.35","12,644.25","12,699.00","12,538.35","1.34B","-0.71%"
"20-02-2025","12,670.15","12,570.80","12,674.60","12,565.55","1.12B","0.36%"
"19-02-2025","12,624.75","12,516.55","12,674.00","12,487.40","1.28B","0.39%"
"18-02-2025","12,576.15","12,593.10","12,611.85","12,483.25","1.25B","-0.07%"
"17-02-2025","12,585.50","12,498.45","12,595.65","12,406.30","1.42B","0.13%"
"14-02-2025","12,569.35","12,739.45","12,753.80","12,476.85","1.50B","-1.03%"
"13-02-2025","12,700.80","12,709.85","12,829.80","12,676.85","1.66B","0.03%"
"12-02-2025","12,697.25","12,699.30","12,755.55","12,496.15","1.90B","-0.12%"
"11-02-2025","12,712.75","12,944.65","12,949.65","12,659.25","1.30B","-1.78%"
"10-02-2025","12,943.05","13,087.80","13,100.75","12,904.30","1.08B","-1.14%"
"07-02-2025","13,092.85","13,127.95","13,167.05","13,022.20","1.68B","-0.09%"
"06-02-2025","13,104.45","13,230.15","13,236.40","13,075.90","1.15B","-0.59%"
"05-02-2025","13,182.15","13,211.95","13,245.40","13,169.75","1.43B","0.09%"
"04-02-2025","13,170.85","13,056.55","13,181.95","13,013.40","1.66B","1.60%"
"03-02-2025","12,963.85","12,964.85","12,975.30","12,887.55","1.79B","-0.71%"
"01-02-2025","13,056.70","13,091.85","13,142.40","12,945.90","2.32B","-0.06%"
"31-01-2025","13,064.55","12,923.30","13,086.65","12,903.65","1.75B","1.30%"
"30-01-2025","12,896.75","12,881.10","12,949.50","12,839.90","1.47B","0.27%"
"29-01-2025","12,862.50","12,730.95","12,872.15","12,723.90","1.27B","1.29%"
"28-01-2025","12,698.10","12,723.20","12,805.60","12,610.90","1.87B","0.34%"
"27-01-2025","12,654.75","12,776.15","12,779.10","12,629.80","1.73B","-1.66%"
"24-01-2025","12,868.50","12,970.45","13,023.40","12,844.80","1.25B","-0.83%"
"23-01-2025","12,976.35","12,888.95","13,006.20","12,865.95","1.34B","0.61%"
"22-01-2025","12,897.70","12,928.35","12,938.35","12,771.30","1.58B","0.03%"
"21-01-2025","12,893.90","13,147.55","13,151.45","12,880.45","1.86B","-1.72%"
"20-01-2025","13,119.45","13,098.30","13,148.25","13,014.15","2.91B","0.58%"
"17-01-2025","13,043.55","13,054.65","13,075.95","12,975.10","1.48B","-0.16%"
"16-01-2025","13,064.95","13,087.60","13,104.30","13,052.50","1.72B","0.69%"
"15-01-2025","12,975.40","12,989.10","13,023.70","12,919.45","2.55B","0.31%"
"14-01-2025","12,935.25","12,851.70","12,970.05","12,849.80","1.99B","1.06%"
"13-01-2025","12,799.60","12,961.75","13,015.95","12,777.00","2.02B","-2.33%"
"10-01-2025","13,105.35","13,234.20","13,251.70","13,070.10","1.45B","-0.93%"
"09-01-2025","13,228.50","13,337.05","13,342.25","13,218.45","1.26B","-0.82%"
"08-01-2025","13,337.50","13,407.60","13,410.60","13,228.50","1.32B","-0.36%"
"07-01-2025","13,385.55","13,363.20","13,449.60","13,340.55","1.40B","0.40%"
"06-01-2025","13,331.80","13,635.55","13,637.65","13,293.45","1.73B","-2.05%"
"03-01-2025","13,610.50","13,702.55","13,707.80","13,594.05","1.66B","-0.54%"
"02-01-2025","13,685.05","13,486.55","13,693.80","13,463.20","1.41B","1.65%"
"01-01-2025","13,462.45","13,407.00","13,490.00","13,362.05","1.03B","0.41%"
"31-12-2024","13,406.95","13,355.90","13,435.15","13,290.35","1.28B","-0.01%"
"30-12-2024","13,408.85","13,454.90","13,516.65","13,356.10","2.47B","-0.38%"
"27-12-2024","13,459.75","13,483.05","13,538.20","13,452.60","767.97M","0.03%"
"26-12-2024","13,456.35","13,462.75","13,492.85","13,394.20","955.54M","0.15%"
"24-12-2024","13,436.00","13,460.50","13,511.00","13,408.45","974.84M","-0.10%"
"23-12-2024","13,449.75","13,452.95","13,525.05","13,399.55","1.13B","0.57%"
"20-12-2024","13,373.90","13,653.60","13,699.15","13,348.65","1.91B","-1.94%"
"19-12-2024","13,638.15","13,558.65","13,659.95","13,555.20","1.19B","-0.88%"
"18-12-2024","13,759.30","13,843.65","13,874.55","13,725.75","1.31B","-0.71%"
"17-12-2024","13,858.00","13,988.90","14,013.95","13,840.00","1.44B","-1.17%"
"16-12-2024","14,021.75","14,040.00","14,062.30","13,979.45","932.46M","-0.10%"
"13-12-2024","14,035.90","13,926.85","14,046.35","13,735.75","1.62B","0.57%"
"12-12-2024","13,956.45","13,996.45","14,026.90","13,947.90","1.33B","-0.37%"
"11-12-2024","14,007.60","13,986.80","14,030.35","13,973.25","1.16B","0.16%"
"10-12-2024","13,985.45","13,997.85","14,006.90","13,925.60","1.40B","0.06%"
"09-12-2024","13,977.20","13,977.00","14,018.15","13,951.45","1.40B","-0.14%"
"06-12-2024","13,996.80","14,004.75","14,029.55","13,949.20","1.75B","0.10%"
"05-12-2024","13,983.40","13,916.25","14,037.95","13,793.95","2.15B","0.85%"
"04-12-2024","13,866.20","13,857.65","13,898.60","13,794.05","1.83B","0.29%"
"03-12-2024","13,825.85","13,771.00","13,832.70","13,739.50","1.49B","0.79%"
"02-12-2024","13,716.95","13,631.70","13,722.80","13,578.40","1.25B","0.66%"
"29-11-2024","13,627.00","13,536.00","13,662.30","13,535.50","1.78B","0.76%"
"28-11-2024","13,524.75","13,664.95","13,720.80","13,499.30","2.35B","-0.92%"
"27-11-2024","13,649.85","13,592.10","13,680.40","13,552.45","2.23B","0.55%"
"26-11-2024","13,575.55","13,641.20","13,651.05","13,553.75","2.72B","-0.03%"
"25-11-2024","13,579.75","13,603.45","13,662.35","13,556.95","3.08B","1.41%"
"22-11-2024","13,390.80","13,155.50","13,414.20","13,126.15","1.85B","1.99%"
"21-11-2024","13,129.70","13,208.50","13,213.05","13,057.50","2.17B","-0.87%"
"19-11-2024","13,244.80","13,238.65","13,386.45","13,212.45","1.41B","0.41%"
"18-11-2024","13,191.00","13,276.40","13,276.45","13,128.65","1.53B","-0.22%"
"14-11-2024","13,220.40","13,205.80","13,300.35","13,189.30","1.44B","0.14%"
"13-11-2024","13,201.95","13,390.65","13,424.85","13,171.95","1.75B","-1.68%"
"12-11-2024","13,427.80","13,632.10","13,661.05","13,401.45","1.22B","-1.17%"
"11-11-2024","13,586.75","13,569.80","13,694.55","13,506.80","1.41B","-0.11%"
"08-11-2024","13,602.30","13,688.90","13,719.30","13,575.00","1.40B","-0.58%"
"07-11-2024","13,681.75","13,842.60","13,846.85","13,674.15","1.46B","-1.03%"
"06-11-2024","13,824.10","13,680.85","13,840.35","13,637.70","1.61B","1.51%"
"05-11-2024","13,618.85","13,476.80","13,628.95","13,405.65","1.69B","0.78%"
"04-11-2024","13,513.55","13,697.30","13,697.95","13,416.85","1.83B","-1.29%"
"01-11-2024","13,690.35","13,683.15","13,726.80","13,676.15","479.34M","0.53%"
"31-10-2024","13,618.20","13,694.90","13,708.80","13,586.75","1.88B","-0.52%"
"30-10-2024","13,688.70","13,696.25","13,784.10","13,664.70","2.25B","-0.39%"
"29-10-2024","13,742.30","13,663.65","13,751.50","13,534.90","1.85B","0.64%"
"28-10-2024","13,655.35","13,599.70","13,724.45","13,520.00","2.33B","0.65%"
"25-10-2024","13,567.50","13,744.45","13,753.85","13,491.65","1.99B","-1.15%"
"24-10-2024","13,725.55","13,750.90","13,782.50","13,697.05","1.40B","-0.20%"
"23-10-2024","13,753.45","13,711.35","13,844.80","13,681.90","1.95B","0.02%"
"22-10-2024","13,751.30","14,000.60","14,027.65","13,736.30","1.72B","-1.70%"
"21-10-2024","13,989.40","14,133.55","14,154.45","13,966.05","1.42B","-0.65%"
"18-10-2024","14,080.50","13,980.65","14,099.90","13,899.15","1.32B","0.34%"
"17-10-2024","14,033.05","14,229.80","14,231.70","14,026.25","1.22B","-1.21%"
"16-10-2024","14,205.50","14,230.30","14,274.20","14,165.00","1.17B","-0.33%"
"15-10-2024","14,252.40","14,311.25","14,320.05","14,215.20","1.17B","-0.12%"
"14-10-2024","14,269.35","14,228.45","14,278.90","14,215.10","1.10B","0.53%"
"11-10-2024","14,194.00","14,197.50","14,220.75","14,157.05","1.13B","0.00%"
"10-10-2024","14,194.25","14,254.65","14,290.35","14,183.50","1.22B","-0.04%"
"09-10-2024","14,199.75","14,216.20","14,329.95","14,181.95","1.70B","0.22%"
"08-10-2024","14,168.15","13,980.85","14,187.85","13,942.20","1.87B","1.35%"
"07-10-2024","13,978.90","14,214.25","14,240.05","13,921.65","2.29B","-1.31%"
"04-10-2024","14,165.05","14,267.35","14,407.65","14,139.95","1.90B","-0.95%"
"03-10-2024","14,300.20","14,412.50","14,526.55","14,278.10","1.92B","-2.17%"
"01-10-2024","14,616.80","14,609.70","14,662.60","14,573.00","1.41B","0.04%"
"30-09-2024","14,610.80","14,728.80","14,757.20","14,597.90","1.76B","-1.18%"
"27-09-2024","14,784.80","14,806.15","14,833.75","14,770.20","3.11B","-0.03%"
"26-09-2024","14,789.35","14,709.05","14,799.90","14,684.55","2.22B","0.64%"
"25-09-2024","14,696.00","14,687.45","14,708.30","14,630.50","1.47B","-0.03%"
"24-09-2024","14,700.15","14,695.30","14,726.90","14,674.05","1.84B","0.05%"
"23-09-2024","14,693.20","14,638.30","14,701.85","14,623.25","2.84B","0.77%"
"20-09-2024","14,580.90","14,426.15","14,611.25","14,384.75","3.30B","1.49%"
"19-09-2024","14,367.00","14,447.65","14,494.25","14,286.65","3.89B","-0.09%"
"18-09-2024","14,380.45","14,417.95","14,439.25","14,321.85","1.29B","-0.28%"
"17-09-2024","14,420.55","14,437.30","14,437.30","14,387.55","1.11B","0.04%"
"16-09-2024","14,415.50","14,434.10","14,451.30","14,387.50","1.24B","0.17%"
"13-09-2024","14,391.40","14,426.05","14,426.05","14,369.45","1.46B","-0.02%"
"12-09-2024","14,394.65","14,243.10","14,412.40","14,188.05","1.74B","1.72%"
"11-09-2024","14,151.50","14,222.95","14,269.40","14,130.20","1.73B","-0.44%"
"10-09-2024","14,213.50","14,190.45","14,264.75","14,144.25","1.64B","0.53%"
"09-09-2024","14,139.00","14,092.35","14,153.15","14,015.55","1.82B","0.22%"
"06-09-2024","14,107.40","14,267.75","14,292.15","14,080.15","3.16B","-1.25%"
"05-09-2024","14,286.00","14,335.70","14,344.95","14,276.70","1.50B","-0.05%"
"04-09-2024","14,293.85","14,219.20","14,302.35","14,217.00","1.33B","-0.23%"
"03-09-2024","14,326.80","14,349.60","14,349.70","14,315.50","1.26B","0.06%"
"02-09-2024","14,318.05","14,354.95","14,354.95","14,277.50","1.94B","0.16%"
"30-08-2024","14,295.70","14,298.15","14,317.45","14,269.55","6.19B","0.38%"
"29-08-2024","14,240.95","14,217.50","14,255.25","14,153.00","1.99B","0.16%"
"28-08-2024","14,218.45","14,227.65","14,257.80","14,172.85","1.44B","0.09%"
"27-08-2024","14,206.00","14,207.90","14,228.80","14,179.25","1.43B","0.10%"
"26-08-2024","14,191.75","14,152.85","14,202.35","14,125.80","1.23B","0.66%"
"23-08-2024","14,099.20","14,138.10","14,145.70","14,088.05","1.61B","-0.09%"
"22-08-2024","14,112.60","14,130.30","14,131.85","14,090.45","1.36B","0.30%"
"21-08-2024","14,070.80","14,029.95","14,080.50","14,011.80","1.36B","0.29%"
"20-08-2024","14,030.80","13,993.40","14,038.90","13,966.15","1.44B","0.61%"
"19-08-2024","13,946.05","13,983.25","13,987.90","13,926.75","1.42B","0.23%"
"16-08-2024","13,914.70","13,787.20","13,925.80","13,720.90","1.47B","1.71%"
"14-08-2024","13,680.85","13,724.65","13,732.60","13,642.20","1.71B","-0.08%"
"13-08-2024","13,691.50","13,829.00","13,836.95","13,678.15","1.84B","-0.89%"
"12-08-2024","13,814.30","13,787.10","13,863.15","13,720.95","1.73B","-0.08%"
"09-08-2024","13,826.05","13,836.15","13,859.65","13,791.80","1.47B","1.02%"
"08-08-2024","13,686.40","13,769.70","13,807.65","13,668.15","1.76B","-0.68%"
"07-08-2024","13,779.45","13,738.95","13,793.00","13,669.75","1.73B","1.77%"
"06-08-2024","13,540.15","13,688.55","13,816.15","13,518.10","1.87B","-0.44%"
"05-08-2024","13,600.20","13,731.25","13,786.20","13,508.00","3.13B","-2.95%"
"02-08-2024","14,012.90","14,040.60","14,097.45","13,999.10","2.34B","-1.08%"
"01-08-2024","14,165.80","14,215.75","14,234.65","14,121.40","2.12B","-0.04%"
"31-07-2024","14,170.80","14,138.80","14,184.65","14,121.45","2.44B","0.46%"
"30-07-2024","14,105.55","14,101.50","14,164.65","14,075.55","2.00B","0.11%"
"29-07-2024","14,089.80","14,112.40","14,156.60","14,049.45","2.56B","0.36%"
"26-07-2024","14,039.20","13,831.05","14,049.35","13,827.85","2.48B","1.73%"
"25-07-2024","13,801.00","13,696.00","13,813.85","13,684.05","2.46B","0.02%"
"24-07-2024","13,797.75","13,780.35","13,834.10","13,740.25","2.17B","0.07%"
"23-07-2024","13,788.65","13,882.20","13,886.75","13,477.00","3.37B","-0.33%"
"22-07-2024","13,834.20","13,738.30","13,871.15","13,689.65","2.13B","0.33%"
"19-07-2024","13,788.15","14,002.05","14,002.10","13,775.80","1.99B","-1.42%"
"18-07-2024","13,987.40","13,932.85","13,996.95","13,842.15","2.48B","0.19%"
"16-07-2024","13,960.90","13,994.85","14,006.25","13,948.45","2.45B","-0.06%"
"15-07-2024","13,968.65","13,949.90","13,983.00","13,898.00","2.55B","0.53%"
"12-07-2024","13,895.30","13,876.00","13,947.70","13,838.60","2.54B","0.48%"
"11-07-2024","13,828.90","13,863.50","13,865.60","13,764.70","2.52B","0.09%"
"10-07-2024","13,816.35","13,893.20","13,893.60","13,650.90","2.38B","-0.34%"
"09-07-2024","13,863.20","13,832.55","13,869.05","13,807.00","2.27B","0.46%"
"08-07-2024","13,800.40","13,825.85","13,832.95","13,755.55","2.81B","-0.05%"
"05-07-2024","13,807.25","13,737.45","13,823.70","13,714.40","3.11B","0.30%"
"04-07-2024","13,766.60","13,785.95","13,804.55","13,744.95","2.01B","0.21%"
"03-07-2024","13,737.60","13,722.95","13,749.95","13,684.75","2.24B","0.75%"
"02-07-2024","13,635.30","13,714.55","13,717.10","13,586.25","2.17B","-0.24%"
"01-07-2024","13,668.70","13,584.25","13,676.05","13,576.70","2.09B","0.66%"
"28-06-2024","13,579.25","13,604.20","13,653.55","13,565.80","3.60B","0.03%"
"27-06-2024","13,575.80","13,506.60","13,599.45","13,480.40","3.43B","0.59%"
"26-06-2024","13,496.15","13,451.90","13,509.85","13,412.40","3.02B","0.34%"
"25-06-2024","13,451.05","13,428.30","13,465.20","13,389.40","1.93B","0.40%"
"24-06-2024","13,397.05","13,305.50","13,404.80","13,264.15","2.38B","0.27%"
"21-06-2024","13,361.10","13,459.35","13,459.85","13,326.70","3.80B","-0.33%"
"20-06-2024","13,405.90","13,400.75","13,423.00","13,333.65","2.26B","0.32%"
"19-06-2024","13,362.80","13,465.30","13,465.30","13,306.10","4.11B","-0.44%"
"18-06-2024","13,421.90","13,422.05","13,428.80","13,380.30","2.27B","0.46%"
"14-06-2024","13,360.60","13,325.85","13,370.25","13,263.80","2.53B","0.59%"
"13-06-2024","13,282.50","13,317.65","13,317.70","13,237.85","2.12B","0.47%"
"12-06-2024","13,219.95","13,212.25","13,263.90","13,190.50","2.59B","0.43%"
"11-06-2024","13,162.70","13,170.40","13,230.90","13,126.20","2.75B","0.13%"
"10-06-2024","13,145.95","13,181.20","13,230.90","13,117.30","2.87B","0.03%"
"07-06-2024","13,142.00","12,909.75","13,153.55","12,876.75","2.97B","1.86%"
"06-06-2024","12,902.20","12,857.55","12,962.90","12,805.85","3.05B","1.27%"
"05-06-2024","12,740.60","12,442.15","12,764.20","12,177.95","4.69B","3.68%"
"04-06-2024","12,288.15","13,151.35","13,151.35","11,878.65","7.99B","-6.79%"
"03-06-2024","13,183.85","13,243.40","13,243.40","13,071.90","4.20B","3.46%"
"31-05-2024","12,742.80","12,763.20","12,791.60","12,687.90","5.66B","0.27%"
"30-05-2024","12,708.30","12,800.30","12,839.30","12,671.40","2.62B","-1.00%"
"29-05-2024","12,836.45","12,862.75","12,902.40","12,827.75","1.89B","-0.71%"
"28-05-2024","12,928.10","13,013.20","13,022.95","12,905.75","2.08B","-0.44%"
"27-05-2024","12,985.40","13,034.10","13,062.75","12,957.40","2.77B","0.03%"
"24-05-2024","12,981.65","12,975.00","13,028.75","12,953.85","4.63B","-0.01%"
"23-05-2024","12,982.40","12,835.55","12,993.20","12,820.60","2.83B","1.32%"
"22-05-2024","12,813.50","12,818.30","12,828.95","12,733.10","2.21B","0.26%"
"21-05-2024","12,780.45","12,719.75","12,804.75","12,710.75","2.74B","0.28%"
"18-05-2024","12,744.75","12,741.75","12,751.40","12,724.95","357.29B","0.31%"
"17-05-2024","12,705.15","12,658.95","12,714.70","12,631.70","2.08B","0.50%"
"16-05-2024","12,641.70","12,594.70","12,655.95","12,467.10","1.99B","0.90%"
"15-05-2024","12,528.65","12,536.95","12,570.65","12,493.00","1.73B","0.21%"
"14-05-2024","12,502.85","12,425.30","12,522.55","12,401.35","2.13B","0.75%"
"13-05-2024","12,410.00","12,378.90","12,427.50","12,216.40","1.94B","0.24%"
"10-05-2024","12,380.55","12,340.10","12,395.30","12,295.90","1.76B","0.57%"
"09-05-2024","12,309.90","12,496.75","12,531.80","12,294.75","2.17B","-1.66%"
"08-05-2024","12,517.40","12,442.90","12,554.55","12,404.35","2.24B","0.34%"
"07-05-2024","12,475.00","12,630.30","12,632.30","12,425.10","3.21B","-1.01%"
"06-05-2024","12,601.75","12,698.30","12,701.70","12,571.20","2.55B","-0.39%"
"03-05-2024","12,651.15","12,795.20","12,807.75","12,573.10","3.44B","-0.62%"
"02-05-2024","12,730.55","12,675.10","12,756.50","12,674.70","2.73B","0.45%"
"30-04-2024","12,673.15","12,708.20","12,769.60","12,656.25","2.97B","-0.02%"
"29-04-2024","12,675.20","12,608.35","12,681.45","12,575.40","3.37B","0.83%"
"26-04-2024","12,570.30","12,632.15","12,638.75","12,553.75","5.79B","-0.23%"
"25-04-2024","12,599.70","12,486.00","12,618.10","12,482.75","3.80B","0.66%"
"24-04-2024","12,516.55","12,515.45","12,543.95","12,504.60","3.02B","0.31%"
"23-04-2024","12,478.35","12,508.55","12,508.65","12,464.00","4.19B","0.30%"
"22-04-2024","12,441.40","12,436.95","12,460.10","12,369.70","3.13B","0.94%"
"19-04-2024","12,325.85","12,197.30","12,350.75","12,119.00","2.21B","0.35%"
"18-04-2024","12,282.70","12,405.70","12,464.25","12,261.85","2.41B","-0.56%"
"16-04-2024","12,351.45","12,325.50","12,393.50","12,304.35","2.53B","-0.37%"
"15-04-2024","12,397.40","12,417.85","12,489.90","12,352.10","2.53B","-1.29%"
"12-04-2024","12,559.30","12,641.95","12,672.65","12,554.10","2.70B","-0.89%"
"10-04-2024","12,671.80","12,640.50","12,682.55","12,619.85","1.96B","0.60%"
"09-04-2024","12,595.60","12,670.35","12,670.35","12,569.50","1.59B","-0.16%"
"08-04-2024","12,615.60","12,602.40","12,642.50","12,578.70","2.10B","0.51%"
"05-04-2024","12,551.00","12,516.80","12,562.15","12,486.85","2.14B","0.21%"
"04-04-2024","12,524.45","12,583.10","12,594.95","12,443.35","2.63B","0.26%"
"03-04-2024","12,492.45","12,452.50","12,528.15","12,432.00","2.32B","0.07%"
"02-04-2024","12,483.40","12,462.95","12,489.75","12,432.05","2.17B","0.29%"
"01-04-2024","12,447.20","12,410.65","12,465.20","12,407.20","1.85B","0.95%"
"28-03-2024","12,329.75","12,252.75","12,413.15","12,252.55","1.78B","0.91%"
"27-03-2024","12,219.00","12,207.30","12,272.85","12,205.55","1.87B","0.37%"
"26-03-2024","12,173.65","12,100.80","12,195.50","12,100.50","1.70B","0.04%"
"22-03-2024","12,168.75","12,084.35","12,204.85","12,050.50","1.92B","0.45%"
"21-03-2024","12,114.50","12,060.45","12,126.75","12,054.10","1.48B","1.25%"
"20-03-2024","11,965.25","11,973.40","12,003.15","11,868.35","1.51B","0.12%"
"19-03-2024","11,950.45","12,053.15","12,062.75","11,939.60","1.53B","-1.19%"
"18-03-2024","12,094.45","12,065.25","12,126.65","12,013.55","1.59B","0.11%"
"15-03-2024","12,080.65","12,113.80","12,152.75","11,998.85","2.92B","-0.55%"
"14-03-2024","12,147.85","11,983.75","12,163.45","11,937.40","2.69B","1.16%"
"13-03-2024","12,008.80","12,337.40","12,344.45","11,949.05","3.00B","-2.32%"
"12-03-2024","12,293.65","12,351.05","12,380.85","12,269.80","1.62B","-0.42%"
"11-03-2024","12,345.70","12,440.35","12,443.50","12,330.85","1.50B","-0.58%"
"07-03-2024","12,417.25","12,410.60","12,441.30","12,386.75","1.58B","0.21%"
"06-03-2024","12,391.25","12,355.45","12,402.85","12,241.20","2.62B","0.24%"
"05-03-2024","12,361.55","12,380.40","12,393.05","12,324.40","1.75B","-0.21%"
"04-03-2024","12,386.95","12,389.30","12,406.65","12,353.15","1.88B","0.14%"
"02-03-2024","12,369.95","12,371.85","12,385.20","12,358.25","220.64K","0.31%"
"01-03-2024","12,331.15","12,206.00","12,337.85","12,205.35","2.18B","1.40%"
"29-02-2024","12,160.45","12,112.70","12,203.10","12,054.75","3.59B","0.34%"
"28-02-2024","12,119.45","12,293.20","12,301.70","12,099.10","3.09B","-1.29%"
"27-02-2024","12,277.55","12,245.70","12,297.90","12,239.80","2.06B","0.18%"
"26-02-2024","12,255.15","12,277.90","12,301.40","12,222.45","2.02B","-0.30%"
"23-02-2024","12,292.45","12,324.85","12,327.65","12,275.85","3.27B","0.08%"
"22-02-2024","12,282.40","12,208.80","12,298.55","12,104.80","2.35B","0.83%"
"21-02-2024","12,181.80","12,301.95","12,307.75","12,149.95","2.19B","-0.71%"
"20-02-2024","12,269.10","12,236.20","12,278.75","12,205.80","1.81B","0.23%"
"19-02-2024","12,240.95","12,242.95","12,278.75","12,198.60","1.78B","0.35%"
"16-02-2024","12,198.65","12,184.85","12,212.85","12,157.15","2.00B","0.61%"
"15-02-2024","12,124.80","12,114.90","12,145.00","12,069.75","2.39B","0.51%"
"14-02-2024","12,063.45","11,887.00","12,076.65","11,862.75","2.31B","0.66%"
"13-02-2024","11,983.85","11,939.20","11,992.20","11,836.40","2.54B","0.59%"
"12-02-2024","11,914.10","12,077.30","12,088.15","11,890.15","2.83B","-1.17%"
"09-02-2024","12,055.65","12,064.45","12,085.30","11,930.15","4.06B","0.02%"
"08-02-2024","12,052.65","12,185.80","12,187.30","12,026.35","4.09B","-0.61%"
"07-02-2024","12,126.80","12,156.20","12,162.45","12,065.45","3.77B","0.36%"
"06-02-2024","12,082.95","12,013.65","12,090.45","11,953.65","2.90B","0.90%"
"05-02-2024","11,975.65","12,063.50","12,091.65","11,949.35","2.75B","-0.35%"
"02-02-2024","12,017.20","12,000.60","12,140.20","11,995.45","2.63B","0.67%"
"01-02-2024","11,937.65","11,992.75","12,003.15","11,901.20","2.24B","-0.14%"
"31-01-2024","11,953.80","11,822.45","11,961.50","11,802.50","1.93B","1.05%"
"30-01-2024","11,829.60","11,957.35","11,974.00","11,819.60","2.10B","-0.81%"
"29-01-2024","11,925.90","11,771.50","11,937.75","11,767.65","2.24B","1.72%"
"25-01-2024","11,724.75","11,783.10","11,783.65","11,660.20","2.21B","-0.38%"
"24-01-2024","11,769.40","11,614.45","11,782.20","11,555.45","2.59B","1.23%"
"23-01-2024","11,626.80","11,943.10","11,950.45","11,599.40","2.83B","-1.99%"
"20-01-2024","11,862.45","11,914.45","11,926.45","11,843.40","","0.00%"
"19-01-2024","11,862.30","11,835.05","11,871.80","11,817.10","2.26B","0.96%"
"18-01-2024","11,749.35","11,732.45","11,782.65","11,599.90","2.42B","-0.44%"
"17-01-2024","11,801.35","11,844.30","11,937.70","11,790.75","2.77B","-1.81%"
"16-01-2024","12,019.45","12,056.60","12,074.80","11,971.10","2.70B","-0.30%"
"15-01-2024","12,055.40","12,042.05","12,062.45","11,979.60","2.13B","0.79%"
"12-01-2024","11,960.85","11,920.70","11,978.55","11,885.75","1.61B","0.89%"
"11-01-2024","11,855.20","11,863.20","11,885.05","11,824.60","1.66B","0.29%"
"10-01-2024","11,820.45","11,782.25","11,829.90","11,717.10","2.04B","0.32%"
"09-01-2024","11,782.90","11,838.90","11,870.70","11,768.80","1.91B","0.20%"
"08-01-2024","11,759.70","11,897.20","11,900.75","11,748.80","1.83B","-0.95%"
"05-01-2024","11,872.30","11,884.30","11,904.10","11,817.35","2.55B","0.18%"
"04-01-2024","11,850.60","11,796.80","11,863.65","11,782.50","2.00B","0.89%"
"03-01-2024","11,745.50","11,791.55","11,796.95","11,734.25","2.31B","-0.31%"
"02-01-2024","11,782.60","11,831.40","11,833.45","11,699.05","2.94B","-0.30%"
"01-01-2024","11,817.50","11,809.45","11,865.05","11,787.80","3.38B","0.16%"
"29-12-2023","11,798.70","11,781.80","11,811.50","11,749.85","3.25B","0.07%"
"28-12-2023","11,790.05","11,762.70","11,799.95","11,736.55","1.90B","0.54%"
"27-12-2023","11,727.00","11,669.50","11,737.00","11,659.85","1.23B","0.84%"
"26-12-2023","11,629.85","11,590.10","11,647.10","11,569.00","1.43B","0.53%"
"22-12-2023","11,569.10","11,545.25","11,590.55","11,498.45","1.67B","0.53%"
"21-12-2023","11,507.65","11,340.75","11,523.65","11,306.10","2.05B","0.79%"
"20-12-2023","11,417.20","11,695.20","11,719.90","11,384.50","2.54B","-1.89%"
"19-12-2023","11,637.45","11,660.35","11,664.15","11,570.55","1.94B","0.09%"
"18-12-2023","11,627.00","11,626.70","11,657.00","11,582.20","2.14B","-0.01%"
"15-12-2023","11,627.80","11,579.15","11,641.50","11,544.50","2.54B","0.93%"
"14-12-2023","11,520.35","11,471.55","11,535.10","11,461.45","2.67B","1.26%"
"13-12-2023","11,376.70","11,361.50","11,388.70","11,282.60","2.04B","0.30%"
"12-12-2023","11,342.55","11,416.60","11,423.05","11,310.75","2.13B","-0.47%"
"11-12-2023","11,396.50","11,367.60","11,402.60","11,356.45","1.80B","0.33%"
"08-12-2023","11,358.80","11,377.25","11,401.10","11,287.45","1.64B","0.09%"
"07-12-2023","11,348.45","11,345.40","11,359.45","11,301.50","1.92B","0.10%"
"06-12-2023","11,337.20","11,331.15","11,347.35","11,283.95","1.76B","0.54%"
"05-12-2023","11,275.95","11,238.95","11,280.30","11,192.25","1.90B","0.85%"
"04-12-2023","11,180.75","11,156.30","11,189.05","11,095.70","1.93B","1.93%"
"01-12-2023","10,969.00","10,930.55","10,983.90","10,924.00","1.55B","0.75%"
"30-11-2023","10,887.35","10,857.60","10,899.00","10,808.95","2.87B","0.38%"
"29-11-2023","10,846.45","10,797.00","10,850.95","10,790.45","1.46B","0.96%"
"28-11-2023","10,742.95","10,707.75","10,755.35","10,689.00","1.47B","0.62%"
"24-11-2023","10,676.50","10,689.20","10,701.10","10,668.20","1.06B","-0.02%"
"23-11-2023","10,678.90","10,693.70","10,713.15","10,671.50","1.05B","0.00%"
"22-11-2023","10,678.65","10,671.70","10,689.40","10,618.50","1.16B","0.11%"
"21-11-2023","10,667.35","10,673.35","10,690.85","10,659.70","1.20B","0.33%"
"20-11-2023","10,631.80","10,656.55","10,666.80","10,622.45","1.41B","-0.17%"
"17-11-2023","10,649.50","10,612.65","10,679.50","10,607.40","1.99B","-0.02%"
"16-11-2023","10,651.85","10,603.20","10,700.00","10,580.70","1.40B","0.49%"
"15-11-2023","10,599.45","10,588.85","10,606.90","10,559.00","1.84B","1.12%"
"13-11-2023","10,482.45","10,494.50","10,497.30","10,459.05","1.50B","0.24%"
"10-11-2023","10,457.55","10,415.45","10,469.40","10,395.40","1.13B","0.21%"
"09-11-2023","10,435.80","10,471.25","10,474.05","10,428.50","1.54B","-0.21%"
"08-11-2023","10,457.95","10,449.75","10,463.70","10,430.75","1.49B","0.38%"
"07-11-2023","10,418.10","10,408.95","10,426.60","10,376.95","1.31B","0.12%"
"06-11-2023","10,405.65","10,371.45","10,411.15","10,354.85","1.21B","0.92%"
"03-11-2023","10,311.25","10,308.05","10,328.45","10,300.55","1.76B","0.62%"
"02-11-2023","10,248.15","10,223.45","10,257.55","10,205.05","1.62B","0.95%"
"01-11-2023","10,151.95","10,199.55","10,214.75","10,143.30","1.81B","-0.45%"
"31-10-2023","10,198.35","10,264.85","10,265.05","10,187.05","1.17B","-0.15%"
"30-10-2023","10,213.60","10,182.90","10,221.45","10,108.65","1.29B","0.39%"
"27-10-2023","10,173.65","10,098.70","10,189.85","10,097.75","1.16B","1.21%"
"26-10-2023","10,052.50","10,134.50","10,141.25","10,017.55","1.53B","-1.31%"
"25-10-2023","10,185.75","10,275.40","10,310.55","10,145.05","1.34B","-0.78%"
"23-10-2023","10,266.15","10,428.75","10,441.45","10,250.00","1.43B","-1.62%"
"20-10-2023","10,435.00","10,458.75","10,480.75","10,423.55","1.19B","-0.58%"
"19-10-2023","10,495.55","10,458.55","10,519.95","10,431.45","1.03B","-0.23%"
"18-10-2023","10,519.25","10,608.20","10,611.90","10,513.00","1.14B","-0.77%"
"17-10-2023","10,600.80","10,616.25","10,618.65","10,583.50","1.20B","0.39%"
"16-10-2023","10,559.55","10,557.65","10,583.35","10,534.05","979.20M","-0.02%"
"13-10-2023","10,561.30","10,515.75","10,589.30","10,505.30","1.27B","-0.18%"
"12-10-2023","10,579.85","10,596.40","10,607.05","10,570.95","1.10B","-0.01%"
"11-10-2023","10,581.10","10,564.35","10,603.95","10,560.10","1.36B","0.60%"
"10-10-2023","10,518.45","10,444.80","10,529.35","10,444.55","1.05B","1.02%"
"09-10-2023","10,411.75","10,432.90","10,454.60","10,391.60","1.27B","-0.88%"
"06-10-2023","10,503.75","10,487.00","10,514.90","10,470.50","958.03M","0.56%"
"05-10-2023","10,445.00","10,446.65","10,464.15","10,418.80","1.24B","0.44%"
"04-10-2023","10,399.55","10,436.25","10,439.70","10,342.75","1.43B","-0.72%"
"03-10-2023","10,474.60","10,507.95","10,508.65","10,443.35","1.33B","-0.34%"
"29-09-2023","10,510.25","10,470.05","10,550.90","10,456.70","1.26B","0.71%"
"28-09-2023","10,436.15","10,573.35","10,575.75","10,420.80","1.71B","-1.08%"
"27-09-2023","10,549.85","10,508.70","10,557.15","10,469.00","1.45B","0.33%"
"26-09-2023","10,515.65","10,524.05","10,537.95","10,502.95","1.41B","-0.03%"
"25-09-2023","10,518.70","10,518.10","10,541.45","10,471.25","1.23B","0.07%"
"22-09-2023","10,511.45","10,545.15","10,575.10","10,496.15","1.53B","-0.28%"
"21-09-2023","10,540.85","10,600.05","10,603.75","10,522.20","1.41B","-0.81%"
"20-09-2023","10,626.85","10,665.00","10,700.75","10,611.90","1.66B","-0.99%"
"18-09-2023","10,733.00","10,758.75","10,766.20","10,725.20","2.28B","-0.28%"
"15-09-2023","10,763.60","10,753.65","10,779.35","10,733.65","2.42B","0.40%"
"14-09-2023","10,721.05","10,717.90","10,746.15","10,685.35","1.59B","0.37%"
"13-09-2023","10,681.00","10,641.95","10,691.20","10,595.15","2.02B","0.34%"
"12-09-2023","10,645.05","10,785.55","10,785.60","10,618.55","2.65B","-0.75%"
"11-09-2023","10,725.40","10,668.55","10,730.45","10,656.85","2.21B","0.95%"
"08-09-2023","10,624.35","10,592.40","10,645.75","10,564.20","1.84B","0.57%"
"07-09-2023","10,564.20","10,501.20","10,570.10","10,485.45","1.78B","0.60%"
"06-09-2023","10,500.85","10,487.60","10,511.05","10,444.95","1.95B","0.22%"
"05-09-2023","10,478.20","10,465.30","10,483.55","10,440.75","2.36B","0.36%"
"04-09-2023","10,440.75","10,427.40","10,447.90","10,378.95","2.88B","0.60%"
"01-09-2023","10,378.95","10,289.75","10,388.30","10,285.40","2.80B","0.91%"
"31-08-2023","10,284.95","10,345.85","10,349.00","10,272.50","2.62B","-0.44%"
"30-08-2023","10,330.05","10,360.40","10,374.80","10,324.35","1.38B","0.18%"
"29-08-2023","10,311.55","10,320.15","10,320.95","10,294.20","1.51B","0.26%"
"28-08-2023","10,284.65","10,278.90","10,312.05","10,251.50","1.51B","0.29%"
"25-08-2023","10,254.45","10,286.10","10,305.50","10,237.00","1.62B","-0.69%"
"24-08-2023","10,325.90","10,393.15","10,416.70","10,317.15","1.20B","-0.14%"
"23-08-2023","10,340.05","10,343.50","10,360.40","10,313.60","1.17B","0.22%"
"22-08-2023","10,317.25","10,309.65","10,331.20","10,299.20","1.38B","0.26%"
"21-08-2023","10,290.75","10,245.70","10,305.05","10,235.50","1.05B","0.54%"
"18-08-2023","10,235.65","10,239.40","10,266.70","10,210.70","1.11B","-0.28%"
"17-08-2023","10,263.95","10,303.45","10,308.55","10,249.55","1.26B","-0.38%"
"16-08-2023","10,302.80","10,258.20","10,312.00","10,228.30","1.19B","0.13%"
"14-08-2023","10,289.15","10,282.10","10,306.55","10,188.40","1.25B","-0.15%"
"11-08-2023","10,304.60","10,372.60","10,373.95","10,296.10","1.22B","-0.52%"
"10-08-2023","10,358.75","10,395.40","10,403.60","10,334.70","1.48B","-0.41%"
"09-08-2023","10,401.60","10,379.90","10,407.20","10,321.95","1.22B","0.30%"
"08-08-2023","10,370.60","10,398.15","10,401.90","10,336.20","1.61B","-0.07%"
"07-08-2023","10,378.25","10,368.85","10,387.25","10,339.00","1.54B","0.40%"
"04-08-2023","10,337.35","10,308.00","10,348.75","10,298.70","1.77B","0.73%"
"03-08-2023","10,262.60","10,293.25","10,330.25","10,213.65","1.84B","-0.56%"
"02-08-2023","10,320.90","10,404.55","10,413.75","10,258.65","1.43B","-1.12%"
"01-08-2023","10,437.50","10,466.35","10,469.70","10,421.85","1.40B","-0.08%"
"31-07-2023","10,445.90","10,397.85","10,454.80","10,372.00","1.57B","0.57%"
"28-07-2023","10,386.60","10,379.95","10,394.75","10,343.50","1.27B","0.14%"
"27-07-2023","10,372.15","10,450.25","10,460.60","10,341.70","1.57B","-0.38%"
"26-07-2023","10,411.55","10,392.85","10,434.35","10,379.70","1.63B","0.48%"
"25-07-2023","10,361.90","10,375.75","10,375.75","10,318.35","1.32B","0.17%"
"24-07-2023","10,344.10","10,381.30","10,396.85","10,336.75","1.60B","-0.29%"
"21-07-2023","10,374.65","10,399.00","10,437.00","10,355.80","1.62B","-0.96%"
"20-07-2023","10,475.15","10,421.10","10,480.40","10,387.65","1.28B","0.56%"
"19-07-2023","10,416.35","10,395.85","10,423.90","10,366.05","1.20B","0.47%"
"18-07-2023","10,367.95","10,397.15","10,405.25","10,335.25","1.32B","0.07%"
"17-07-2023","10,360.30","10,322.25","10,368.80","10,302.00","1.23B","0.62%"
"14-07-2023","10,296.35","10,255.80","10,310.10","10,224.85","1.02B","0.83%"
"13-07-2023","10,212.10","10,272.45","10,302.35","10,195.80","1.39B","-0.06%"
"12-07-2023","10,218.60","10,260.00","10,264.10","10,209.60","1.16B","-0.12%"
"11-07-2023","10,230.55","10,210.85","10,265.70","10,201.35","1.07B","0.54%"
"10-07-2023","10,175.40","10,212.05","10,214.65","10,159.30","1.07B","-0.03%"
"07-07-2023","10,178.10","10,234.60","10,277.85","10,163.25","1.24B","-0.84%"
"06-07-2023","10,264.20","10,205.50","10,269.90","10,198.65","1.35B","0.58%"
"05-07-2023","10,205.30","10,196.85","10,214.75","10,170.00","1.35B","0.22%"
"04-07-2023","10,182.80","10,206.70","10,208.35","10,146.70","1.51B","0.18%"
"03-07-2023","10,164.40","10,139.40","10,173.80","10,134.20","1.17B","0.59%"
"30-06-2023","10,104.35","10,054.70","10,109.30","10,033.20","1.08B","0.99%"
"28-06-2023","10,004.90","9,975.15","10,017.10","9,953.45","1.38B","0.78%"
"27-06-2023","9,927.80","9,898.15","9,932.55","9,887.75","955.16M","0.62%"
"26-06-2023","9,866.90","9,839.15","9,874.80","9,827.20","824.42M","0.30%"
"23-06-2023","9,837.45","9,900.85","9,905.80","9,830.00","940.63M","-0.76%"
"22-06-2023","9,912.40","9,979.00","9,985.80","9,905.35","1.16B","-0.63%"
"21-06-2023","9,975.15","9,974.10","9,993.65","9,947.90","1.16B","0.26%"
"20-06-2023","9,948.80","9,917.00","9,959.45","9,874.15","896.55M","0.35%"
"19-06-2023","9,913.90","9,971.20","9,978.80","9,898.40","1.06B","-0.30%"
"16-06-2023","9,943.35","9,891.70","9,962.15","9,885.20","1.13B","0.76%"
"15-06-2023","9,868.00","9,900.60","9,919.65","9,856.05","1.09B","-0.21%"
"14-06-2023","9,888.60","9,887.55","9,895.75","9,857.30","1.28B","0.20%"
"13-06-2023","9,868.80","9,816.55","9,874.55","9,816.30","1.08B","0.74%"
"12-06-2023","9,796.65","9,789.20","9,808.20","9,765.45","834.95M","0.28%"
"09-06-2023","9,769.30","9,814.25","9,822.85","9,763.75","959.96M","-0.30%"
"08-06-2023","9,798.85","9,857.40","9,876.60","9,789.90","1.39B","-0.52%"
"07-06-2023","9,850.35","9,812.65","9,856.65","9,799.00","1.12B","0.76%"
"06-06-2023","9,776.40","9,775.50","9,787.90","9,737.90","786.77M","0.07%"
"05-06-2023","9,769.20","9,780.40","9,793.35","9,764.10","938.12M","0.29%"
"02-06-2023","9,741.40","9,745.40","9,757.35","9,715.40","1.05B","0.30%"
"01-06-2023","9,711.95","9,746.15","9,755.75","9,700.70","908.15M","-0.13%"
"31-05-2023","9,724.80","9,737.65","9,740.15","9,690.55","2.17B","-0.32%"
"30-05-2023","9,755.65","9,746.50","9,771.10","9,730.90","886.68M","0.16%"
"29-05-2023","9,740.15","9,751.20","9,761.50","9,730.60","1.07B","0.51%"
"26-05-2023","9,690.95","9,619.75","9,695.40","9,606.00","966.90M","0.96%"
"25-05-2023","9,598.70","9,568.05","9,607.35","9,543.90","1.17B","0.26%"
"24-05-2023","9,573.90","9,575.55","9,621.95","9,559.85","955.31M","-0.21%"
"23-05-2023","9,593.80","9,597.90","9,626.05","9,583.05","934.72M","0.27%"
"22-05-2023","9,568.00","9,506.60","9,576.90","9,494.20","1.00B","0.66%"
"19-05-2023","9,505.00","9,495.80","9,512.10","9,425.05","957.98M","0.35%"
"18-05-2023","9,471.85","9,562.85","9,567.40","9,461.40","934.86M","-0.42%"
"17-05-2023","9,511.70","9,569.50","9,572.70","9,474.85","1.08B","-0.52%"
"16-05-2023","9,560.95","9,621.35","9,625.10","9,550.65","1.22B","-0.42%"
"15-05-2023","9,601.30","9,567.65","9,630.65","9,546.75","879.44M","0.46%"
"12-05-2023","9,557.15","9,550.85","9,574.25","9,504.45","937.20M","-0.02%"
"11-05-2023","9,558.85","9,580.10","9,590.35","9,544.40","1.13B","0.06%"
"10-05-2023","9,553.55","9,550.60","9,559.35","9,496.65","1.04B","0.28%"
"09-05-2023","9,527.00","9,548.85","9,574.75","9,508.80","1.14B","-0.02%"
"08-05-2023","9,528.55","9,459.05","9,537.50","9,450.85","1.19B","1.00%"
"05-05-2023","9,434.05","9,463.15","9,506.90","9,426.40","1.23B","-0.86%"
"04-05-2023","9,516.00","9,437.50","9,521.70","9,430.45","1.31B","0.84%"
"03-05-2023","9,436.35","9,438.90","9,452.60","9,412.10","1.38B","-0.20%"
"02-05-2023","9,455.00","9,437.60","9,471.50","9,427.55","1.42B","0.54%"
"28-04-2023","9,404.00","9,333.90","9,414.65","9,311.90","1.43B","0.97%"
"27-04-2023","9,313.95","9,265.50","9,321.30","9,258.70","1.38B","0.54%"
"26-04-2023","9,264.10","9,239.50","9,270.00","9,214.30","1.12B","0.25%"
"25-04-2023","9,241.45","9,235.25","9,257.90","9,216.25","1.27B","0.16%"
"24-04-2023","9,226.40","9,208.15","9,231.10","9,168.20","1.02B","0.59%"
"21-04-2023","9,171.85","9,188.75","9,195.10","9,136.45","1.12B","-0.08%"
"20-04-2023","9,179.20","9,188.60","9,206.95","9,161.35","745.01M","0.03%"
"19-04-2023","9,176.85","9,204.30","9,206.80","9,160.60","1.04B","-0.29%"
"18-04-2023","9,203.20","9,237.90","9,237.90","9,173.10","1.19B","-0.06%"
"17-04-2023","9,208.85","9,257.60","9,257.60","9,139.80","926.36M","-0.40%"
"13-04-2023","9,245.80","9,241.35","9,252.35","9,200.70","871.22M","0.07%"
"12-04-2023","9,239.65","9,214.35","9,245.50","9,194.00","812.29M","0.51%"
"11-04-2023","9,192.55","9,184.15","9,208.55","9,158.35","870.02M","0.54%"
"10-04-2023","9,143.45","9,146.45","9,173.35","9,130.10","826.36M","0.21%"
"06-04-2023","9,124.50","9,090.55","9,142.65","9,072.35","909.83M","0.29%"
"05-04-2023","9,098.35","9,041.05","9,104.85","9,034.50","931.60M","0.75%"
"03-04-2023","9,030.65","9,046.25","9,046.25","8,990.50","904.29M","0.25%"
"31-03-2023","9,007.90","8,937.95","9,019.45","8,934.80","1.09B","1.49%"
"29-03-2023","8,875.60","8,806.85","8,896.55","8,806.85","1.21B","0.84%"
"28-03-2023","8,802.05","8,849.00","8,855.50","8,780.35","934.36M","-0.32%"
"27-03-2023","8,830.60","8,846.15","8,885.50","8,809.45","944.86M","0.03%"
"24-03-2023","8,828.10","8,903.30","8,918.75","8,814.25","955.67M","-0.80%"
"23-03-2023","8,899.40","8,911.20","8,956.65","8,887.60","813.08M","-0.40%"
"22-03-2023","8,935.30","8,943.70","8,960.45","8,917.05","","0.32%"
"21-03-2023","8,906.65","8,884.15","8,916.80","8,857.95","935.78M","0.68%"
"20-03-2023","8,846.20","8,888.80","8,889.35","8,767.55","1.16B","-0.71%"
"17-03-2023","8,909.30","8,921.15","8,938.55","8,849.65","1.78B","0.62%"
"16-03-2023","8,854.30","8,847.35","8,890.60","8,767.65","1.66B","0.15%"
"15-03-2023","8,840.90","8,929.65","8,951.40","8,826.05","910.42M","-0.31%"
"14-03-2023","8,868.30","8,928.50","8,955.35","8,835.60","1.07B","-0.63%"
"13-03-2023","8,924.70","9,063.70","9,112.85","8,904.60","1.36B","-1.51%"
"10-03-2023","9,061.15","9,070.40","9,073.50","9,007.05","801.96M","-0.87%"
"09-03-2023","9,140.40","9,232.15","9,235.25","9,131.25","839.09M","-0.84%"
"08-03-2023","9,217.55","9,166.05","9,223.45","9,134.65","899.28M","0.30%"
"06-03-2023","9,190.05","9,171.20","9,228.45","9,167.55","1.11B","0.71%"
"03-03-2023","9,124.95","9,064.65","9,149.05","9,056.85","1.26B","1.39%"
"02-03-2023","8,999.90","9,044.40","9,052.80","8,991.95","1.03B","-0.59%"
"01-03-2023","9,053.30","8,990.35","9,059.95","8,985.45","1.16B","0.99%"
"28-02-2023","8,964.55","8,986.40","9,010.60","8,939.55","1.52B","-0.27%"
"27-02-2023","8,988.80","9,016.05","9,021.95","8,936.20","934.44M","-0.52%"
"24-02-2023","9,036.15","9,094.60","9,104.45","9,014.50","972.34M","-0.25%"
"23-02-2023","9,058.70","9,090.00","9,106.00","9,019.40","1.22B","-0.26%"
"22-02-2023","9,082.65","9,180.85","9,185.85","9,066.70","929.83M","-1.48%"
"21-02-2023","9,218.95","9,262.00","9,269.70","9,206.05","972.12M","-0.16%"
"20-02-2023","9,233.55","9,285.60","9,299.80","9,221.00","1.01B","-0.45%"
"17-02-2023","9,275.45","9,296.45","9,321.80","9,249.40","804.24M","-0.56%"
"16-02-2023","9,327.80","9,343.65","9,367.20","9,312.30","843.94M","0.23%"
"15-02-2023","9,306.65","9,241.10","9,315.85","9,228.50","720.79M","0.50%"
"14-02-2023","9,260.70","9,230.30","9,271.65","9,199.50","881.20M","0.59%"
"13-02-2023","9,205.95","9,269.40","9,278.25","9,187.90","994.20M","-0.74%"
"10-02-2023","9,274.35","9,263.75","9,282.50","9,245.90","1.11B","-0.16%"
"09-02-2023","9,289.00","9,291.50","9,304.00","9,241.05","1.12B","0.02%"
"08-02-2023","9,286.70","9,222.75","9,299.15","9,221.35","1.29B","0.86%"
"07-02-2023","9,207.30","9,235.30","9,249.45","9,171.25","1.27B","-0.21%"
"06-02-2023","9,226.60","9,232.10","9,237.15","9,185.95","1.72B","-0.25%"
"03-02-2023","9,249.80","9,203.55","9,255.40","9,111.45","1.44B","0.96%"
"02-02-2023","9,162.10","9,115.30","9,187.05","9,074.00","1.50B","-0.11%"
"01-02-2023","9,172.10","9,297.70","9,360.70","9,029.45","1.80B","-0.54%"
"31-01-2023","9,222.05","9,222.75","9,239.10","9,144.10","1.52B","0.35%"
"30-01-2023","9,189.65","9,157.75","9,248.65","9,071.55","1.63B","-0.14%"
"27-01-2023","9,202.15","9,382.25","9,385.80","9,142.40","1.77B","-2.03%"
"25-01-2023","9,393.05","9,518.60","9,521.30","9,379.05","1.36B","-1.48%"
"24-01-2023","9,534.45","9,572.45","9,576.35","9,517.90","957.91M","-0.07%"
"23-01-2023","9,541.00","9,538.15","9,554.80","9,511.25","1.26B","0.45%"
"20-01-2023","9,497.80","9,545.90","9,557.85","9,490.90","950.49M","-0.46%"
"19-01-2023","9,541.65","9,547.00","9,564.25","9,520.55","959.11M","-0.31%"
"18-01-2023","9,571.60","9,536.05","9,579.80","9,510.55","987.75M","0.50%"
"17-01-2023","9,523.80","9,475.30","9,533.45","9,453.25","1.05B","0.67%"
"16-01-2023","9,460.35","9,519.85","9,533.40","9,439.70","1.08B","-0.28%"
"13-01-2023","9,487.00","9,452.05","9,502.60","9,399.90","1.06B","0.46%"
"12-01-2023","9,443.55","9,475.40","9,484.90","9,395.30","1.00B","-0.17%"
"11-01-2023","9,459.20","9,484.50","9,504.15","9,428.90","1.08B","-0.17%"
"10-01-2023","9,475.35","9,569.80","9,571.45","9,435.50","1.12B","-0.86%"
"09-01-2023","9,557.90","9,492.85","9,569.80","9,486.95","1.09B","1.26%"
"06-01-2023","9,439.35","9,519.70","9,533.95","9,407.00","1.07B","-0.75%"
"05-01-2023","9,510.80","9,548.50","9,558.30","9,447.00","1.10B","-0.05%"
"04-01-2023","9,515.35","9,622.95","9,629.40","9,504.40","1.35B","-1.11%"
"03-01-2023","9,621.85","9,591.45","9,633.55","9,585.20","1.25B","0.23%"
"02-01-2023","9,599.75","9,573.55","9,607.70","9,544.50","1.39B","0.47%"
"30-12-2022","9,554.45","9,630.85","9,640.95","9,540.65","1.25B","-0.34%"
"29-12-2022","9,587.00","9,512.45","9,608.55","9,472.35","1.29B","0.36%"
"28-12-2022","9,552.85","9,527.85","9,576.45","9,515.35","1.32B","0.05%"
"27-12-2022","9,547.90","9,522.20","9,556.60","9,461.60","1.49B","0.75%"
"26-12-2022","9,477.15","9,343.50","9,512.25","9,298.85","1.64B","1.55%"
"23-12-2022","9,332.90","9,476.30","9,508.40","9,315.85","1.63B","-2.34%"
"22-12-2022","9,556.45","9,650.20","9,671.05","9,519.05","1.48B","-0.51%"
"21-12-2022","9,605.05","9,748.00","9,772.10","9,586.80","1.38B","-1.18%"
"20-12-2022","9,720.15","9,703.45","9,729.30","9,626.30","1.09B","-0.19%"
"19-12-2022","9,738.45","9,670.85","9,744.30","9,641.85","1.08B","0.82%"
"16-12-2022","9,659.35","9,704.20","9,759.40","9,653.20","1.63B","-0.95%"
"15-12-2022","9,751.70","9,851.85","9,870.55","9,735.85","1.72B","-1.21%"
"14-12-2022","9,870.85","9,870.75","9,887.70","9,860.95","2.67B","0.33%"
"13-12-2022","9,837.90","9,808.80","9,844.00","9,788.95","2.18B","0.49%"
"12-12-2022","9,789.60","9,746.50","9,796.65","9,704.15","1.75B","0.06%"
"09-12-2022","9,783.65","9,873.20","9,874.55","9,730.40","2.54B","-0.58%"
"08-12-2022","9,840.85","9,822.25","9,846.10","9,807.30","1.10B","0.30%"
"07-12-2022","9,811.40","9,853.70","9,869.05","9,795.10","1.03B","-0.39%"
"06-12-2022","9,849.45","9,832.85","9,855.10","9,822.45","1.32B","-0.27%"
"05-12-2022","9,876.35","9,891.65","9,894.90","9,818.55","1.23B","0.02%"
"02-12-2022","9,874.45","9,890.00","9,899.90","9,842.30","1.46B","-0.36%"
"01-12-2022","9,910.50","9,935.20","9,935.30","9,890.35","1.19B","0.34%"
"30-11-2022","9,876.55","9,796.70","9,907.60","9,793.40","1.94B","0.89%"
"29-11-2022","9,789.00","9,764.50","9,818.35","9,763.35","1.03B","0.23%"
"28-11-2022","9,766.35","9,705.75","9,791.00","9,677.55","1.20B","0.30%"
"25-11-2022","9,737.00","9,738.45","9,746.90","9,700.75","1.54B","0.24%"
"24-11-2022","9,714.15","9,651.70","9,732.05","9,636.05","1.03B","0.97%"
"23-11-2022","9,620.45","9,645.65","9,645.80","9,609.40","1.07B","0.16%"
"22-11-2022","9,605.35","9,576.65","9,611.90","9,555.40","1.07B","0.42%"
"21-11-2022","9,565.55","9,607.65","9,613.60","9,550.60","1.09B","-0.71%"
"18-11-2022","9,634.00","9,685.75","9,691.70","9,583.90","1.09B","-0.29%"
"17-11-2022","9,662.50","9,683.05","9,703.95","9,647.40","1.00B","-0.44%"
"16-11-2022","9,705.25","9,723.00","9,732.05","9,669.45","1.04B","-0.18%"
"15-11-2022","9,722.30","9,708.60","9,732.70","9,665.55","939.19M","0.32%"
"14-11-2022","9,691.50","9,707.20","9,716.55","9,678.15","1.45B","-0.02%"
"11-11-2022","9,693.10","9,675.50","9,700.20","9,668.50","1.73B","1.47%"
"10-11-2022","9,552.40","9,579.30","9,602.70","9,518.65","1.22B","-0.81%"
"09-11-2022","9,630.15","9,702.25","9,703.75","9,609.45","1.66B","-0.30%"
"07-11-2022","9,659.35","9,658.65","9,681.15","9,588.60","1.36B","0.52%"
"04-11-2022","9,608.95","9,586.80","9,616.80","9,558.30","1.13B","0.27%"
"03-11-2022","9,582.75","9,532.20","9,605.05","9,527.85","1.08B","-0.08%"
"02-11-2022","9,590.05","9,633.15","9,633.55","9,572.30","939.90M","-0.30%"
"01-11-2022","9,618.80","9,599.35","9,624.20","9,569.15","1.22B","0.78%"
"31-10-2022","9,544.40","9,483.25","9,550.25","9,479.40","936.64M","1.27%"
"28-10-2022","9,424.55","9,430.95","9,451.90","9,391.45","1.05B","0.07%"
"27-10-2022","9,418.20","9,420.95","9,437.70","9,371.80","1.24B","0.57%"
"25-10-2022","9,364.50","9,423.55","9,424.90","9,355.25","1.26B","-0.25%"
"24-10-2022","9,388.35","9,405.55","9,420.25","9,376.10","243.03M","0.76%"
"21-10-2022","9,317.35","9,364.80","9,378.30","9,288.65","1.13B","-0.19%"
"20-10-2022","9,334.90","9,259.55","9,345.70","9,249.80","1.02B","0.32%"
"19-10-2022","9,304.70","9,335.60","9,356.30","9,286.20","904.58M","0.11%"
"18-10-2022","9,294.85","9,264.75","9,306.35","9,263.30","1.07B","1.04%"
"17-10-2022","9,199.35","9,118.60","9,208.80","9,081.55","840.55M","0.66%"
"14-10-2022","9,139.10","9,239.00","9,243.10","9,132.15","837.46M","0.65%"
"13-10-2022","9,080.35","9,130.50","9,143.40","9,050.35","855.17M","-0.70%"
"12-10-2022","9,143.90","9,098.30","9,153.30","9,049.80","907.11M","0.77%"
"11-10-2022","9,073.80","9,233.70","9,235.30","9,055.40","957.46M","-1.55%"
"10-10-2022","9,216.75","9,153.00","9,239.70","9,130.85","884.43M","-0.56%"
"07-10-2022","9,268.60","9,264.70","9,279.90","9,210.40","1.02B","-0.14%"
"06-10-2022","9,281.25","9,293.10","9,324.35","9,274.45","1.09B","0.53%"
"04-10-2022","9,232.55","9,165.40","9,238.60","9,153.20","1.08B","2.36%"
"03-10-2022","9,019.50","9,152.20","9,163.85","8,990.55","1.08B","-1.40%"
"30-09-2022","9,147.45","8,995.35","9,183.95","8,953.70","1.36B","1.58%"
"29-09-2022","9,005.10","9,100.70","9,121.65","8,989.40","1.33B","-0.21%"
"28-09-2022","9,023.60","9,023.75","9,116.65","8,999.00","1.07B","-0.77%"
"27-09-2022","9,093.90","9,145.10","9,185.55","9,049.10","1.10B","-0.02%"
"26-09-2022","9,095.70","9,202.70","9,215.35","9,066.25","1.44B","-2.10%"
"23-09-2022","9,290.85","9,452.60","9,475.10","9,275.25","1.21B","-1.82%"
"22-09-2022","9,462.65","9,435.00","9,499.10","9,395.05","1.09B","-0.25%"
"21-09-2022","9,486.05","9,537.10","9,579.10","9,461.00","1.06B","-0.72%"
"20-09-2022","9,554.70","9,527.35","9,611.65","9,518.20","985.42M","1.14%"
"19-09-2022","9,447.10","9,418.75","9,477.45","9,345.50","1.13B","0.42%"
"16-09-2022","9,407.30","9,580.65","9,589.25","9,380.95","1.83B","-2.18%"
"15-09-2022","9,616.50","9,682.65","9,706.50","9,593.75","1.23B","-0.36%"
"14-09-2022","9,651.50","9,521.75","9,690.90","9,521.75","1.44B","-0.27%"
"13-09-2022","9,677.65","9,670.80","9,687.65","9,653.30","1.31B","0.65%"
"12-09-2022","9,614.90","9,580.15","9,629.20","9,578.75","941.41M","0.71%"
"09-09-2022","9,547.15","9,596.45","9,596.45","9,520.30","1.32B","0.19%"
"08-09-2022","9,529.30","9,521.30","9,534.45","9,480.95","1.41B","0.79%"
"07-09-2022","9,454.20","9,398.15","9,466.35","9,382.95","1.68B","-0.04%"
"06-09-2022","9,458.15","9,470.30","9,501.10","9,416.70","1.20B","0.13%"
"05-09-2022","9,446.25","9,402.40","9,457.00","9,399.75","1.14B","0.56%"
"02-09-2022","9,393.50","9,437.85","9,458.65","9,382.25","1.02B","-0.09%"
"01-09-2022","9,401.95","9,362.05","9,468.00","9,360.50","1.25B","-0.88%"
"30-08-2022","9,485.60","9,317.45","9,494.70","9,313.10","1.31B","2.46%"
"29-08-2022","9,258.10","9,157.90","9,286.80","9,154.40","1.00B","-1.21%"
"26-08-2022","9,371.55","9,397.15","9,432.70","9,352.10","1.11B","0.30%"
"25-08-2022","9,343.75","9,416.75","9,443.40","9,326.85","1.50B","-0.34%"
"24-08-2022","9,375.95","9,327.25","9,384.10","9,307.45","1.19B","0.29%"
"23-08-2022","9,349.05","9,222.00","9,373.40","9,217.80","1.24B","0.58%"
"22-08-2022","9,295.60","9,411.75","9,414.05","9,281.80","1.11B","-1.61%"
"19-08-2022","9,447.35","9,564.95","9,576.25","9,426.75","1.46B","-1.11%"
"18-08-2022","9,553.50","9,519.70","9,559.50","9,499.60","1.35B","0.16%"
"17-08-2022","9,538.00","9,499.95","9,550.05","9,487.60","1.48B","0.68%"
"16-08-2022","9,473.95","9,438.95","9,479.00","9,426.40","","0.92%"
"12-08-2022","9,387.50","9,362.20","9,400.55","9,334.35","1.33B","0.31%"
"11-08-2022","9,358.95","9,376.45","9,380.65","9,342.65","1.13B","0.75%"
"10-08-2022","9,289.70","9,315.60","9,315.60","9,244.20","1.24B","-0.02%"
"08-08-2022","9,291.60","9,233.65","9,301.55","9,208.95","1.07B","0.68%"
"05-08-2022","9,228.70","9,249.10","9,273.70","9,211.45","1.64B","0.04%"
"04-08-2022","9,224.70","9,255.15","9,273.90","9,097.55","1.84B","0.11%"
"03-08-2022","9,214.30","9,211.10","9,228.40","9,132.25","1.95B","0.04%"
"02-08-2022","9,210.65","9,186.65","9,229.50","9,143.40","2.74B","0.14%"
"01-08-2022","9,197.65","9,133.40","9,205.30","9,086.05","1.60B","1.21%"
"29-07-2022","9,087.65","9,041.30","9,095.30","9,017.40","1.48B","1.36%"
"28-07-2022","8,966.10","8,894.10","8,974.30","8,873.00","1.37B","1.55%"
"27-07-2022","8,829.60","8,740.60","8,835.85","8,721.75","1.22B","0.96%"
"26-07-2022","8,745.85","8,835.80","8,836.90","8,734.10","1.14B","-0.98%"
"25-07-2022","8,832.60","8,848.30","8,866.05","8,799.00","1.06B","-0.41%"
"22-07-2022","8,869.20","8,861.05","8,884.45","8,823.40","831.40M","0.45%"
"21-07-2022","8,829.10","8,766.60","8,840.55","8,747.20","975.23M","0.74%"
"20-07-2022","8,763.85","8,797.90","8,803.80","8,748.35","961.00M","0.85%"
"19-07-2022","8,689.65","8,609.55","8,700.05","8,609.55","891.92M","0.44%"
"18-07-2022","8,651.95","8,588.65","8,658.05","8,584.20","856.53M","1.41%"
"15-07-2022","8,531.35","8,513.35","8,540.50","8,472.15","781.20M","0.66%"
"14-07-2022","8,475.45","8,516.15","8,533.75","8,421.30","780.20M","-0.14%"
"13-07-2022","8,487.35","8,563.45","8,573.75","8,479.00","775.48M","-0.43%"
"12-07-2022","8,524.30","8,551.05","8,578.05","8,510.15","859.62M","-0.80%"
"11-07-2022","8,593.40","8,525.30","8,606.20","8,515.85","942.47M","0.34%"
"08-07-2022","8,564.00","8,591.20","8,591.85","8,525.55","762.82M","0.49%"
"07-07-2022","8,522.50","8,507.15","8,530.60","8,474.30","879.57M","0.95%"
"06-07-2022","8,442.65","8,339.20","8,453.30","8,326.20","851.98M","1.31%"
"05-07-2022","8,333.65","8,382.35","8,440.00","8,319.00","798.53M","-0.13%"
"04-07-2022","8,344.10","8,281.75","8,351.70","8,254.80","827.52M","0.59%"
"01-07-2022","8,294.90","8,256.20","8,313.75","8,166.80","1.02B","0.05%"
"30-06-2022","8,290.80","8,303.80","8,356.65","8,267.65","994.73M","-0.24%"
"29-06-2022","8,310.55","8,260.80","8,338.70","8,255.30","1.06B","-0.36%"
"28-06-2022","8,340.85","8,293.35","8,356.85","8,258.80","900.71M","0.14%"
"27-06-2022","8,329.20","8,373.30","8,375.35","8,321.10","848.03M","0.85%"
"24-06-2022","8,258.60","8,229.35","8,271.70","8,213.75","839.26M","1.04%"
"23-06-2022","8,173.90","8,114.10","8,208.95","8,074.40","910.44M","0.99%"
"22-06-2022","8,093.45","8,174.35","8,180.50","8,080.20","890.98M","-1.52%"
"21-06-2022","8,218.55","8,098.45","8,241.40","8,082.20","1.06B","2.22%"
"20-06-2022","8,040.45","8,069.35","8,084.10","7,978.20","1.12B","-0.10%"
"17-06-2022","8,048.70","8,056.55","8,121.70","7,995.75","1.20B","-0.70%"
"16-06-2022","8,105.35","8,359.55","8,372.05","8,089.25","947.35M","-2.12%"
"15-06-2022","8,281.20","8,302.90","8,326.25","8,272.40","647.87M","-0.12%"
"14-06-2022","8,291.10","8,261.55","8,361.90","8,249.10","808.90M","-0.20%"
"13-06-2022","8,307.45","8,365.60","8,370.10","8,265.85","837.64M","-2.60%"
"10-06-2022","8,529.10","8,560.45","8,581.00","8,513.80","682.72M","-1.48%"
"09-06-2022","8,657.30","8,550.00","8,664.95","8,534.55","738.05M","0.72%"
"08-06-2022","8,595.60","8,655.75","8,678.75","8,561.60","805.64M","-0.37%"
"07-06-2022","8,627.60","8,654.35","8,661.95","8,596.00","773.26M","-0.87%"
"06-06-2022","8,703.35","8,689.95","8,720.85","8,627.95","751.83M","-0.12%"
"03-06-2022","8,713.80","8,835.50","8,847.40","8,705.90","792.93M","-0.60%"
"02-06-2022","8,766.45","8,694.15","8,773.70","8,675.75","850.63M","0.64%"
"01-06-2022","8,710.70","8,750.10","8,782.10","8,665.45","948.18M","-0.40%"
"31-05-2022","8,745.65","8,744.10","8,808.25","8,717.10","2.04B","-0.38%"
"30-05-2022","8,779.10","8,696.55","8,786.20","8,687.55","1.06B","2.01%"
"27-05-2022","8,606.15","8,583.00","8,613.10","8,538.95","926.10M","1.11%"
"26-05-2022","8,511.50","8,467.05","8,534.00","8,346.05","1.19B","1.01%"
"25-05-2022","8,426.55","8,546.90","8,558.45","8,415.50","1.02B","-1.00%"
"24-05-2022","8,511.35","8,574.45","8,590.25","8,485.70","1.16B","-0.60%"
"23-05-2022","8,562.85","8,615.25","8,670.70","8,548.80","1.24B","-0.40%"
"20-05-2022","8,597.10","8,506.30","8,604.30","8,490.20","1.02B","2.61%"
"19-05-2022","8,378.35","8,431.15","8,464.65","8,360.25","1.18B","-2.70%"
"18-05-2022","8,611.25","8,656.75","8,702.20","8,599.40","1.16B","-0.10%"
"17-05-2022","8,619.55","8,445.00","8,632.05","8,437.00","1.16B","2.63%"
"16-05-2022","8,399.05","8,382.95","8,453.15","8,320.75","1.15B","0.67%"
"13-05-2022","8,343.10","8,443.10","8,514.45","8,319.95","1.28B","-0.06%"
"12-05-2022","8,348.40","8,475.25","8,484.50","8,304.90","1.34B","-2.30%"
"11-05-2022","8,544.70","8,599.15","8,640.55","8,434.10","1.21B","-0.40%"
"10-05-2022","8,578.80","8,629.15","8,695.85","8,558.45","980.45M","-0.86%"
"09-05-2022","8,652.95","8,648.20","8,713.65","8,581.60","1.03B","-1.01%"
"06-05-2022","8,740.95","8,746.15","8,779.30","8,697.75","1.11B","-1.70%"
"05-05-2022","8,892.15","8,977.40","9,023.00","8,872.15","962.20M","0.08%"
"04-05-2022","8,885.25","9,119.10","9,135.40","8,853.80","1.15B","-2.35%"
"02-05-2022","9,098.95","9,037.50","9,109.55","9,024.20","971.19M","-0.27%"
"29-04-2022","9,123.40","9,253.20","9,268.60","9,097.50","1.03B","-0.89%"
"28-04-2022","9,205.35","9,182.90","9,239.65","9,111.50","952.51M","1.16%"
"27-04-2022","9,100.05","9,127.20","9,144.35","9,054.05","1.00B","-1.00%"
"26-04-2022","9,191.80","9,137.35","9,202.55","9,117.70","930.10M","1.61%"
"25-04-2022","9,046.50","9,092.90","9,103.15","9,013.80","1.04B","-1.45%"
"22-04-2022","9,179.50","9,215.75","9,253.10","9,167.50","844.44M","-1.15%"
"21-04-2022","9,285.85","9,215.15","9,294.55","9,203.00","956.15M","1.40%"
"20-04-2022","9,157.95","9,123.45","9,189.20","9,085.45","955.96M","0.93%"
"19-04-2022","9,073.60","9,250.90","9,266.60","9,004.80","1.17B","-1.35%"
"18-04-2022","9,197.35","9,201.25","9,223.25","9,130.25","1.15B","-1.45%"
"13-04-2022","9,332.25","9,395.15","9,424.45","9,323.55","914.65M","-0.21%"
"12-04-2022","9,351.70","9,416.15","9,417.20","9,300.05","1.21B","-1.01%"
"11-04-2022","9,446.85","9,457.00","9,486.40","9,426.85","1.18B","-0.18%"
"08-04-2022","9,464.30","9,416.45","9,491.90","9,373.30","1.70B","0.95%"
"07-04-2022","9,375.65","9,429.60","9,472.90","9,367.80","2.34B","-0.88%"
"06-04-2022","9,458.55","9,455.40","9,496.00","9,438.20","2.22B","-0.49%"
"05-04-2022","9,504.95","9,540.50","9,562.95","9,487.50","1.28B","-0.10%"
"04-04-2022","9,514.70","9,389.95","9,521.35","9,383.45","1.37B","2.04%"
"01-04-2022","9,324.35","9,201.35","9,340.60","9,195.65","1.35B","1.27%"
"31-03-2022","9,207.00","9,228.95","9,250.75","9,190.70","1.36B","-0.07%"
"30-03-2022","9,213.50","9,203.50","9,231.20","9,165.60","1.65B","0.91%"
"29-03-2022","9,130.60","9,121.45","9,138.40","9,086.30","1.09B","0.56%"
"28-03-2022","9,079.70","9,077.65","9,085.60","8,975.45","1.07B","0.23%"
"25-03-2022","9,058.50","9,124.85","9,127.65","9,016.25","984.55M","-0.31%"
"24-03-2022","9,086.80","9,022.15","9,116.60","9,020.15","1.18B","0.00%"
"23-03-2022","9,087.15","9,154.40","9,170.95","9,062.85","1.30B","-0.19%"
"22-03-2022","9,104.75","9,026.00","9,113.80","8,951.35","1.11B","0.92%"
"21-03-2022","9,021.90","9,135.80","9,146.90","9,013.80","1.08B","-0.94%"
"17-03-2022","9,107.60","9,068.05","9,129.05","9,054.90","2.08B","1.73%"
"16-03-2022","8,952.35","8,892.20","8,958.05","8,876.20","943.83M","1.93%"
"15-03-2022","8,782.45","8,902.25","8,918.00","8,727.20","1.34B","-1.15%"
"14-03-2022","8,884.45","8,795.80","8,893.15","8,764.65","1.10B","1.05%"
"11-03-2022","8,792.00","8,735.60","8,812.15","8,705.10","1.13B","0.30%"
"10-03-2022","8,765.95","8,844.00","8,844.70","8,694.60","1.55B","1.50%"
"09-03-2022","8,636.05","8,512.45","8,674.60","8,470.80","1.45B","1.99%"
"08-03-2022","8,467.30","8,336.10","8,475.60","8,286.35","1.62B","1.05%"
"07-03-2022","8,379.20","8,397.85","8,425.15","8,300.05","1.77B","-2.40%"
"04-03-2022","8,585.00","8,660.50","8,699.40","8,539.95","1.80B","-1.72%"
"03-03-2022","8,735.05","8,858.50","8,879.65","8,708.15","1.63B","-0.54%"
"02-03-2022","8,782.35","8,760.85","8,819.85","8,719.80","1.61B","-0.83%"
"28-02-2022","8,855.50","8,690.70","8,863.75","8,621.05","1.61B","0.87%"
"25-02-2022","8,779.15","8,680.35","8,819.35","8,670.90","1.62B","2.89%"
"24-02-2022","8,532.40","8,704.65","8,784.00","8,512.80","2.36B","-5.00%"
"23-02-2022","8,981.75","9,031.05","9,054.60","8,965.65","1.02B","0.07%"
"22-02-2022","8,975.75","8,837.75","8,998.30","8,836.50","1.30B","-0.65%"
"21-02-2022","9,034.05","9,047.70","9,116.45","8,970.40","1.22B","-0.63%"
"18-02-2022","9,091.10","9,087.40","9,155.35","9,078.30","839.71M","-0.37%"
"17-02-2022","9,125.25","9,172.45","9,197.80","9,093.10","898.00M","-0.07%"
"16-02-2022","9,131.70","9,186.30","9,224.90","9,110.90","1.09B","-0.19%"
"15-02-2022","9,148.70","8,932.75","9,160.25","8,867.20","1.31B","2.92%"
"14-02-2022","8,889.10","9,014.35","9,031.40","8,870.50","1.30B","-3.21%"
"11-02-2022","9,183.90","9,239.45","9,240.45","9,159.40","1.01B","-1.42%"
"10-02-2022","9,315.90","9,294.35","9,329.75","9,227.10","1.22B","0.70%"
"09-02-2022","9,251.20","9,199.85","9,257.90","9,186.65","1.01B","1.13%"
"08-02-2022","9,147.65","9,176.00","9,192.60","9,039.65","1.35B","0.07%"
"07-02-2022","9,141.70","9,262.10","9,303.05","9,093.35","1.36B","-1.49%"
"04-02-2022","9,280.15","9,321.50","9,340.40","9,254.15","1.33B","-0.29%"
"03-02-2022","9,307.45","9,404.85","9,409.85","9,284.30","1.24B","-1.11%"
"02-02-2022","9,411.95","9,367.55","9,419.25","9,355.90","1.50B","1.14%"
"01-02-2022","9,305.60","9,274.65","9,320.15","9,135.65","1.60B","1.38%"
"31-01-2022","9,179.15","9,161.35","9,216.80","9,141.40","1.25B","1.37%"
"28-01-2022","9,054.70","9,087.20","9,197.85","9,040.50","1.54B","0.26%"
"27-01-2022","9,031.25","9,026.50","9,067.10","8,909.35","1.71B","-1.07%"
"25-01-2022","9,128.55","8,972.55","9,143.00","8,878.25","1.51B","0.81%"
"24-01-2022","9,055.15","9,314.75","9,322.15","8,971.95","1.58B","-2.95%"
"21-01-2022","9,330.85","9,367.15","9,394.55","9,260.80","1.08B","-1.11%"
"20-01-2022","9,435.90","9,504.20","9,513.20","9,382.95","926.95M","-0.78%"
"19-01-2022","9,509.85","9,586.25","9,586.25","9,470.05","1.16B","-0.73%"
"18-01-2022","9,579.50","9,723.75","9,733.20","9,562.60","1.06B","-1.26%"
"17-01-2022","9,702.05","9,670.45","9,708.40","9,662.30","978.09M","0.29%"
"14-01-2022","9,673.90","9,637.05","9,689.10","9,606.60","967.56M","0.01%"
"13-01-2022","9,672.75","9,665.75","9,679.45","9,616.25","1.23B","0.33%"
"12-01-2022","9,640.75","9,613.85","9,647.85","9,593.00","1.69B","0.90%"
"11-01-2022","9,554.60","9,530.45","9,567.90","9,510.85","3.05B","0.23%"
"10-01-2022","9,532.60","9,489.95","9,538.90","9,472.95","1.21B","0.95%"
"07-01-2022","9,442.65","9,432.05","9,485.25","9,384.25","1.32B","0.40%"
"06-01-2022","9,405.40","9,400.50","9,422.40","9,351.60","1.24B","-0.76%"
"05-01-2022","9,477.20","9,428.45","9,485.75","9,391.35","1.40B","0.58%"
"04-01-2022","9,422.45","9,380.40","9,432.30","9,325.55","1.33B","0.80%"
"03-01-2022","9,348.00","9,236.35","9,358.75","9,235.10","1.35B","1.41%"
"31-12-2021","9,218.35","9,145.80","9,236.75","9,144.80","1.36B","1.03%"
"30-12-2021","9,124.55","9,135.95","9,158.50","9,109.30","1.38B","-0.20%"
"29-12-2021","9,142.45","9,147.10","9,180.45","9,125.80","1.04B","-0.10%"
"28-12-2021","9,151.20","9,117.70","9,159.60","9,112.00","911.29M","0.91%"
"27-12-2021","9,069.00","8,995.55","9,079.90","8,936.80","1.03B","0.45%"
"24-12-2021","9,028.30","9,118.55","9,121.90","8,988.85","965.28M","-0.57%"
"23-12-2021","9,080.50","9,072.75","9,098.45","9,052.25","844.43M","0.76%"
"22-12-2021","9,011.65","8,955.10","9,020.10","8,938.50","1.13B","1.20%"
"21-12-2021","8,905.00","8,884.90","8,983.95","8,858.40","1.29B","1.10%"
"20-12-2021","8,807.70","8,939.25","8,945.80","8,699.70","1.66B","-2.47%"
"17-12-2021","9,030.35","9,200.75","9,209.70","9,020.30","1.40B","-1.76%"
"16-12-2021","9,191.80","9,269.60","9,272.60","9,162.70","1.11B","-0.03%"
"15-12-2021","9,194.50","9,253.55","9,267.20","9,183.65","1.04B","-0.62%"
"14-12-2021","9,252.20","9,228.00","9,269.55","9,190.85","1.29B","-0.16%"
"13-12-2021","9,266.85","9,394.00","9,406.05","9,260.30","1.46B","-0.70%"
"10-12-2021","9,332.45","9,302.05","9,341.30","9,276.80","1.60B","0.13%"
"09-12-2021","9,320.25","9,322.65","9,331.25","9,253.80","2.46B","0.31%"
"08-12-2021","9,291.90","9,210.00","9,298.95","9,207.05","1.31B","1.64%"
"07-12-2021","9,142.10","9,073.90","9,174.80","9,043.55","1.71B","1.53%"
"06-12-2021","9,003.90","9,165.10","9,168.75","8,992.15","2.56B","-1.66%"
"03-12-2021","9,155.60","9,253.35","9,285.65","9,147.25","2.06B","-0.89%"
"02-12-2021","9,237.90","9,131.95","9,248.20","9,117.30","1.77B","1.30%"
"01-12-2021","9,119.60","9,086.80","9,138.35","9,062.00","1.94B","1.01%"
"30-11-2021","9,028.30","9,055.45","9,206.40","9,001.05","2.14B","-0.28%"
"29-11-2021","9,054.05","9,066.20","9,113.50","8,904.50","1.79B","-0.19%"
"26-11-2021","9,071.05","9,246.50","9,255.25","9,048.25","1.64B","-2.96%"
"25-11-2021","9,348.00","9,287.25","9,358.20","9,241.55","1.48B","0.71%"
"24-11-2021","9,282.30","9,355.45","9,378.85","9,251.35","1.40B","-0.49%"
"23-11-2021","9,328.25","9,189.45","9,348.35","9,157.30","1.73B","0.80%"
"22-11-2021","9,254.55","9,469.50","9,473.20","9,175.75","1.66B","-2.09%"
"18-11-2021","9,451.65","9,539.40","9,566.25","9,411.35","1.25B","-0.92%"
"17-11-2021","9,539.00","9,560.60","9,605.10","9,527.65","958.43M","-0.52%"
"16-11-2021","9,588.50","9,648.50","9,652.85","9,567.60","1.01B","-0.51%"
"15-11-2021","9,637.35","9,654.80","9,682.25","9,615.95","973.18M","0.10%"
"12-11-2021","9,627.70","9,575.80","9,635.95","9,531.30","1.14B","1.17%"
"11-11-2021","9,516.40","9,570.40","9,571.80","9,478.20","1.16B","-0.75%"
"10-11-2021","9,588.20","9,567.75","9,612.10","9,544.70","1.41B","-0.14%"
"09-11-2021","9,601.80","9,604.05","9,626.45","9,565.40","1.55B","0.10%"
"08-11-2021","9,592.15","9,563.35","9,601.90","9,463.55","1.33B","0.94%"
"04-11-2021","9,502.40","9,511.05","9,519.20","9,494.05","249.78M","0.53%"
"03-11-2021","9,452.05","9,503.60","9,524.05","9,406.85","1.24B","-0.20%"
"02-11-2021","9,470.85","9,499.00","9,516.90","9,448.50","1.32B","-0.05%"
"01-11-2021","9,475.65","9,396.40","9,486.50","9,350.75","1.53B","1.47%"
"29-10-2021","9,338.20","9,390.45","9,456.45","9,268.35","1.93B","-0.73%"
"28-10-2021","9,406.80","9,586.30","9,586.35","9,378.30","1.95B","-1.97%"
"27-10-2021","9,595.60","9,631.95","9,659.30","9,574.65","1.49B","-0.16%"
"26-10-2021","9,610.55","9,534.40","9,629.40","9,527.00","1.90B","0.96%"
"25-10-2021","9,519.10","9,603.35","9,607.25","9,425.10","1.91B","-0.28%"
"22-10-2021","9,546.30","9,624.55","9,665.50","9,503.40","1.92B","-0.54%"
"21-10-2021","9,597.70","9,707.00","9,707.35","9,524.15","1.89B","-0.49%"
"20-10-2021","9,645.10","9,760.60","9,766.60","9,603.55","2.04B","-1.12%"
"19-10-2021","9,754.00","9,894.75","9,895.10","9,728.65","2.10B","-0.70%"
"18-10-2021","9,823.15","9,846.85","9,862.75","9,814.00","2.84B","0.74%"
"14-10-2021","9,751.25","9,723.20","9,756.85","9,711.30","1.80B","0.92%"
"13-10-2021","9,662.45","9,619.00","9,680.75","9,600.15","2.32B","1.03%"
"12-10-2021","9,563.65","9,524.65","9,571.30","9,491.30","1.81B","0.36%"
"11-10-2021","9,529.40","9,494.35","9,574.35","9,482.10","1.58B","0.35%"
"08-10-2021","9,495.70","9,503.85","9,521.70","9,466.75","1.29B","0.46%"
"07-10-2021","9,452.35","9,446.75","9,483.65","9,429.60","1.49B","0.99%"
"06-10-2021","9,360.05","9,479.15","9,491.45","9,343.35","1.88B","-0.97%"
"05-10-2021","9,451.60","9,380.00","9,456.45","9,366.90","2.04B","0.67%"
"04-10-2021","9,389.05","9,335.95","9,401.35","9,322.25","1.52B","1.08%"
"01-10-2021","9,288.95","9,280.80","9,300.70","9,238.10","1.90B","-0.32%"
"30-09-2021","9,318.55","9,360.90","9,376.05","9,302.90","2.48B","-0.34%"
"29-09-2021","9,350.80","9,313.50","9,386.40","9,290.75","2.22B","-0.09%"
"28-09-2021","9,359.15","9,445.50","9,448.30","9,276.80","1.67B","-0.63%"
"27-09-2021","9,418.25","9,459.90","9,460.00","9,385.25","1.31B","-0.02%"
"24-09-2021","9,420.00","9,467.60","9,488.50","9,401.70","2.16B","-0.08%"
"23-09-2021","9,427.55","9,353.60","9,436.35","9,344.10","1.56B","1.50%"
"22-09-2021","9,287.95","9,284.05","9,314.90","9,264.10","1.53B","0.21%"
"21-09-2021","9,268.30","9,206.80","9,277.05","9,137.05","1.80B","0.89%"
"20-09-2021","9,186.40","9,231.50","9,320.55","9,168.70","1.93B","-1.30%"
"17-09-2021","9,307.80","9,389.75","9,420.90","9,280.30","3.52B","-0.46%"
"16-09-2021","9,350.70","9,310.70","9,357.85","9,291.20","4.71B","0.61%"
"15-09-2021","9,293.95","9,233.80","9,299.35","9,231.40","2.54B","0.78%"
"14-09-2021","9,222.30","9,229.95","9,242.30","9,209.30","2.48B","0.32%"
"13-09-2021","9,192.70","9,188.30","9,201.95","9,142.40","1.08B","0.04%"
"09-09-2021","9,189.35","9,156.05","9,194.60","9,149.75","1.16B","0.17%"
"08-09-2021","9,173.80","9,173.50","9,186.25","9,117.90","2.24B","0.10%"
"07-09-2021","9,164.30","9,193.00","9,204.10","9,121.20","1.87B","-0.14%"
"06-09-2021","9,177.40","9,194.10","9,203.60","9,164.05","1.00B","0.27%"
"03-09-2021","9,152.85","9,128.20","9,160.55","9,100.45","1.99B","0.53%"
"02-09-2021","9,104.95","9,030.65","9,109.90","9,014.70","1.69B","0.94%"
"01-09-2021","9,020.25","9,059.15","9,078.65","9,009.35","1.37B","-0.06%"
"31-08-2021","9,025.25","8,935.50","9,035.60","8,919.15","1.50B","1.14%"
"30-08-2021","8,923.40","8,833.85","8,932.75","8,829.30","1.01B","1.45%"
"27-08-2021","8,795.95","8,755.20","8,803.95","8,715.80","962.49M","0.60%"
"26-08-2021","8,743.85","8,742.40","8,768.65","8,723.55","1.18B","0.08%"
"25-08-2021","8,736.50","8,745.15","8,769.95","8,723.40","1.02B","0.16%"
"24-08-2021","8,722.95","8,683.80","8,731.50","8,652.35","1.18B","0.88%"
"23-08-2021","8,646.45","8,716.40","8,716.45","8,593.15","1.59B","0.06%"
"20-08-2021","8,641.60","8,635.30","8,698.30","8,619.65","1.45B","-0.96%"
"18-08-2021","8,725.80","8,771.55","8,783.90","8,711.45","1.40B","-0.10%"
"17-08-2021","8,734.60","8,699.10","8,741.75","8,667.40","1.22B","0.34%"
"16-08-2021","8,705.00","8,691.85","8,715.55","8,667.95","952.68M","0.12%"
"13-08-2021","8,694.30","8,644.15","8,702.75","8,639.75","1.14B","0.73%"
"12-08-2021","8,631.00","8,596.45","8,635.80","8,583.65","1.02B","0.55%"
"11-08-2021","8,583.95","8,607.20","8,615.35","8,494.40","1.45B","-0.03%"
"10-08-2021","8,586.95","8,608.80","8,641.15","8,539.25","1.48B","-0.09%"
"09-08-2021","8,594.40","8,622.75","8,635.85","8,553.20","1.91B","-0.06%"
"06-08-2021","8,599.45","8,627.40","8,645.80","8,593.30","2.35B","-0.22%"
"05-08-2021","8,618.75","8,624.60","8,635.50","8,566.90","3.48B","0.14%"
"04-08-2021","8,606.90","8,611.75","8,644.95","8,588.95","2.56B","0.34%"
"03-08-2021","8,577.50","8,505.05","8,585.10","8,489.60","1.95B","1.26%"
"02-08-2021","8,471.15","8,453.60","8,475.40","8,435.50","1.37B","0.89%"
"30-07-2021","8,396.15","8,402.45","8,445.05","8,377.55","1.45B","0.12%"
"29-07-2021","8,386.25","8,381.40","8,403.55","8,367.15","1.48B","0.43%"
"28-07-2021","8,350.55","8,379.40","8,379.40","8,246.20","1.35B","-0.21%"
"27-07-2021","8,368.50","8,432.15","8,445.30","8,343.15","1.21B","-0.51%"
"26-07-2021","8,411.00","8,424.05","8,446.30","8,395.25","1.33B","-0.14%"
"23-07-2021","8,422.70","8,431.55","8,444.20","8,382.30","2.13B","0.16%"
"22-07-2021","8,409.55","8,359.10","8,415.55","8,357.35","1.58B","1.29%"
"20-07-2021","8,302.70","8,353.85","8,364.25","8,269.75","1.27B","-0.84%"
"19-07-2021","8,373.45","8,380.30","8,420.90","8,345.30","1.70B","-0.99%"
"16-07-2021","8,457.45","8,468.40","8,469.20","8,435.85","1.53B","0.11%"
"15-07-2021","8,448.20","8,425.30","8,459.65","8,418.35","1.02B","0.43%"
"14-07-2021","8,411.75","8,396.35","8,421.40","8,373.85","801.82M","0.22%"
"13-07-2021","8,392.90","8,395.40","8,397.15","8,362.65","926.55M","0.57%"
"12-07-2021","8,345.40","8,381.20","8,392.45","8,322.85","996.76M","0.08%"
"09-07-2021","8,338.95","8,331.30","8,352.00","8,304.25","1.01B","-0.08%"
"08-07-2021","8,345.55","8,406.65","8,426.15","8,319.30","1.22B","-0.79%"
"07-07-2021","8,411.65","8,376.70","8,420.00","8,355.15","1.15B","0.42%"
"06-07-2021","8,376.10","8,373.45","8,428.00","8,368.15","1.35B","-0.07%"
"05-07-2021","8,382.10","8,363.05","8,387.60","8,349.10","1.32B","0.67%"
"02-07-2021","8,326.50","8,320.65","8,334.40","8,289.35","1.23B","0.22%"
"01-07-2021","8,307.85","8,342.55","8,342.75","8,300.10","1.54B","-0.21%"
"30-06-2021","8,325.55","8,354.30","8,379.15","8,318.55","1.34B","-0.14%"
"29-06-2021","8,337.60","8,370.10","8,389.90","8,324.00","1.41B","-0.41%"
"28-06-2021","8,371.70","8,409.35","8,409.45","8,359.95","1.46B","-0.11%"
"25-06-2021","8,380.60","8,360.25","8,386.00","8,334.30","1.72B","0.55%"
"24-06-2021","8,334.50","8,324.00","8,346.15","8,309.50","1.40B","0.39%"
"23-06-2021","8,301.85","8,395.30","8,395.40","8,295.05","1.54B","-0.54%"
"22-06-2021","8,346.75","8,382.15","8,410.30","8,335.30","1.57B","0.21%"
"21-06-2021","8,329.45","8,197.45","8,338.20","8,185.85","1.80B","0.52%"
"18-06-2021","8,286.70","8,334.10","8,336.20","8,149.45","2.71B","-0.25%"
"17-06-2021","8,307.25","8,293.55","8,362.65","8,272.10","1.55B","-0.64%"
"16-06-2021","8,361.10","8,409.90","8,427.10","8,346.60","1.48B","-0.72%"
"15-06-2021","8,421.75","8,416.55","8,437.30","8,406.90","1.50B","0.39%"
"14-06-2021","8,389.25","8,382.55","8,396.45","8,262.25","1.87B","-0.06%"
"11-06-2021","8,394.45","8,398.70","8,415.75","8,362.70","1.63B","0.34%"
"10-06-2021","8,365.60","8,332.30","8,370.50","8,312.40","1.69B","0.84%"
"09-06-2021","8,295.80","8,374.10","8,396.95","8,255.70","2.46B","-0.70%"
"08-06-2021","8,354.70","8,365.30","8,367.10","8,311.10","1.85B","0.07%"
"07-06-2021","8,348.90","8,336.90","8,361.35","8,312.75","2.34B","0.56%"
"04-06-2021","8,302.70","8,315.45","8,327.70","8,275.05","2.02B","0.05%"
"03-06-2021","8,298.25","8,277.45","8,306.55","8,265.15","1.96B","0.78%"
"02-06-2021","8,233.75","8,178.95","8,244.60","8,172.55","1.91B","0.42%"
"01-06-2021","8,199.65","8,232.80","8,245.45","8,168.60","1.50B","-0.06%"
"31-05-2021","8,204.90","8,141.95","8,216.80","8,109.10","1.66B","0.87%"
"28-05-2021","8,134.30","8,137.25","8,156.80","8,121.65","1.91B","0.48%"
"27-05-2021","8,095.60","8,088.00","8,112.85","8,060.65","2.80B","0.30%"
"26-05-2021","8,071.00","8,062.30","8,082.90","8,025.25","1.55B","0.44%"
"25-05-2021","8,035.30","8,087.50","8,087.90","8,012.45","1.76B","-0.02%"
"24-05-2021","8,036.70","8,038.15","8,062.70","8,005.85","2.26B","0.29%"
"21-05-2021","8,013.20","7,942.20","8,020.40","7,935.30","1.89B","1.51%"
"20-05-2021","7,894.30","7,954.90","7,969.75","7,882.45","1.94B","-0.63%"
"19-05-2021","7,944.25","7,952.15","7,992.10","7,932.80","1.70B","-0.32%"
"18-05-2021","7,969.40","7,941.75","7,980.75","7,933.45","1.80B","1.33%"
"17-05-2021","7,864.60","7,780.70","7,872.35","7,758.90","1.79B","1.65%"
"14-05-2021","7,737.25","7,807.45","7,807.45","7,694.45","2.21B","-0.48%"
"12-05-2021","7,774.70","7,841.05","7,841.30","7,748.35","2.93B","-0.86%"
"11-05-2021","7,842.45","7,797.05","7,863.70","7,782.95","2.47B","-0.34%"
"10-05-2021","7,868.85","7,854.95","7,878.10","7,840.00","2.15B","0.85%"
"07-05-2021","7,802.85","7,812.05","7,825.65","7,778.30","1.78B","0.50%"
"06-05-2021","7,764.30","7,738.05","7,773.05","7,702.80","1.62B","0.74%"
"05-05-2021","7,707.30","7,693.60","7,717.00","7,642.95","1.66B","0.96%"
"04-05-2021","7,634.25","7,731.80","7,749.65","7,615.65","2.33B","-0.80%"
"03-05-2021","7,696.00","7,611.80","7,712.05","7,579.90","1.80B","0.16%"
"30-04-2021","7,683.95","7,726.25","7,787.25","7,668.50","1.93B","-1.44%"
"29-04-2021","7,796.30","7,844.80","7,875.25","7,758.20","1.77B","0.13%"
"28-04-2021","7,785.90","7,721.00","7,798.80","7,713.75","1.45B","1.30%"
"27-04-2021","7,685.80","7,608.35","7,693.85","7,604.00","1.46B","1.16%"
"26-04-2021","7,597.45","7,584.90","7,628.40","7,572.45","1.38B","0.91%"
"23-04-2021","7,528.90","7,518.05","7,588.30","7,490.65","1.48B","-0.29%"
"22-04-2021","7,550.70","7,464.10","7,560.20","7,432.40","1.50B","0.65%"
"20-04-2021","7,502.20","7,607.20","7,616.70","7,454.20","1.45B","-0.24%"
"19-04-2021","7,520.35","7,490.50","7,532.00","7,427.00","1.58B","-1.81%"
"16-04-2021","7,658.70","7,638.00","7,698.10","7,618.80","1.46B","0.44%"
"15-04-2021","7,625.05","7,592.80","7,632.65","7,506.60","1.67B","0.49%"
"13-04-2021","7,588.20","7,513.10","7,598.20","7,471.15","1.78B","1.36%"
"12-04-2021","7,486.15","7,686.85","7,689.50","7,455.60","2.34B","-3.94%"
"09-04-2021","7,793.30","7,811.40","7,835.05","7,769.80","1.57B","-0.16%"
"08-04-2021","7,806.10","7,803.60","7,860.30","7,779.80","1.64B","0.43%"
"07-04-2021","7,772.70","7,716.00","7,792.50","7,687.65","1.48B","0.98%"
"06-04-2021","7,697.55","7,710.20","7,740.10","7,633.15","1.54B","0.47%"
"05-04-2021","7,661.35","7,761.80","7,763.75","7,565.45","1.68B","-1.43%"
"01-04-2021","7,772.85","7,726.40","7,781.70","7,678.20","1.59B","1.32%"
"31-03-2021","7,671.60","7,717.00","7,717.10","7,662.10","1.66B","-0.71%"
"30-03-2021","7,726.75","7,639.35","7,738.25","7,634.50","1.94B","2.02%"
"26-03-2021","7,573.55","7,565.65","7,602.90","7,525.45","1.78B","1.30%"
"25-03-2021","7,476.25","7,617.90","7,619.55","7,443.70","2.39B","-1.68%"
"24-03-2021","7,604.10","7,694.35","7,722.70","7,596.30","1.40B","-1.78%"
"23-03-2021","7,742.05","7,713.45","7,771.30","7,691.50","1.45B","0.65%"
"22-03-2021","7,691.90","7,681.60","7,703.90","7,626.45","1.44B","0.17%"
"19-03-2021","7,678.50","7,535.05","7,697.70","7,454.15","2.51B","1.26%"
"18-03-2021","7,583.30","7,739.65","7,752.05","7,538.95","1.90B","-1.15%"
"17-03-2021","7,671.75","7,805.65","7,809.70","7,659.40","1.51B","-1.50%"
"16-03-2021","7,788.55","7,822.20","7,845.90","7,773.75","1.43B","0.01%"
"15-03-2021","7,788.10","7,855.15","7,855.95","7,692.55","1.58B","-0.66%"
"12-03-2021","7,839.75","7,981.85","7,987.90","7,804.05","1.70B","-0.88%"
"10-03-2021","7,909.55","7,920.60","7,930.90","7,869.65","1.24B","0.55%"
"09-03-2021","7,865.90","7,869.70","7,898.60","7,785.60","1.84B","0.57%"
"08-03-2021","7,821.45","7,852.35","7,901.65","7,805.10","1.63B","0.11%"
"05-03-2021","7,812.90","7,857.60","7,907.65","7,773.60","2.13B","-1.16%"
"04-03-2021","7,904.35","7,860.05","7,959.70","7,848.90","2.25B","-0.74%"
"03-03-2021","7,963.30","7,876.55","7,975.95","7,852.05","2.10B","2.05%"
"02-03-2021","7,802.95","7,763.60","7,822.50","7,717.50","2.10B","1.22%"
"01-03-2021","7,708.70","7,675.05","7,726.80","7,647.15","1.90B","1.55%"
"26-02-2021","7,591.25","7,746.15","7,772.05","7,560.20","3.04B","-3.32%"
"25-02-2021","7,852.05","7,839.65","7,885.25","7,832.75","2.47B","0.85%"
"24-02-2021","7,785.90","7,683.05","7,796.30","7,678.75","1.42B","1.61%"
"23-02-2021","7,662.65","7,685.95","7,726.15","7,621.65","2.16B","0.37%"
"22-02-2021","7,634.40","7,792.50","7,800.95","7,610.25","2.10B","-1.90%"
"19-02-2021","7,782.50","7,846.70","7,877.80","7,734.60","3.04B","-1.04%"
"18-02-2021","7,864.45","7,911.50","7,922.15","7,844.00","2.90B","-0.34%"
"17-02-2021","7,891.25","7,916.05","7,938.70","7,868.65","2.45B","-0.46%"
"16-02-2021","7,928.05","7,949.70","7,978.90","7,885.85","2.07B","0.09%"
"15-02-2021","7,920.80","7,891.70","7,931.50","7,880.80","1.85B","1.04%"
"12-02-2021","7,839.15","7,852.00","7,877.65","7,796.65","2.04B","-0.05%"
"11-02-2021","7,843.10","7,793.35","7,849.00","7,788.35","1.95B","0.45%"
"10-02-2021","7,808.20","7,807.80","7,831.40","7,739.90","1.96B","0.12%"
"09-02-2021","7,798.65","7,829.00","7,870.25","7,774.00","2.41B","-0.05%"
"08-02-2021","7,802.35","7,771.60","7,821.15","7,762.75","2.04B","1.29%"
"05-02-2021","7,702.95","7,742.95","7,771.00","7,682.10","2.94B","-0.06%"
"04-02-2021","7,707.60","7,646.80","7,715.25","7,617.80","2.79B","0.86%"
"03-02-2021","7,642.15","7,622.30","7,682.50","7,536.60","2.62B","0.97%"
"02-02-2021","7,568.70","7,481.90","7,600.85","7,478.15","2.60B","2.49%"
"01-02-2021","7,385.15","7,138.40","7,409.65","7,080.75","2.68B","4.36%"
"29-01-2021","7,076.80","7,240.10","7,250.35","7,057.30","2.43B","-1.33%"
"28-01-2021","7,172.55","7,159.40","7,210.20","7,121.65","2.57B","-0.94%"
"27-01-2021","7,240.50","7,372.55","7,372.55","7,219.40","2.24B","-1.80%"
"25-01-2021","7,373.30","7,500.15","7,509.45","7,361.15","2.32B","-0.91%"
"22-01-2021","7,441.00","7,546.35","7,567.65","7,434.40","2.55B","-1.39%"
"21-01-2021","7,545.70","7,633.40","7,641.60","7,508.55","2.23B","-0.53%"
"20-01-2021","7,585.95","7,534.05","7,594.95","7,524.05","1.93B","0.84%"
"19-01-2021","7,522.75","7,439.75","7,531.30","7,438.10","1.77B","1.76%"
"18-01-2021","7,392.80","7,495.80","7,498.50","7,363.90","2.40B","-1.27%"
"15-01-2021","7,488.00","7,579.80","7,593.85","7,445.00","3.43B","-1.16%"
"14-01-2021","7,575.65","7,557.35","7,584.05","7,516.10","2.06B","0.22%"
"13-01-2021","7,558.70","7,609.55","7,616.00","7,484.90","3.22B","-0.13%"
"12-01-2021","7,568.85","7,528.70","7,585.15","7,508.75","2.77B","0.46%"
"11-01-2021","7,534.05","7,540.40","7,540.40","7,478.80","1.81B","0.75%"
"08-01-2021","7,478.25","7,436.30","7,488.15","7,420.50","2.04B","1.41%"
"07-01-2021","7,374.25","7,421.00","7,421.55","7,366.45","2.15B","0.17%"
"06-01-2021","7,361.75","7,403.40","7,408.15","7,299.70","2.40B","-0.25%"
"05-01-2021","7,379.85","7,305.60","7,388.85","7,285.35","2.01B","0.63%"
"04-01-2021","7,333.70","7,310.00","7,341.20","7,239.60","2.54B","0.97%"
"01-01-2021","7,263.00","7,242.20","7,276.65","7,239.60","1.75B","0.43%"
"31-12-2020","7,231.80","7,224.05","7,250.15","7,207.45","2.26B","0.07%"
"30-12-2020","7,226.75","7,226.70","7,234.40","7,165.95","1.48B","0.35%"
"29-12-2020","7,201.85","7,202.85","7,224.55","7,163.40","1.62B","0.31%"
"28-12-2020","7,179.60","7,150.45","7,184.95","7,149.50","1.55B","0.93%"
"24-12-2020","7,113.35","7,089.90","7,124.40","7,060.30","1.76B","0.90%"
"23-12-2020","7,049.80","6,971.20","7,059.35","6,949.95","2.11B","1.24%"
"22-12-2020","6,963.65","6,904.40","6,977.55","6,794.10","2.42B","1.06%"
"21-12-2020","6,890.60","7,119.45","7,136.10","6,777.40","2.22B","-3.37%"
"18-12-2020","7,130.90","7,136.80","7,142.15","7,074.60","1.78B","0.10%"
"17-12-2020","7,123.75","7,121.40","7,146.75","7,104.40","1.54B","0.25%"
"16-12-2020","7,105.75","7,093.75","7,111.00","7,069.15","1.97B","0.85%"
"15-12-2020","7,046.15","7,036.75","7,052.45","6,983.55","1.93B","0.08%"
"14-12-2020","7,040.30","7,045.35","7,056.10","7,002.25","1.67B","0.37%"
"11-12-2020","7,014.40","7,014.85","7,045.15","6,956.45","2.58B","0.26%"
"10-12-2020","6,996.45","7,002.85","7,006.35","6,947.90","2.19B","-0.34%"
"09-12-2020","7,020.15","6,996.95","7,032.95","6,993.95","2.45B","0.85%"
"08-12-2020","6,960.75","6,970.60","6,988.05","6,911.60","2.48B","0.22%"
"07-12-2020","6,945.80","6,897.60","6,951.05","6,889.60","1.84B","0.80%"
"04-12-2020","6,890.55","6,859.40","6,898.55","6,833.60","2.11B","0.81%"
"03-12-2020","6,835.05","6,863.80","6,863.80","6,820.25","2.01B","0.31%"
"02-12-2020","6,813.65","6,812.45","6,818.80","6,747.50","2.30B","0.18%"
"01-12-2020","6,801.30","6,780.90","6,810.40","6,734.40","2.23B","1.09%"
"27-11-2020","6,727.70","6,728.20","6,754.35","6,699.15","4.08B","0.25%"
"26-11-2020","6,710.65","6,667.70","6,724.65","6,617.35","1.75B","0.97%"
"25-11-2020","6,646.00","6,786.90","6,793.20","6,633.65","2.32B","-1.52%"
"24-11-2020","6,748.90","6,726.25","6,759.20","6,717.80","1.97B","0.91%"
"23-11-2020","6,688.00","6,695.60","6,705.55","6,642.85","2.20B","0.66%"
"20-11-2020","6,644.40","6,616.25","6,659.75","6,578.20","2.16B","0.77%"
"19-11-2020","6,593.70","6,626.40","6,694.25","6,579.65","2.19B","-1.15%"
"18-11-2020","6,670.35","6,625.55","6,675.15","6,606.70","2.08B","0.59%"
"17-11-2020","6,631.45","6,647.70","6,648.15","6,591.30","2.19B","0.79%"
"14-11-2020","6,579.60","6,600.25","6,603.75","6,563.70","523.44B","0.48%"
"13-11-2020","6,548.40","6,509.95","6,552.80","6,488.90","1.54B","0.38%"
"12-11-2020","6,523.40","6,521.45","6,542.45","6,491.50","1.91B","-0.22%"
"11-11-2020","6,538.00","6,505.70","6,551.40","6,456.25","1.92B","0.90%"
"10-11-2020","6,479.80","6,463.55","6,485.15","6,418.60","2.05B","1.01%"
"09-11-2020","6,415.10","6,385.65","6,420.35","6,363.75","1.48B","1.51%"
"06-11-2020","6,319.65","6,272.85","6,327.30","6,263.15","1.56B","1.03%"
"05-11-2020","6,255.00","6,217.40","6,259.15","6,205.50","1.51B","1.76%"
"04-11-2020","6,146.90","6,090.10","6,155.85","6,073.20","1.35B","0.77%"
"03-11-2020","6,099.85","6,066.80","6,111.45","6,062.80","1.49B","1.10%"
"02-11-2020","6,033.50","6,044.70","6,058.10","5,982.55","1.52B","0.26%"
"30-10-2020","6,017.65","6,031.55","6,069.65","5,964.60","1.70B","-0.13%"
"29-10-2020","6,025.55","6,001.15","6,055.15","5,986.55","1.38B","-0.38%"
"28-10-2020","6,048.75","6,141.30","6,146.30","6,029.25","1.51B","-1.24%"
"27-10-2020","6,125.00","6,075.85","6,130.35","6,034.75","1.43B","1.11%"
"26-10-2020","6,058.05","6,151.65","6,153.55","6,031.95","1.20B","-1.40%"
"23-10-2020","6,144.05","6,153.60","6,161.55","6,133.45","1.55B","0.34%"
"22-10-2020","6,123.10","6,115.05","6,138.55","6,085.30","1.32B","-0.21%"
"21-10-2020","6,135.85","6,149.45","6,177.70","6,057.30","1.42B","0.27%"
"20-10-2020","6,119.55","6,097.55","6,138.50","6,086.70","1.32B","0.25%"
"19-10-2020","6,104.45","6,103.90","6,110.05","6,074.05","1.36B","0.91%"
"16-10-2020","6,049.50","6,027.60","6,057.85","5,995.40","1.21B","0.77%"
"15-10-2020","6,003.40","6,166.70","6,167.50","5,993.75","1.35B","-2.26%"
"14-10-2020","6,142.45","6,116.20","6,154.70","6,071.90","1.31B","0.30%"
"13-10-2020","6,123.80","6,128.95","6,154.85","6,109.85","1.04B","-0.08%"
"12-10-2020","6,128.50","6,155.70","6,175.85","6,098.05","1.19B","0.00%"
"09-10-2020","6,128.65","6,111.15","6,144.05","6,087.60","1.38B","0.45%"
"08-10-2020","6,101.05","6,103.60","6,130.75","6,075.75","1.48B","0.70%"
"07-10-2020","6,058.70","6,041.95","6,070.30","6,015.60","1.28B","0.42%"
"06-10-2020","6,033.45","6,011.80","6,041.10","5,993.90","1.28B","1.18%"
"05-10-2020","5,963.15","5,962.90","5,996.65","5,937.85","1.42B","0.60%"
"01-10-2020","5,927.60","5,906.60","5,933.60","5,899.70","1.30B","1.35%"
"30-09-2020","5,848.90","5,848.70","5,871.35","5,816.55","1.43B","0.25%"
"29-09-2020","5,834.20","5,874.10","5,883.85","5,812.05","1.66B","-0.11%"
"28-09-2020","5,840.40","5,784.70","5,845.50","5,767.10","1.54B","1.84%"
"25-09-2020","5,734.95","5,656.10","5,745.05","5,625.45","1.94B","2.39%"
"24-09-2020","5,601.10","5,701.70","5,703.15","5,593.35","1.92B","-2.80%"
"23-09-2020","5,762.70","5,826.60","5,831.20","5,707.10","2.01B","-0.22%"
"22-09-2020","5,775.30","5,851.65","5,851.90","5,723.20","1.93B","-0.97%"
"21-09-2020","5,832.10","5,982.40","5,993.15","5,813.55","1.62B","-2.49%"
"18-09-2020","5,981.20","6,018.30","6,021.10","5,952.60","1.82B","-0.05%"
"17-09-2020","5,984.35","5,994.35","6,020.00","5,975.50","1.22B","-0.68%"
"16-09-2020","6,025.40","5,998.20","6,031.00","5,988.10","1.30B","0.65%"
"15-09-2020","5,986.70","5,965.30","5,993.15","5,950.10","1.88B","0.79%"
"14-09-2020","5,940.05","5,975.95","5,998.35","5,912.25","1.74B","0.11%"
"11-09-2020","5,933.45","5,917.45","5,941.50","5,906.50","1.27B","0.28%"
"10-09-2020","5,916.75","5,876.75","5,923.60","5,865.30","1.59B","1.42%"
"09-09-2020","5,833.80","5,804.35","5,844.25","5,780.40","1.76B","-0.35%"
"08-09-2020","5,854.15","5,896.05","5,918.45","5,839.70","1.63B","-0.50%"
"07-09-2020","5,883.30","5,898.45","5,908.55","5,837.80","2.46B","0.01%"
"04-09-2020","5,882.90","5,893.75","5,946.95","5,868.15","3.02B","-1.70%"
"03-09-2020","5,984.50","5,996.10","6,006.55","5,972.55","2.71B","0.12%"
"02-09-2020","5,977.60","5,942.00","5,988.45","5,920.65","1.78B","0.73%"
"01-09-2020","5,934.10","5,922.90","5,961.95","5,878.35","3.43B","0.79%"
"31-08-2020","5,887.55","6,110.30","6,117.85","5,858.45","3.43B","-2.67%"
"28-08-2020","6,048.90","6,033.35","6,069.70","6,027.40","3.55B","0.69%"
"27-08-2020","6,007.65","6,032.05","6,036.00","5,999.50","1.90B","0.13%"
"26-08-2020","6,000.00","5,988.05","6,005.50","5,961.95","1.65B","0.58%"
"25-08-2020","5,965.20","5,987.30","5,994.70","5,939.55","1.66B","0.09%"
"24-08-2020","5,959.95","5,941.75","5,975.45","5,941.00","1.85B","0.72%"
"21-08-2020","5,917.35","5,940.25","5,945.95","5,912.30","1.83B","0.49%"
"20-08-2020","5,888.25","5,878.85","5,909.00","5,864.55","1.94B","-0.57%"
"19-08-2020","5,921.80","5,941.55","5,947.55","5,915.15","1.70B","0.24%"
"18-08-2020","5,907.50","5,845.80","5,914.65","5,842.85","1.51B","1.22%"
"17-08-2020","5,836.15","5,842.45","5,845.85","5,782.85","1.38B","0.56%"
"14-08-2020","5,803.60","5,890.95","5,900.30","5,767.95","1.94B","-1.04%"
"13-08-2020","5,864.40","5,871.20","5,885.15","5,846.45","1.89B","0.18%"
"12-08-2020","5,854.05","5,844.85","5,860.65","5,819.25","1.65B","-0.09%"
"11-08-2020","5,859.50","5,872.20","5,894.00","5,854.15","1.61B","0.26%"
"10-08-2020","5,844.25","5,838.70","5,871.85","5,827.40","1.72B","0.70%"
"07-08-2020","5,803.45","5,786.80","5,811.70","5,767.65","2.04B","0.26%"
"06-08-2020","5,788.45","5,777.10","5,811.80","5,753.40","1.59B","0.89%"
"05-08-2020","5,737.20","5,764.50","5,795.95","5,719.70","1.74B","0.09%"
"04-08-2020","5,731.90","5,669.45","5,739.00","5,649.75","1.63B","1.64%"
"03-08-2020","5,639.55","5,710.05","5,710.20","5,635.00","1.92B","-1.33%"
"31-07-2020","5,715.65","5,735.70","5,745.60","5,691.95","1.73B","-0.02%"
"30-07-2020","5,716.85","5,784.20","5,802.95","5,705.20","1.72B","-0.72%"
"29-07-2020","5,758.15","5,784.05","5,813.00","5,732.35","1.77B","-0.56%"
"28-07-2020","5,790.55","5,726.00","5,798.05","5,724.95","1.55B","1.35%"
"27-07-2020","5,713.70","5,767.80","5,767.80","5,694.70","1.39B","-0.66%"
"24-07-2020","5,751.95","5,738.90","5,766.30","5,703.25","1.66B","-0.32%"
"23-07-2020","5,770.25","5,730.35","5,780.60","5,716.05","1.41B","0.78%"
"22-07-2020","5,725.85","5,771.55","5,774.20","5,687.60","2.12B","-0.26%"
"21-07-2020","5,740.70","5,735.15","5,751.65","5,725.35","2.13B","1.01%"
"20-07-2020","5,683.45","5,671.30","5,690.35","5,651.85","2.37B","1.02%"
"17-07-2020","5,626.00","5,551.85","5,639.95","5,550.75","2.28B","1.51%"
"16-07-2020","5,542.30","5,529.20","5,549.00","5,466.35","2.39B","0.97%"
"15-07-2020","5,488.85","5,537.70","5,591.30","5,469.85","1.96B","-0.06%"
"14-07-2020","5,492.30","5,559.70","5,561.90","5,469.15","1.65B","-1.63%"
"13-07-2020","5,583.10","5,610.45","5,626.25","5,558.40","1.75B","0.25%"
"10-07-2020","5,569.00","5,570.85","5,600.70","5,542.65","2.35B","-0.43%"
"09-07-2020","5,592.80","5,573.10","5,603.50","5,562.85","1.77B","0.79%"
"08-07-2020","5,548.75","5,603.00","5,617.55","5,534.50","2.58B","-0.75%"
"07-07-2020","5,590.75","5,589.65","5,598.20","5,533.90","2.00B","0.36%"
"06-07-2020","5,570.45","5,550.20","5,589.55","5,536.55","1.83B","1.36%"
"03-07-2020","5,495.45","5,497.40","5,505.75","5,472.40","1.77B","0.57%"
"02-07-2020","5,464.20","5,434.70","5,484.00","5,431.45","1.89B","1.11%"
"01-07-2020","5,404.30","5,362.95","5,412.80","5,346.25","1.84B","1.01%"
"30-06-2020","5,350.40","5,393.05","5,403.60","5,333.70","2.30B","-0.11%"
"29-06-2020","5,356.15","5,369.25","5,375.35","5,316.80","2.41B","-0.80%"
"26-06-2020","5,399.25","5,406.35","5,421.70","5,369.55","2.66B","0.74%"
"25-06-2020","5,359.45","5,325.90","5,392.50","5,305.90","2.85B","-0.02%"
"24-06-2020","5,360.50","5,476.05","5,491.80","5,347.45","2.96B","-1.50%"
"23-06-2020","5,442.05","5,380.30","5,448.50","5,357.15","2.33B","1.58%"
"22-06-2020","5,357.45","5,350.25","5,393.60","5,334.95","3.28B","0.91%"
"19-06-2020","5,309.00","5,252.10","5,321.65","5,230.50","2.71B","1.40%"
"18-06-2020","5,235.45","5,133.85","5,244.45","5,125.00","2.59B","1.81%"
"17-06-2020","5,142.55","5,136.30","5,198.80","5,117.00","1.98B","-0.23%"
"16-06-2020","5,154.50","5,208.05","5,222.60","5,064.20","2.70B","0.86%"
"15-06-2020","5,110.35","5,166.55","5,181.65","5,072.75","2.50B","-1.47%"
"12-06-2020","5,186.50","4,957.45","5,197.55","4,957.00","3.34B","0.81%"
"11-06-2020","5,144.75","5,239.25","5,254.20","5,136.80","4.12B","-1.96%"
"10-06-2020","5,247.45","5,226.00","5,262.05","5,204.05","2.87B","0.66%"
"09-06-2020","5,213.20","5,281.80","5,332.85","5,197.65","3.59B","-1.04%"
"08-06-2020","5,267.90","5,346.85","5,347.30","5,244.05","4.24B","0.24%"
"05-06-2020","5,255.15","5,223.35","5,270.05","5,197.40","3.96B","1.29%"
"04-06-2020","5,188.10","5,200.10","5,238.20","5,143.25","2.74B","-0.20%"
"03-06-2020","5,198.70","5,224.45","5,258.35","5,185.20","2.93B","0.75%"
"02-06-2020","5,159.90","5,115.75","5,166.60","5,090.75","2.77B","1.43%"
"01-06-2020","5,087.35","5,034.60","5,131.80","5,026.45","2.53B","2.50%"
"29-05-2020","4,963.40","4,875.80","4,971.20","4,855.85","4.75B","1.15%"
"28-05-2020","4,907.15","4,842.75","4,917.00","4,830.05","2.29B","1.85%"
"27-05-2020","4,818.15","4,724.80","4,826.40","4,680.95","1.80B","2.51%"
"26-05-2020","4,700.35","4,726.85","4,753.60","4,682.30","1.66B","0.07%"
"22-05-2020","4,697.15","4,716.10","4,756.75","4,666.60","1.77B","-0.78%"
"21-05-2020","4,734.10","4,717.60","4,768.70","4,707.05","1.76B","0.57%"
"20-05-2020","4,707.15","4,618.70","4,720.90","4,611.05","1.86B","2.03%"
"19-05-2020","4,613.55","4,654.40","4,687.85","4,601.25","2.44B","0.61%"
"18-05-2020","4,585.70","4,763.15","4,763.20","4,578.20","2.00B","-3.51%"
"15-05-2020","4,752.45","4,779.75","4,779.75","4,714.20","1.61B","-0.14%"
"14-05-2020","4,759.15","4,787.35","4,824.20","4,746.85","1.93B","-2.10%"
"13-05-2020","4,861.05","4,958.90","4,958.95","4,839.35","2.61B","1.96%"
"12-05-2020","4,767.45","4,756.25","4,788.95","4,690.15","2.04B","-0.45%"
"11-05-2020","4,789.00","4,833.35","4,877.75","4,779.70","2.31B","0.09%"
"08-05-2020","4,784.70","4,844.40","4,847.45","4,778.40","1.40B","0.51%"
"07-05-2020","4,760.30","4,781.45","4,806.45","4,752.90","1.46B","-0.79%"
"06-05-2020","4,798.10","4,774.70","4,827.60","4,715.75","1.90B","0.73%"
"05-05-2020","4,763.15","4,880.05","4,893.60","4,756.15","1.67B","-0.98%"
"04-05-2020","4,810.05","4,922.45","4,922.80","4,797.75","1.94B","-5.41%"
"30-04-2020","5,085.10","5,036.45","5,099.30","5,026.35","2.30B","2.95%"
"29-04-2020","4,939.45","4,874.90","4,960.25","4,868.00","1.83B","1.69%"
"28-04-2020","4,857.45","4,867.75","4,873.25","4,799.55","1.56B","0.92%"
"27-04-2020","4,813.15","4,795.70","4,850.70","4,791.75","1.39B","1.49%"
"24-04-2020","4,742.40","4,755.50","4,812.65","4,736.80","1.68B","-1.75%"
"23-04-2020","4,827.10","4,793.80","4,845.80","4,769.45","2.02B","1.22%"
"22-04-2020","4,768.70","4,693.05","4,775.80","4,648.30","1.86B","2.00%"
"21-04-2020","4,675.35","4,694.85","4,706.35","4,642.10","1.59B","-2.85%"
"20-04-2020","4,812.75","4,875.95","4,876.15","4,802.95","1.91B","-0.05%"
"17-04-2020","4,815.15","4,850.10","4,850.30","4,732.05","2.20B","2.73%"
"16-04-2020","4,687.15","4,613.10","4,715.30","4,593.70","1.87B","0.86%"
"15-04-2020","4,647.00","4,755.65","4,803.65","4,617.40","2.47B","-0.35%"
"13-04-2020","4,663.45","4,718.60","4,721.50","4,614.05","2.14B","-1.16%"
"09-04-2020","4,718.25","4,648.95","4,727.05","4,622.50","1.68B","3.98%"
"08-04-2020","4,537.55","4,492.00","4,719.10","4,472.65","1.98B","0.05%"
"07-04-2020","4,535.35","4,373.05","4,546.20","4,328.10","1.74B","8.11%"
"03-04-2020","4,195.00","4,320.65","4,320.65","4,182.25","1.50B","-1.89%"
"01-04-2020","4,275.70","4,430.15","4,431.75","4,248.25","1.27B","-3.57%"
"31-03-2020","4,433.85","4,397.50","4,466.65","4,311.30","1.50B","3.71%"
"30-03-2020","4,275.30","4,314.70","4,408.45","4,257.30","1.22B","-3.78%"
"27-03-2020","4,443.40","4,590.70","4,642.70","4,376.85","1.82B","0.09%"
"26-03-2020","4,439.50","4,334.65","4,493.10","4,264.80","1.92B","4.00%"
"25-03-2020","4,268.85","3,990.35","4,293.45","3,984.60","1.54B","5.91%"
"24-03-2020","4,030.70","4,058.20","4,149.30","3,893.05","1.72B","2.18%"
"23-03-2020","3,944.80","4,121.70","4,230.85","3,932.70","1.58B","-12.84%"
"20-03-2020","4,526.00","4,307.95","4,595.00","4,251.10","2.65B","5.46%"
"19-03-2020","4,291.65","4,200.85","4,447.25","4,080.15","2.64B","-2.73%"
"18-03-2020","4,412.15","4,729.55","4,748.25","4,384.65","4.62B","-5.48%"
"17-03-2020","4,668.15","4,814.55","4,882.65","4,645.00","2.31B","-2.30%"
"16-03-2020","4,777.95","4,959.45","4,984.05","4,760.75","2.92B","-7.18%"
"13-03-2020","5,147.65","4,684.75","5,239.50","4,432.40","3.81B","3.55%"
"12-03-2020","4,971.05","5,206.65","5,206.95","4,932.25","3.19B","-8.33%"
"11-03-2020","5,422.55","5,379.45","5,477.10","5,378.35","2.63B","-0.14%"
"09-03-2020","5,430.25","5,578.30","5,582.55","5,359.10","2.95B","-4.79%"
"06-03-2020","5,703.60","5,668.80","5,723.95","5,615.70","2.74B","-2.43%"
"05-03-2020","5,845.75","5,863.10","5,901.80","5,828.55","2.27B","0.21%"
"04-03-2020","5,833.40","5,894.15","5,897.30","5,747.85","1.64B","-0.62%"
"03-03-2020","5,869.85","5,820.15","5,886.75","5,789.95","1.59B","1.64%"
"02-03-2020","5,775.20","5,901.95","5,934.95","5,727.00","1.63B","-0.58%"
"28-02-2020","5,809.15","5,898.55","5,899.90","5,794.85","1.97B","-3.63%"
"27-02-2020","6,028.05","6,046.25","6,046.90","5,976.80","1.55B","-0.42%"
"26-02-2020","6,053.30","6,089.20","6,111.10","6,036.05","1.40B","-1.07%"
"25-02-2020","6,118.55","6,163.70","6,172.80","6,110.10","1.58B","-0.33%"
"24-02-2020","6,139.10","6,232.65","6,232.65","6,130.60","1.71B","-2.06%"
"20-02-2020","6,268.45","6,278.90","6,307.30","6,263.60","2.06B","-0.19%"
"19-02-2020","6,280.65","6,252.00","6,284.10","6,231.95","1.98B","1.26%"
"18-02-2020","6,202.30","6,220.80","6,221.35","6,155.90","1.85B","-0.45%"
"17-02-2020","6,230.40","6,281.15","6,291.40","6,226.15","1.76B","-0.66%"
"14-02-2020","6,272.10","6,317.85","6,344.65","6,262.25","2.46B","-0.60%"
"13-02-2020","6,310.25","6,331.25","6,333.65","6,291.80","1.03B","-0.21%"
"12-02-2020","6,323.80","6,308.85","6,342.40","6,305.80","1.20B","0.57%"
"11-02-2020","6,288.10","6,296.90","6,324.55","6,283.65","1.09B","0.45%"
"10-02-2020","6,259.75","6,298.95","6,299.00","6,241.00","1.07B","-0.57%"
"07-02-2020","6,295.75","6,309.65","6,311.20","6,280.60","1.11B","-0.10%"
"06-02-2020","6,302.20","6,286.20","6,313.85","6,267.95","1.42B","0.53%"
"05-02-2020","6,269.00","6,222.35","6,272.40","6,199.95","1.50B","1.02%"
"04-02-2020","6,205.85","6,113.65","6,210.00","6,113.10","1.30B","2.16%"
"03-02-2020","6,074.65","6,027.60","6,094.20","6,017.00","1.35B","0.51%"
"01-02-2020","6,043.95","6,196.75","6,243.00","6,028.50","","-2.64%"
"31-01-2020","6,207.85","6,279.70","6,281.40","6,200.25","1.50B","-0.65%"
"30-01-2020","6,248.25","6,314.20","6,315.40","6,237.35","1.38B","-0.90%"
"29-01-2020","6,304.70","6,301.10","6,322.25","6,292.35","1.25B","0.56%"
"28-01-2020","6,269.50","6,313.10","6,323.90","6,255.15","1.37B","-0.47%"
"27-01-2020","6,298.90","6,333.30","6,351.15","6,292.00","1.09B","-0.93%"
"24-01-2020","6,358.10","6,316.10","6,370.05","6,303.05","1.38B","0.64%"
"23-01-2020","6,317.85","6,279.15","6,322.35","6,267.15","2.17B","0.76%"
"22-01-2020","6,270.40","6,322.35","6,324.95","6,261.45","1.44B","-0.42%"
"21-01-2020","6,296.90","6,307.55","6,327.60","6,292.35","1.63B","-0.42%"
"20-01-2020","6,323.20","6,421.10","6,421.10","6,318.85","1.41B","-0.97%"
"17-01-2020","6,385.45","6,370.60","6,398.80","6,366.55","2.07B","0.06%"
"16-01-2020","6,381.75","6,377.20","6,396.70","6,360.25","1.17B","0.18%"
"15-01-2020","6,370.60","6,363.30","6,376.35","6,336.00","1.51B","0.04%"
"14-01-2020","6,367.80","6,352.55","6,373.20","6,340.15","1.21B","0.31%"
"13-01-2020","6,348.35","6,329.65","6,351.15","6,325.20","1.11B","0.64%"
"10-01-2020","6,307.90","6,313.10","6,336.30","6,287.30","1.39B","0.33%"
"09-01-2020","6,287.10","6,256.30","6,291.65","6,248.05","1.46B","1.54%"
"08-01-2020","6,191.75","6,139.60","6,196.10","6,134.80","1.37B","-0.14%"
"07-01-2020","6,200.40","6,209.20","6,251.60","6,174.70","1.11B","0.55%"
"06-01-2020","6,166.55","6,260.55","6,264.25","6,156.95","1.14B","-1.96%"
"03-01-2020","6,290.05","6,307.65","6,312.65","6,271.70","1.16B","-0.44%"
"02-01-2020","6,317.55","6,270.10","6,320.75","6,268.65","1.13B","0.89%"
"01-01-2020","6,261.70","6,271.15","6,281.45","6,253.85","719.96M","0.11%"
"31-12-2019","6,254.95","6,290.50","6,290.65","6,247.50","1.03B","-0.61%"
"30-12-2019","6,293.45","6,300.20","6,308.95","6,272.20","998.05M","0.11%"
"27-12-2019","6,286.25","6,250.20","6,291.60","6,243.85","1.03B","0.93%"
"26-12-2019","6,228.10","6,266.05","6,269.85","6,224.15","1.22B","-0.60%"
"24-12-2019","6,265.45","6,290.40","6,296.95","6,259.90","1.02B","-0.33%"
"23-12-2019","6,286.00","6,275.90","6,301.65","6,261.30","1.24B","-0.08%"
"20-12-2019","6,290.95","6,286.15","6,299.95","6,280.80","1.66B","0.14%"
"19-12-2019","6,282.00","6,264.20","6,286.25","6,250.55","1.33B","0.30%"
"18-12-2019","6,263.45","6,255.25","6,271.25","6,233.55","1.38B","0.38%"
"17-12-2019","6,240.00","6,203.55","6,248.20","6,197.20","1.37B","0.83%"
"16-12-2019","6,188.80","6,229.80","6,231.45","6,185.30","1.12B","-0.33%"
"13-12-2019","6,209.55","6,176.95","6,215.00","6,176.05","1.56B","0.97%"
"12-12-2019","6,150.05","6,134.55","6,166.35","6,128.40","1.37B","0.58%"
"11-12-2019","6,114.80","6,091.70","6,121.50","6,073.55","1.77B","0.48%"
"10-12-2019","6,085.35","6,139.45","6,140.85","6,079.20","1.56B","-0.79%"
"09-12-2019","6,133.55","6,138.05","6,160.75","6,109.15","1.53B","0.06%"
"06-12-2019","6,129.90","6,201.15","6,205.30","6,111.90","1.96B","-0.90%"
"05-12-2019","6,185.80","6,214.55","6,217.65","6,175.50","1.47B","-0.27%"
"04-12-2019","6,202.60","6,164.75","6,207.95","6,149.75","2.19B","0.39%"
"03-12-2019","6,178.50","6,223.50","6,224.10","6,160.35","1.97B","-0.55%"
"02-12-2019","6,212.75","6,254.30","6,254.35","6,199.40","2.80B","-0.13%"
"29-11-2019","6,220.70","6,263.75","6,264.25","6,200.55","2.18B","-0.69%"
"28-11-2019","6,264.00","6,244.35","6,267.50","6,229.80","2.11B","0.55%"
"27-11-2019","6,229.70","6,210.25","6,235.85","6,205.00","1.55B","0.57%"
"26-11-2019","6,194.30","6,238.90","6,251.45","6,178.25","3.42B","-0.40%"
"25-11-2019","6,219.05","6,143.10","6,223.95","6,141.85","1.73B","1.32%"
"22-11-2019","6,137.95","6,162.40","6,162.60","6,119.85","1.57B","-0.38%"
"21-11-2019","6,161.25","6,196.20","6,197.20","6,155.55","2.21B","-0.33%"
"20-11-2019","6,181.60","6,183.15","6,202.50","6,167.65","3.30B","0.47%"
"19-11-2019","6,152.55","6,146.25","6,160.85","6,125.75","2.26B","0.35%"
"18-11-2019","6,131.15","6,143.10","6,156.40","6,121.95","1.82B","-0.01%"
"15-11-2019","6,131.70","6,136.75","6,167.45","6,125.05","2.07B","0.20%"
"14-11-2019","6,119.75","6,117.45","6,133.70","6,084.60","1.80B","0.19%"
"13-11-2019","6,108.40","6,146.90","6,169.40","6,098.60","1.69B","-0.61%"
"11-11-2019","6,145.90","6,125.30","6,154.30","6,118.80","1.39B","0.12%"
"08-11-2019","6,138.25","6,182.65","6,204.25","6,129.15","1.79B","-0.85%"
"07-11-2019","6,190.70","6,194.10","6,194.85","6,160.00","1.58B","0.43%"
"06-11-2019","6,164.05","6,140.55","6,182.65","6,110.90","1.54B","0.36%"
"05-11-2019","6,142.15","6,179.85","6,181.75","6,118.15","1.49B","-0.36%"
"04-11-2019","6,164.25","6,164.85","6,193.45","6,149.50","1.79B","0.30%"
"01-11-2019","6,146.05","6,145.35","6,162.80","6,128.25","2.49B","0.12%"
"31-10-2019","6,138.85","6,138.30","6,168.35","6,127.00","2.71B","0.40%"
"30-10-2019","6,114.10","6,127.20","6,131.25","6,083.20","1.68B","0.52%"
"29-10-2019","6,082.25","6,008.90","6,093.50","5,999.95","2.02B","1.34%"
"27-10-2019","6,001.60","6,015.20","6,021.35","5,991.15","333.37B","0.44%"
"25-10-2019","5,975.50","6,005.30","6,005.75","5,930.55","1.93B","-0.05%"
"24-10-2019","5,978.40","6,018.60","6,028.75","5,954.55","2.10B","-0.22%"
"23-10-2019","5,991.45","5,989.45","6,016.85","5,964.95","1.56B","0.11%"
"22-10-2019","5,984.90","6,009.85","6,039.65","5,977.05","1.81B","-0.42%"
"18-10-2019","6,010.05","5,956.45","6,021.00","5,944.05","1.97B","0.88%"
"17-10-2019","5,957.40","5,889.90","5,963.10","5,877.10","1.68B","1.19%"
"16-10-2019","5,887.35","5,886.25","5,898.20","5,862.95","1.46B","0.33%"
"15-10-2019","5,868.10","5,835.80","5,883.55","5,827.50","1.32B","0.72%"
"14-10-2019","5,826.25","5,821.20","5,863.65","5,801.90","1.34B","0.36%"
"11-10-2019","5,805.45","5,786.40","5,835.40","5,749.65","1.57B","0.55%"
"10-10-2019","5,773.75","5,799.95","5,807.45","5,762.80","1.60B","-0.74%"
"09-10-2019","5,816.65","5,736.65","5,820.30","5,704.10","1.62B","1.60%"
"07-10-2019","5,724.85","5,764.00","5,776.85","5,718.45","1.44B","-0.54%"
"04-10-2019","5,756.10","5,861.60","5,868.60","5,747.80","1.64B","-1.20%"
"03-10-2019","5,826.00","5,830.60","5,855.90","5,797.70","1.83B","-0.42%"
"01-10-2019","5,850.40","5,935.10","5,955.25","5,789.05","2.49B","-1.09%"
"30-09-2019","5,914.85","5,938.65","5,942.00","5,872.85","1.92B","-0.55%"
"27-09-2019","5,947.30","5,971.15","5,990.85","5,943.20","1.42B","-0.51%"
"26-09-2019","5,977.60","5,925.60","5,996.50","5,924.00","1.73B","1.11%"
"25-09-2019","5,911.70","5,982.20","5,982.50","5,899.95","1.40B","-1.39%"
"24-09-2019","5,994.90","6,002.90","6,030.55","5,968.40","1.44B","-0.14%"
"23-09-2019","6,003.05","5,971.30","6,049.65","5,943.90","1.98B","2.72%"
"20-09-2019","5,843.85","5,564.45","5,887.50","5,532.25","2.92B","5.43%"
"19-09-2019","5,543.05","5,616.30","5,616.30","5,524.65","1.53B","-1.24%"
"18-09-2019","5,612.90","5,626.15","5,633.45","5,589.65","1.16B","0.27%"
"17-09-2019","5,597.65","5,694.95","5,695.35","5,587.35","1.35B","-1.72%"
"16-09-2019","5,695.55","5,686.35","5,719.80","5,676.15","1.03B","-0.54%"
"13-09-2019","5,726.30","5,687.00","5,730.35","5,657.25","1.33B","0.79%"
"12-09-2019","5,681.20","5,718.40","5,732.15","5,673.05","1.34B","-0.42%"
"11-09-2019","5,705.40","5,694.75","5,712.85","5,686.75","1.47B","0.40%"
"09-09-2019","5,682.40","5,646.25","5,693.00","5,624.60","1.05B","0.57%"
"06-09-2019","5,650.05","5,621.65","5,655.35","5,610.85","1.16B","0.83%"
"05-09-2019","5,603.35","5,606.55","5,636.50","5,589.50","1.26B","0.12%"
"04-09-2019","5,596.70","5,573.60","5,602.85","5,542.50","1.17B","0.37%"
"03-09-2019","5,575.95","5,658.70","5,661.35","5,563.40","1.15B","-2.03%"
"30-08-2019","5,691.55","5,667.50","5,700.85","5,614.45","1.39B","0.79%"
"29-08-2019","5,646.75","5,665.40","5,678.55","5,625.20","1.45B","-0.72%"
"28-08-2019","5,687.85","5,720.80","5,735.55","5,660.80","1.31B","-0.57%"
"27-08-2019","5,720.65","5,713.25","5,738.55","5,690.15","1.61B","0.57%"
"26-08-2019","5,688.35","5,664.20","5,694.00","5,537.55","1.67B","2.02%"
"23-08-2019","5,575.50","5,508.20","5,591.70","5,472.20","1.57B","0.86%"
"22-08-2019","5,528.00","5,611.90","5,613.20","5,518.70","1.60B","-1.63%"
"21-08-2019","5,619.70","5,677.45","5,682.45","5,615.00","1.23B","-1.00%"
"20-08-2019","5,676.35","5,706.60","5,711.05","5,658.55","1.10B","-0.44%"
"19-08-2019","5,701.25","5,720.10","5,745.75","5,693.35","1.02B","0.07%"
"16-08-2019","5,697.50","5,687.40","5,705.40","5,631.85","1.29B","0.20%"
"14-08-2019","5,686.05","5,666.15","5,705.70","5,636.70","1.24B","0.97%"
"13-08-2019","5,631.25","5,745.70","5,748.20","5,620.45","1.43B","-1.78%"
"09-08-2019","5,733.35","5,719.80","5,770.85","5,710.55","1.35B","0.73%"
"08-08-2019","5,691.95","5,631.00","5,704.70","5,601.80","1.30B","1.49%"
"07-08-2019","5,608.40","5,659.20","5,672.95","5,598.75","1.36B","-0.79%"
"06-08-2019","5,653.25","5,576.25","5,683.00","5,575.50","1.30B","0.94%"
"05-08-2019","5,600.75","5,618.70","5,619.50","5,557.50","1.24B","-1.20%"
"02-08-2019","5,668.70","5,634.60","5,710.45","5,589.45","1.48B","0.13%"
"01-08-2019","5,661.45","5,703.50","5,717.20","5,610.85","1.25B","-1.23%"
"31-07-2019","5,731.90","5,678.60","5,741.95","5,659.05","1.35B","0.48%"
"30-07-2019","5,704.70","5,778.00","5,805.80","5,699.20","1.54B","-1.08%"
"29-07-2019","5,767.20","5,829.00","5,830.40","5,748.55","1.69B","-0.91%"
"26-07-2019","5,820.45","5,796.30","5,830.80","5,777.40","1.23B","0.40%"
"25-07-2019","5,797.35","5,808.45","5,845.85","5,790.40","1.30B","-0.02%"
"24-07-2019","5,798.55","5,839.25","5,857.60","5,780.80","1.18B","-0.75%"
"23-07-2019","5,842.55","5,867.50","5,873.15","5,827.20","1.16B","-0.21%"
"22-07-2019","5,855.10","5,874.35","5,876.15","5,822.65","1.13B","-0.55%"
"19-07-2019","5,887.40","6,002.70","6,009.75","5,876.80","1.18B","-1.62%"
"18-07-2019","5,984.30","6,033.45","6,033.70","5,978.15","1.11B","-0.92%"
"17-07-2019","6,039.60","6,034.05","6,052.20","6,024.05","1.07B","0.16%"
"16-07-2019","6,030.15","5,991.35","6,032.75","5,980.15","1.09B","0.70%"
"15-07-2019","5,988.50","6,004.10","6,006.25","5,958.70","927.61M","0.20%"
"12-07-2019","5,976.40","5,993.50","6,018.10","5,970.00","1.06B","-0.13%"
"11-07-2019","5,984.25","5,971.55","5,990.65","5,949.95","965.13M","0.73%"
"10-07-2019","5,940.80","5,967.10","5,992.55","5,930.85","928.91M","-0.59%"
"09-07-2019","5,975.80","5,958.25","5,987.00","5,922.45","1.10B","0.08%"
"08-07-2019","5,970.95","6,080.00","6,080.85","5,952.40","1.16B","-2.19%"
"05-07-2019","6,104.80","6,190.35","6,198.10","6,096.50","1.24B","-1.22%"
"04-07-2019","6,179.90","6,172.95","6,191.10","6,171.15","1.03B","0.22%"
"03-07-2019","6,166.60","6,169.50","6,178.10","6,148.35","956.04M","0.14%"
"02-07-2019","6,157.75","6,148.95","6,161.00","6,111.30","1.07B","0.37%"
"01-07-2019","6,135.10","6,124.70","6,142.90","6,120.95","951.94M","0.58%"
"28-06-2019","6,099.45","6,134.15","6,138.55","6,091.65","1.11B","-0.41%"
"27-06-2019","6,124.40","6,127.30","6,152.30","6,114.00","1.68B","0.06%"
"26-06-2019","6,120.45","6,074.25","6,131.75","6,068.90","1.36B","0.53%"
"25-06-2019","6,087.95","6,032.40","6,095.25","6,017.75","1.13B","0.75%"
"24-06-2019","6,042.75","6,055.80","6,068.90","6,028.25","1.05B","-0.18%"
"21-06-2019","6,053.90","6,095.90","6,095.90","6,043.75","1.37B","-0.75%"
"20-06-2019","6,099.60","6,005.40","6,105.45","5,991.70","1.43B","1.30%"
"19-06-2019","6,021.20","6,059.15","6,086.40","5,987.95","1.42B","-0.18%"
"18-06-2019","6,032.20","6,027.55","6,053.35","6,007.40","1.13B","0.12%"
"17-06-2019","6,024.70","6,111.90","6,111.95","6,017.80","987.98M","-1.30%"
"14-06-2019","6,103.95","6,151.30","6,152.50","6,092.10","1.04B","-0.81%"
"13-06-2019","6,153.95","6,137.90","6,161.70","6,102.65","1.15B","0.02%"
"12-06-2019","6,152.80","6,185.40","6,185.40","6,137.10","953.77M","-0.56%"
"11-06-2019","6,187.65","6,179.30","6,202.60","6,148.70","1.17B","0.42%"
"10-06-2019","6,161.65","6,170.45","6,189.75","6,136.90","1.27B","0.38%"
"07-06-2019","6,138.55","6,137.45","6,153.30","6,085.45","1.13B","0.16%"
"06-06-2019","6,128.95","6,235.60","6,235.60","6,122.75","1.30B","-1.57%"
"04-06-2019","6,227.00","6,241.50","6,268.05","6,219.85","1.02B","-0.51%"
"03-06-2019","6,258.70","6,193.20","6,264.80","6,173.70","991.47M","1.31%"
"31-05-2019","6,177.85","6,210.55","6,234.00","6,131.80","1.40B","-0.10%"
"30-05-2019","6,183.80","6,147.70","6,192.70","6,145.30","1.52B","0.65%"
"29-05-2019","6,143.80","6,172.55","6,178.85","6,132.00","1,052.38B","-0.61%"
"28-05-2019","6,181.35","6,195.70","6,195.70","6,151.25","1,806.21B","0.07%"
"27-05-2019","6,177.15","6,134.35","6,189.00","6,114.50","1,205.28B","0.77%"
"24-05-2019","6,129.80","6,067.65","6,134.40","6,029.90","1,363.45B","1.75%"
"23-05-2019","6,024.30","6,139.75","6,211.25","6,003.95","1,871.69B","-0.52%"
"22-05-2019","6,055.55","6,054.55","6,076.85","6,029.60","1,263.74B","0.18%"
"21-05-2019","6,044.60","6,124.70","6,132.65","6,030.80","1,184.50B","-1.01%"
"20-05-2019","6,106.00","6,019.00","6,112.85","5,987.60","1,524.88B","3.69%"
"17-05-2019","5,888.90","5,817.05","5,896.05","5,814.90","1,232.24B","1.27%"
"16-05-2019","5,815.30","5,783.80","5,827.00","5,758.65","1,134.20B","0.73%"
"15-05-2019","5,773.30","5,829.40","5,840.45","5,763.40","1,171.70B","-0.58%"
"14-05-2019","5,806.90","5,771.60","5,841.20","5,742.95","1,379.13B","0.59%"
"13-05-2019","5,772.70","5,840.60","5,854.20","5,762.10","1,232.81B","-1.35%"
"10-05-2019","5,851.75","5,865.50","5,882.20","5,838.35","1,189.25B","-0.14%"
"09-05-2019","5,859.75","5,867.85","5,885.45","5,834.75","1,139.93B","-0.44%"
"08-05-2019","5,885.40","5,944.55","5,944.80","5,879.60","1,248.26B","-1.18%"
"07-05-2019","5,955.45","6,034.95","6,038.25","5,949.45","1,077.84B","-0.88%"
"06-05-2019","6,008.25","6,015.50","6,029.15","5,995.95","975.70B","-0.98%"
"03-05-2019","6,067.60","6,075.00","6,093.75","6,060.65","1,004.68B","-0.13%"
"02-05-2019","6,075.45","6,080.10","6,112.15","6,065.00","1,228.14B","-0.28%"
"30-04-2019","6,092.55","6,100.85","6,100.85","6,045.45","1,387.07B","-0.19%"
"26-04-2019","6,104.40","6,082.20","6,108.35","6,065.15","1,025.28B","0.72%"
"25-04-2019","6,060.75","6,107.10","6,136.20","6,052.35","1,405.40B","-0.66%"
"24-04-2019","6,100.95","6,046.15","6,107.25","6,031.55","1,041.11B","1.12%"
"23-04-2019","6,033.65","6,050.90","6,068.15","6,027.25","992.50B","-0.13%"
"22-04-2019","6,041.30","6,115.40","6,115.40","6,035.90","879.67B","-1.44%"
"18-04-2019","6,129.80","6,184.05","6,184.05","6,119.65","1,173.72B","-0.38%"
"16-04-2019","6,153.05","6,132.95","6,163.60","6,131.10","1,078.47B","0.70%"
"15-04-2019","6,110.50","6,098.60","6,116.55","6,088.25","1,063.56B","0.42%"
"12-04-2019","6,085.00","6,068.10","6,090.25","6,054.45","1,012.62B","0.41%"
"11-04-2019","6,060.25","6,056.55","6,065.10","6,036.55","952.71B","0.13%"
"10-04-2019","6,052.30","6,080.45","6,097.85","6,045.75","978.21B","-0.65%"
"09-04-2019","6,091.60","6,065.00","6,097.05","6,036.90","954.86B","0.51%"
"08-04-2019","6,060.70","6,112.65","6,115.35","6,033.65","1,053.36B","-0.54%"
"05-04-2019","6,093.60","6,078.15","6,104.25","6,065.60","1,022.49B","0.60%"
"04-04-2019","6,057.55","6,087.60","6,088.50","6,035.40","1,282.68B","-0.33%"
"03-04-2019","6,077.75","6,129.55","6,143.60","6,070.40","1,228.10B","-0.62%"
"02-04-2019","6,115.95","6,123.35","6,123.40","6,090.95","1,377.77B","0.22%"
"01-04-2019","6,102.60","6,103.70","6,138.10","6,090.40","1,292.60B","0.37%"
"29-03-2019","6,079.95","6,070.45","6,082.50","6,047.50","1,652.97B","0.64%"
"28-03-2019","6,041.40","5,988.50","6,049.65","5,982.90","1,592.53B","1.06%"
"27-03-2019","5,977.85","6,016.60","6,026.75","5,963.20","1,244.19B","-0.22%"
"26-03-2019","5,991.20","5,937.65","5,998.05","5,931.05","1,187.23B","1.11%"
"25-03-2019","5,925.15","5,946.70","5,946.70","5,905.20","1,029.11B","-0.92%"
"22-03-2019","5,979.95","6,027.50","6,041.90","5,970.10","1,324.01B","-0.58%"
"20-03-2019","6,014.95","6,036.25","6,037.00","6,006.80","1,245.59B","-0.17%"
"19-03-2019","6,025.35","6,011.20","6,029.60","5,987.45","1,242.07B","0.59%"
"18-03-2019","5,990.15","5,999.95","6,024.90","5,966.80","1,144.75B","0.23%"
"15-03-2019","5,976.20","5,955.80","6,003.25","5,953.90","1,451.80B","0.63%"
"14-03-2019","5,938.90","5,960.00","5,962.85","5,923.95","1,063.01B","-0.02%"
"13-03-2019","5,940.25","5,944.10","5,951.60","5,915.60","1,108.57B","0.15%"
"12-03-2019","5,931.60","5,905.25","5,944.80","5,903.30","1,198.70B","1.02%"
"11-03-2019","5,871.80","5,806.90","5,876.95","5,803.25","1,183.73B","1.43%"
"08-03-2019","5,788.80","5,790.00","5,796.05","5,771.35","1,155.78B","-0.17%"
"07-03-2019","5,798.75","5,814.80","5,816.95","5,788.50","1,306.64B","-0.05%"
"06-03-2019","5,801.70","5,789.25","5,807.65","5,778.55","1,495.60B","0.61%"
"05-03-2019","5,766.40","5,691.25","5,769.90","5,671.20","1,512.57B","1.37%"
"01-03-2019","5,688.65","5,667.80","5,694.55","5,666.15","1,229.86B","0.82%"
"28-02-2019","5,642.55","5,669.75","5,669.90","5,635.25","1,582.63B","0.04%"
"27-02-2019","5,640.50","5,671.40","5,710.65","5,608.45","1,236.88B","-0.11%"
"26-02-2019","5,646.95","5,612.40","5,674.30","5,580.70","1,244.60B","-0.34%"
"25-02-2019","5,666.20","5,638.60","5,669.85","5,624.80","1,254.18B","0.72%"
"22-02-2019","5,625.45","5,615.20","5,629.70","5,606.25","1,459.41B","0.15%"
"21-02-2019","5,617.25","5,590.20","5,624.70","5,578.65","1,110.78B","0.61%"
"20-02-2019","5,583.15","5,541.55","5,591.75","5,539.85","989.23B","1.22%"
"19-02-2019","5,515.60","5,525.75","5,572.00","5,506.85","925.58B","-0.20%"
"18-02-2019","5,526.65","5,576.15","5,585.20","5,520.85","1,082.65B","-0.80%"
"15-02-2019","5,571.10","5,609.30","5,610.90","5,520.80","1,179.20B","-0.45%"
"14-02-2019","5,596.55","5,603.50","5,612.25","5,577.30","1,457.00B","-0.22%"
"13-02-2019","5,608.95","5,652.50","5,662.65","5,599.35","1,057.18B","-0.42%"
"12-02-2019","5,632.75","5,655.95","5,673.40","5,627.90","990.93B","-0.47%"
"11-02-2019","5,659.15","5,691.80","5,691.80","5,644.85","992.80B","-0.70%"
"08-02-2019","5,699.05","5,747.50","5,754.10","5,690.70","1,337.75B","-1.23%"
"07-02-2019","5,770.15","5,758.95","5,792.20","5,752.80","1,540.16B","0.27%"
"06-02-2019","5,754.85","5,711.90","5,760.70","5,704.75","1,586.50B","1.02%"
"05-02-2019","5,696.80","5,696.20","5,713.85","5,685.75","1,736.18B","-0.01%"
"04-02-2019","5,697.55","5,693.70","5,704.45","5,650.90","1,408.68B","-0.07%"
"01-02-2019","5,701.65","5,679.25","5,748.80","5,656.35","1,194.69B","0.62%"
"31-01-2019","5,666.45","5,606.45","5,669.05","5,595.10","1,436.77B","1.44%"
"30-01-2019","5,585.80","5,607.55","5,611.60","5,563.95","987.67B","0.06%"
"29-01-2019","5,582.70","5,576.90","5,602.25","5,549.15","982.19B","-0.02%"
"28-01-2019","5,583.80","5,661.45","5,662.85","5,566.40","1,138.66B","-1.30%"
"25-01-2019","5,657.60","5,712.60","5,744.30","5,643.60","1,043.40B","-0.83%"
"24-01-2019","5,704.70","5,707.60","5,712.20","5,682.00","791.42B","0.07%"
"23-01-2019","5,700.45","5,746.85","5,754.70","5,691.20","749.63B","-0.73%"
"22-01-2019","5,742.10","5,750.05","5,750.05","5,705.40","813.08B","-0.24%"
"21-01-2019","5,756.05","5,748.15","5,779.10","5,731.65","759.13B","0.26%"
"18-01-2019","5,741.35","5,759.25","5,764.35","5,722.10","755.45B","-0.19%"
"17-01-2019","5,752.45","5,764.00","5,770.00","5,724.35","768.08B","0.06%"
"16-01-2019","5,748.75","5,754.10","5,771.35","5,742.60","713.67B","0.02%"
"15-01-2019","5,747.75","5,698.50","5,752.05","5,698.50","712.68B","1.23%"
"14-01-2019","5,678.10","5,710.90","5,711.20","5,653.35","692.01B","-0.53%"
"11-01-2019","5,708.45","5,729.45","5,737.05","5,681.25","636.14B","-0.25%"
"10-01-2019","5,722.90","5,734.00","5,739.85","5,712.05","686.30B","-0.14%"
"09-01-2019","5,730.95","5,739.20","5,743.15","5,678.80","873.86B","0.36%"
"08-01-2019","5,710.15","5,705.30","5,717.75","5,679.75","769.04B","0.19%"
"07-01-2019","5,699.10","5,720.80","5,733.20","5,687.95","805.52B","0.33%"
"04-01-2019","5,680.50","5,666.15","5,687.85","5,630.60","945.94B","0.49%"
"03-01-2019","5,652.95","5,714.20","5,728.05","5,647.85","765.41B","-1.04%"
"02-01-2019","5,712.10","5,754.55","5,771.10","5,686.70","849.87B","-1.07%"
"01-01-2019","5,773.70","5,766.00","5,779.55","5,726.70","492.65B","0.32%"
"31-12-2018","5,755.35","5,775.55","5,783.05","5,750.35","624.80B","0.12%"
"28-12-2018","5,748.30","5,724.35","5,763.85","5,722.80","775.54B","0.80%"
"27-12-2018","5,702.95","5,723.85","5,729.05","5,697.15","1,215.66B","0.42%"
"26-12-2018","5,679.25","5,634.85","5,689.45","5,574.70","852.33B","0.51%"
"24-12-2018","5,650.60","5,713.50","5,714.30","5,643.80","788.31B","-0.89%"
"21-12-2018","5,701.25","5,801.90","5,813.65","5,693.80","1,034.32B","-1.73%"
"20-12-2018","5,801.35","5,770.45","5,806.40","5,765.70","944.81B","-0.16%"
"19-12-2018","5,810.60","5,784.10","5,818.10","5,783.15","1,119.80B","0.73%"
"18-12-2018","5,768.70","5,736.35","5,772.85","5,724.20","833.32B","0.24%"
"17-12-2018","5,754.70","5,736.25","5,760.55","5,731.10","735.66B","0.74%"
"14-12-2018","5,712.60","5,699.50","5,720.50","5,683.25","1,067.46B","0.17%"
"13-12-2018","5,702.70","5,706.05","5,727.85","5,678.00","1,005.39B","0.58%"
"12-12-2018","5,669.55","5,584.35","5,676.35","5,572.35","982.87B","1.94%"
"11-12-2018","5,561.70","5,443.05","5,570.75","5,437.55","1,086.79B","0.82%"
"10-12-2018","5,516.55","5,527.15","5,548.55","5,510.25","909.00B","-1.93%"
"07-12-2018","5,625.25","5,607.05","5,630.10","5,582.35","980.88B","0.72%"
"06-12-2018","5,584.85","5,644.50","5,645.25","5,579.25","1,017.67B","-1.66%"
"05-12-2018","5,679.25","5,706.95","5,707.20","5,659.95","1,023.01B","-0.95%"
"04-12-2018","5,733.50","5,740.95","5,748.75","5,718.85","1,121.09B","-0.16%"
"03-12-2018","5,742.75","5,761.20","5,765.15","5,724.25","1,293.59B","0.17%"
"30-11-2018","5,732.90","5,733.70","5,750.45","5,710.00","1,358.55B","0.28%"
"29-11-2018","5,716.70","5,694.55","5,726.75","5,680.45","1,527.60B","1.07%"
"28-11-2018","5,655.95","5,657.00","5,676.40","5,649.80","1,085.15B","0.17%"
"27-11-2018","5,646.60","5,617.15","5,651.05","5,606.95","902.77B","0.46%"
"26-11-2018","5,620.80","5,597.75","5,625.70","5,552.85","855.63B","0.80%"
"22-11-2018","5,575.95","5,623.25","5,637.25","5,568.70","780.24B","-0.72%"
"21-11-2018","5,616.30","5,639.10","5,644.10","5,589.05","837.11B","-0.25%"
"20-11-2018","5,630.60","5,676.20","5,680.60","5,623.10","872.20B","-1.02%"
"19-11-2018","5,688.80","5,673.85","5,694.10","5,651.25","868.39B","0.70%"
"16-11-2018","5,649.10","5,635.80","5,659.35","5,621.70","991.48B","0.47%"
"15-11-2018","5,622.45","5,602.80","5,633.35","5,584.55","838.73B","0.40%"
"14-11-2018","5,600.30","5,630.05","5,638.35","5,577.75","1,047.63B","-0.04%"
"13-11-2018","5,602.40","5,543.05","5,608.75","5,532.05","800.51B","0.79%"
"12-11-2018","5,558.40","5,626.90","5,642.95","5,549.75","779.91B","-0.99%"
"09-11-2018","5,614.15","5,617.20","5,628.45","5,585.10","856.60B","0.11%"
"07-11-2018","5,608.15","5,615.35","5,616.50","5,605.70","8.88B","0.66%"
"06-11-2018","5,571.50","5,591.25","5,613.40","5,551.60","824.35B","-0.09%"
"05-11-2018","5,576.40","5,590.00","5,595.60","5,550.65","1,000.10B","-0.22%"
"02-11-2018","5,588.75","5,550.05","5,622.50","5,547.30","1,364.67B","1.51%"
"01-11-2018","5,505.55","5,526.50","5,526.55","5,486.00","1,171.72B","0.13%"
"31-10-2018","5,498.40","5,409.15","5,503.25","5,355.55","1,124.09B","1.84%"
"30-10-2018","5,398.85","5,409.30","5,435.70","5,383.30","1,088.24B","-0.25%"
"29-10-2018","5,412.25","5,314.35","5,421.90","5,283.60","1,111.50B","2.32%"
"26-10-2018","5,289.50","5,327.80","5,340.30","5,262.80","999.99B","-0.72%"
"25-10-2018","5,327.80","5,329.90","5,347.30","5,302.90","1,331.88B","-0.99%"
"24-10-2018","5,380.90","5,402.05","5,409.95","5,327.60","888.42B","0.78%"
"23-10-2018","5,339.05","5,344.65","5,382.55","5,312.70","857.42B","-0.98%"
"22-10-2018","5,392.05","5,476.90","5,478.20","5,381.10","844.52B","-0.64%"
"19-10-2018","5,426.55","5,448.05","5,474.10","5,398.30","1,027.06B","-1.38%"
"17-10-2018","5,502.55","5,640.15","5,651.05","5,494.45","921.32B","-1.47%"
"16-10-2018","5,584.75","5,558.70","5,590.60","5,548.60","833.27B","0.87%"
"15-10-2018","5,536.60","5,540.20","5,543.00","5,484.95","818.64B","0.45%"
"12-10-2018","5,511.75","5,437.75","5,523.35","5,433.65","1,049.06B","2.36%"
"11-10-2018","5,384.55","5,344.90","5,444.10","5,330.05","1,160.30B","-2.14%"
"10-10-2018","5,502.50","5,409.90","5,512.50","5,408.40","1,125.39B","2.03%"
"09-10-2018","5,393.00","5,438.80","5,445.30","5,366.90","1,107.59B","-0.46%"
"08-10-2018","5,417.90","5,413.75","5,457.30","5,340.25","1,235.36B","-0.06%"
"05-10-2018","5,421.00","5,525.90","5,540.10","5,392.90","1,305.89B","-2.63%"
"04-10-2018","5,567.45","5,636.95","5,637.50","5,541.85","1,170.98B","-2.25%"
"03-10-2018","5,695.65","5,758.85","5,761.50","5,686.75","1,159.81B","-1.33%"
"01-10-2018","5,772.30","5,731.45","5,785.45","5,662.95","1,151.48B","0.65%"
"28-09-2018","5,735.05","5,794.70","5,807.90","5,688.40","1,344.00B","-0.71%"
"27-09-2018","5,776.20","5,845.75","5,849.20","5,766.00","1,187.36B","-0.99%"
"26-09-2018","5,834.15","5,877.65","5,877.65","5,802.65","1,112.96B","-0.03%"
"25-09-2018","5,835.75","5,786.70","5,844.70","5,734.15","1,355.69B","0.82%"
"24-09-2018","5,788.45","5,911.65","5,914.45","5,776.50","1,194.45B","-1.89%"
"21-09-2018","5,899.70","5,992.00","6,024.70","5,721.85","1,957.23B","-1.16%"
"19-09-2018","5,968.75","6,022.15","6,025.70","5,952.05","931.14B","-0.46%"
"18-09-2018","5,996.55","6,058.85","6,076.55","5,990.95","1,032.79B","-1.00%"
"17-09-2018","6,057.20","6,097.80","6,097.80","6,051.75","806.07B","-1.09%"
"14-09-2018","6,123.80","6,079.30","6,127.70","6,078.25","772.53B","1.40%"
"12-09-2018","6,039.35","6,023.80","6,046.35","5,971.40","929.29B","0.65%"
"11-09-2018","6,000.35","6,104.15","6,106.30","5,993.40","901.24B","-1.38%"
"10-09-2018","6,084.55","6,162.35","6,167.05","6,078.20","864.28B","-1.41%"
"07-09-2018","6,171.30","6,143.75","6,178.05","6,107.45","929.45B","0.64%"
"06-09-2018","6,132.30","6,123.00","6,144.15","6,078.15","936.67B","0.53%"
"05-09-2018","6,099.80","6,119.20","6,133.80","6,046.20","1,124.54B","-0.41%"
"04-09-2018","6,124.75","6,200.25","6,203.25","6,110.70","964.59B","-1.11%"
"03-09-2018","6,193.35","6,277.35","6,277.35","6,184.95","924.18B","-0.76%"
"31-08-2018","6,240.55","6,233.60","6,264.65","6,216.20","1,130.42B","0.13%"
"30-08-2018","6,232.50","6,237.15","6,240.30","6,214.05","1,119.13B","-0.04%"
"29-08-2018","6,234.95","6,249.75","6,260.65","6,228.80","1,047.42B","-0.15%"
"28-08-2018","6,244.40","6,248.20","6,262.70","6,231.75","871.63B","0.25%"
"27-08-2018","6,228.70","6,186.10","6,233.70","6,181.75","769.44B","1.13%"
"24-08-2018","6,159.10","6,164.60","6,184.00","6,140.70","924.73B","-0.22%"
"23-08-2018","6,172.75","6,189.50","6,189.50","6,150.00","816.43B","0.12%"
"21-08-2018","6,165.25","6,167.20","6,169.65","6,147.05","792.81B","0.20%"
"20-08-2018","6,152.95","6,124.50","6,157.00","6,123.05","907.26B","0.78%"
"17-08-2018","6,105.50","6,079.80","6,110.25","6,077.85","955.20B","0.89%"
"16-08-2018","6,051.65","6,057.75","6,086.75","6,039.65","1,015.66B","-0.43%"
"14-08-2018","6,077.75","6,047.40","6,080.65","6,042.85","882.66B","0.74%"
"13-08-2018","6,033.20","6,043.50","6,063.65","6,025.05","1,000.36B","-0.70%"
"10-08-2018","6,075.70","6,105.70","6,106.70","6,069.75","1,072.55B","-0.43%"
"09-08-2018","6,101.80","6,109.20","6,110.00","6,090.10","1,271.23B","0.24%"
"08-08-2018","6,087.10","6,073.15","6,091.45","6,054.75","1,043.12B","0.42%"
"07-08-2018","6,061.45","6,082.00","6,084.60","6,043.30","1,083.64B","-0.02%"
"06-08-2018","6,062.95","6,070.15","6,083.20","6,055.35","907.08B","0.25%"
"03-08-2018","6,048.05","6,016.40","6,051.45","6,015.35","1,033.30B","0.98%"
"02-08-2018","5,989.25","6,023.95","6,023.95","5,983.65","914.99B","-0.70%"
"01-08-2018","6,031.45","6,037.75","6,052.45","6,011.75","1,105.31B","-0.01%"
"31-07-2018","6,032.30","6,008.30","6,036.90","5,987.55","1,048.16B","0.34%"
"30-07-2018","6,011.60","5,998.25","6,015.30","5,977.35","1,049.87B","0.41%"
"27-07-2018","5,986.85","5,962.20","5,989.60","5,954.40","1,025.49B","0.96%"
"26-07-2018","5,929.70","5,908.10","5,939.75","5,906.85","1,330.00B","0.42%"
"25-07-2018","5,904.70","5,915.25","5,920.45","5,894.40","1,058.12B","-0.02%"
"24-07-2018","5,906.10","5,872.75","5,908.85","5,871.00","1,127.66B","0.80%"
"23-07-2018","5,859.35","5,818.50","5,863.20","5,814.65","942.08B","0.85%"
"20-07-2018","5,810.10","5,780.00","5,817.55","5,768.25","826.99B","0.55%"
"19-07-2018","5,778.50","5,806.10","5,808.25","5,762.30","935.04B","-0.31%"
"18-07-2018","5,796.50","5,850.05","5,857.45","5,780.45","1,036.00B","-0.45%"
"17-07-2018","5,822.75","5,772.10","5,827.10","5,761.90","1,037.95B","0.90%"
"16-07-2018","5,770.70","5,838.25","5,838.30","5,765.00","857.21B","-1.15%"
"13-07-2018","5,837.55","5,867.65","5,870.15","5,828.45","855.29B","-0.22%"
"12-07-2018","5,850.60","5,855.60","5,888.05","5,845.55","865.77B","0.44%"
"11-07-2018","5,824.90","5,836.65","5,847.30","5,818.45","884.76B","-0.15%"
"10-07-2018","5,833.75","5,809.75","5,837.85","5,798.65","690.42B","0.87%"
"09-07-2018","5,783.40","5,769.35","5,785.70","5,755.70","635.60B","0.85%"
"06-07-2018","5,734.75","5,714.05","5,759.50","5,709.00","745.36B","0.29%"
"05-07-2018","5,718.15","5,742.50","5,742.50","5,709.25","664.10B","-0.28%"
"04-07-2018","5,734.10","5,712.05","5,738.35","5,689.40","648.43B","0.49%"
"03-07-2018","5,706.20","5,683.30","5,711.10","5,661.90","688.80B","0.47%"
"02-07-2018","5,679.70","5,725.60","5,726.55","5,649.55","882.73B","-0.59%"
"29-06-2018","5,713.20","5,654.00","5,716.65","5,653.75","836.47B","1.35%"
"28-06-2018","5,637.20","5,685.45","5,691.95","5,624.05","1,303.49B","-0.96%"
"27-06-2018","5,691.85","5,760.75","5,760.75","5,681.95","860.40B","-1.04%"
"26-06-2018","5,751.45","5,737.80","5,770.00","5,732.85","739.94B","0.05%"
"25-06-2018","5,748.80","5,787.10","5,793.05","5,743.25","685.43B","-0.65%"
"22-06-2018","5,786.55","5,747.40","5,793.65","5,725.20","686.34B","0.69%"
"21-06-2018","5,746.75","5,786.35","5,787.50","5,739.35","630.90B","-0.36%"
"20-06-2018","5,767.25","5,751.80","5,773.30","5,742.85","654.27B","0.49%"
"19-06-2018","5,738.95","5,781.35","5,781.35","5,733.70","711.46B","-0.87%"
"18-06-2018","5,789.15","5,807.20","5,809.40","5,783.75","610.47B","-0.23%"
"15-06-2018","5,802.30","5,808.70","5,820.95","5,774.35","874.27B","-0.11%"
"14-06-2018","5,808.55","5,819.05","5,819.15","5,787.35","674.45B","-0.35%"
"13-06-2018","5,829.05","5,849.60","5,851.30","5,825.95","829.77B","0.03%"
"12-06-2018","5,827.30","5,807.50","5,833.40","5,795.85","733.38B","0.58%"
"11-06-2018","5,793.60","5,795.40","5,827.70","5,788.40","764.28B","0.14%"
"08-06-2018","5,785.60","5,762.35","5,791.05","5,750.50","750.65B","0.11%"
"07-06-2018","5,779.10","5,748.00","5,797.95","5,747.25","924.60B","0.94%"
"06-06-2018","5,725.15","5,672.00","5,730.80","5,662.90","954.72B","1.01%"
"05-06-2018","5,667.70","5,699.95","5,701.05","5,643.55","953.07B","-0.53%"
"04-06-2018","5,698.10","5,774.35","5,776.25","5,692.65","784.07B","-0.72%"
"01-06-2018","5,739.65","5,773.95","5,786.15","5,733.00","1,103.16B","-0.57%"
"31-05-2018","5,772.75","5,756.35","5,784.80","5,725.10","1,971.78B","0.77%"
"30-05-2018","5,728.55","5,707.50","5,745.90","5,700.20","1,094.49B","-0.18%"
"29-05-2018","5,738.80","5,764.95","5,781.80","5,726.30","925.13B","-0.44%"
"28-05-2018","5,764.30","5,734.65","5,772.85","5,731.20","873.91B","0.97%"
"25-05-2018","5,708.85","5,657.90","5,719.25","5,652.30","814.46B","1.11%"
"24-05-2018","5,646.45","5,632.25","5,657.05","5,600.50","799.32B","0.57%"
"23-05-2018","5,614.35","5,658.35","5,666.85","5,607.50","884.62B","-0.90%"
"22-05-2018","5,665.35","5,646.75","5,671.40","5,628.30","1,052.76B","0.34%"
"21-05-2018","5,646.10","5,708.85","5,711.40","5,640.45","937.16B","-0.96%"
"18-05-2018","5,700.90","5,751.50","5,752.40","5,695.00","1,502.33B","-0.96%"
"17-05-2018","5,755.95","5,795.70","5,796.20","5,746.80","1,250.34B","-0.36%"
"16-05-2018","5,777.00","5,776.65","5,801.80","5,746.85","1,001.28B","-0.44%"
"15-05-2018","5,802.70","5,814.50","5,877.75","5,787.45","945.93B","-0.20%"
"14-05-2018","5,814.15","5,830.75","5,837.10","5,801.40","746.23B","-0.21%"
"11-05-2018","5,826.50","5,801.75","5,829.40","5,784.75","835.57B","0.68%"
"10-05-2018","5,787.00","5,834.70","5,837.90","5,781.10","835.48B","-0.53%"
"09-05-2018","5,818.10","5,803.80","5,833.00","5,802.60","678.09B","0.03%"
"08-05-2018","5,816.20","5,839.35","5,839.75","5,802.80","897.69B","-0.04%"
"07-05-2018","5,818.60","5,787.65","5,822.60","5,776.45","732.85B","0.88%"
"04-05-2018","5,767.95","5,809.05","5,809.05","5,760.50","833.86B","-0.55%"
"03-05-2018","5,799.60","5,831.60","5,831.70","5,779.50","867.26B","-0.57%"
"02-05-2018","5,832.65","5,884.70","5,884.80","5,815.90","932.69B","-0.51%"
"30-04-2018","5,862.35","5,842.90","5,869.35","5,842.40","710.90B","0.51%"
"27-04-2018","5,832.70","5,812.40","5,847.20","5,810.70","809.65B","0.69%"
"26-04-2018","5,792.75","5,783.75","5,797.95","5,765.65","1,036.31B","0.35%"
"25-04-2018","5,772.50","5,792.95","5,796.50","5,754.05","710.73B","-0.38%"
"24-04-2018","5,794.70","5,781.15","5,803.65","5,772.45","792.10B","0.22%"
"23-04-2018","5,781.85","5,778.70","5,805.95","5,748.65","624.54B","0.28%"
"20-04-2018","5,765.95","5,767.05","5,773.75","5,745.55","762.83B","-0.11%"
"19-04-2018","5,772.15","5,767.15","5,775.15","5,757.10","768.97B","0.46%"
"18-04-2018","5,745.95","5,773.75","5,779.65","5,735.75","719.15B","-0.18%"
"17-04-2018","5,756.55","5,762.75","5,763.00","5,729.10","643.43B","0.18%"
"16-04-2018","5,745.95","5,677.25","5,750.60","5,675.85","654.73B","0.50%"
"13-04-2018","5,717.30","5,723.45","5,739.55","5,700.00","701.64B","0.22%"
"12-04-2018","5,704.70","5,687.80","5,713.15","5,678.10","766.35B","0.23%"
"11-04-2018","5,691.35","5,698.05","5,698.05","5,658.90","752.02B","0.13%"
"10-04-2018","5,684.05","5,694.15","5,699.80","5,671.95","781.11B","0.17%"
"09-04-2018","5,674.55","5,654.90","5,684.10","5,652.65","751.38B","0.39%"
"06-04-2018","5,652.35","5,637.70","5,659.95","5,619.00","948.82B","0.26%"
"05-04-2018","5,637.60","5,587.60","5,640.85","5,587.15","949.20B","1.93%"
"04-04-2018","5,530.65","5,611.20","5,618.45","5,522.55","926.79B","-1.14%"
"03-04-2018","5,594.15","5,554.35","5,599.30","5,548.30","744.04B","0.51%"
"02-04-2018","5,565.90","5,521.90","5,570.30","5,510.70","638.78B","1.21%"
"28-03-2018","5,499.35","5,516.70","5,526.35","5,491.30","1,252.00B","-0.74%"
"27-03-2018","5,540.15","5,535.60","5,551.50","5,515.10","849.92B","0.67%"
"26-03-2018","5,503.40","5,426.15","5,510.20","5,410.65","907.82B","1.35%"
"23-03-2018","5,430.10","5,408.65","5,440.25","5,397.65","944.02B","-1.13%"
"22-03-2018","5,491.90","5,522.95","5,543.30","5,487.60","790.47B","-0.44%"
"21-03-2018","5,516.10","5,529.00","5,555.85","5,504.40","791.64B","0.33%"
"20-03-2018","5,497.95","5,454.80","5,513.10","5,453.20","779.18B","0.34%"
"19-03-2018","5,479.40","5,555.70","5,559.65","5,469.65","826.12B","-1.15%"
"16-03-2018","5,543.15","5,617.95","5,618.40","5,535.20","1,107.93B","-1.44%"
"15-03-2018","5,623.95","5,640.05","5,654.70","5,616.60","817.96B","-0.31%"
"14-03-2018","5,641.45","5,624.25","5,645.90","5,602.10","923.32B","-0.04%"
"13-03-2018","5,643.80","5,613.40","5,667.35","5,609.20","1,073.22B","0.31%"
"12-03-2018","5,626.55","5,577.30","5,632.20","5,569.50","854.39B","1.63%"
"09-03-2018","5,536.05","5,562.90","5,575.65","5,527.50","818.57B","-0.15%"
"08-03-2018","5,544.25","5,538.60","5,558.20","5,484.80","969.10B","0.74%"
"07-03-2018","5,503.75","5,552.90","5,558.30","5,496.30","1,030.52B","-1.04%"
"06-03-2018","5,561.55","5,654.65","5,668.40","5,544.80","905.53B","-1.05%"
"05-03-2018","5,620.45","5,659.90","5,659.95","5,600.45","887.36B","-0.97%"
"01-03-2018","5,675.75","5,693.55","5,720.15","5,669.35","811.99B","-0.42%"
"28-02-2018","5,699.50","5,691.60","5,719.40","5,674.75","1,114.53B","-0.49%"
"27-02-2018","5,727.70","5,762.80","5,771.80","5,719.20","887.35B","-0.31%"
"26-02-2018","5,745.75","5,717.60","5,749.75","5,712.90","836.16B","0.89%"
"23-02-2018","5,695.30","5,642.65","5,699.65","5,636.65","836.51B","1.22%"
"22-02-2018","5,626.55","5,621.40","5,638.55","5,612.65","1,028.16B","-0.29%"
"21-02-2018","5,643.10","5,663.90","5,664.05","5,618.15","764.88B","0.23%"
"20-02-2018","5,630.40","5,641.95","5,664.85","5,620.85","877.85B","-0.09%"
"19-02-2018","5,635.70","5,700.20","5,700.40","5,593.35","902.36B","-0.80%"
"16-02-2018","5,681.40","5,762.80","5,772.65","5,668.60","917.09B","-0.94%"
"15-02-2018","5,735.15","5,750.50","5,780.00","5,716.25","901.18B","0.08%"
"14-02-2018","5,730.45","5,774.65","5,776.05","5,708.40","942.93B","-0.27%"
"12-02-2018","5,745.90","5,728.70","5,754.45","5,714.45","842.09B","0.98%"
"09-02-2018","5,690.25","5,648.00","5,703.80","5,640.65","845.68B","-0.89%"
"08-02-2018","5,741.35","5,697.75","5,769.80","5,680.80","816.73B","1.17%"
"07-02-2018","5,675.05","5,740.20","5,744.35","5,659.55","855.93B","-0.01%"
"06-02-2018","5,675.75","5,551.95","5,724.50","5,542.25","1,010.24B","-1.59%"
"05-02-2018","5,767.40","5,720.35","5,783.20","5,703.80","979.81B","-0.73%"
"02-02-2018","5,809.95","5,922.25","5,927.35","5,797.80","1,272.10B","-2.68%"
"01-02-2018","5,970.25","5,990.00","6,020.35","5,887.10","974.98B","-0.15%"
"31-01-2018","5,979.20","5,989.05","6,006.40","5,949.10","890.24B","-0.43%"
"30-01-2018","6,005.10","6,042.45","6,042.45","5,995.65","972.45B","-0.71%"
"29-01-2018","6,048.00","6,042.15","6,074.60","6,037.65","788.14B","0.26%"
"25-01-2018","6,032.55","6,063.50","6,063.75","6,011.75","1,229.79B","-0.40%"
"24-01-2018","6,056.65","6,059.25","6,078.75","6,037.65","930.29B","-0.18%"
"23-01-2018","6,067.30","6,024.00","6,071.45","6,022.75","1,066.81B","1.01%"
"22-01-2018","6,006.55","5,963.80","6,010.65","5,958.35","702.57B","0.68%"
"19-01-2018","5,966.20","5,927.45","5,973.15","5,907.05","828.66B","0.77%"
"18-01-2018","5,920.80","5,979.55","5,985.50","5,895.60","1,163.46B","-0.23%"
"17-01-2018","5,934.55","5,887.35","5,941.15","5,848.20","1,127.29B","0.81%"
"16-01-2018","5,887.05","5,942.85","5,943.05","5,877.55","1,043.64B","-0.75%"
"15-01-2018","5,931.60","5,930.15","5,958.35","5,926.25","779.36B","0.38%"
"12-01-2018","5,909.20","5,916.40","5,921.25","5,859.50","877.13B","0.18%"
"11-01-2018","5,898.30","5,890.20","5,907.80","5,876.10","779.18B","0.17%"
"10-01-2018","5,888.00","5,904.00","5,905.40","5,867.15","916.34B","-0.13%"
"09-01-2018","5,895.55","5,907.20","5,913.00","5,875.50","915.50B","0.02%"
"08-01-2018","5,894.65","5,873.95","5,898.70","5,872.85","923.94B","0.67%"
"05-01-2018","5,855.30","5,834.00","5,857.60","5,829.05","1,229.44B","0.68%"
"04-01-2018","5,815.70","5,792.15","5,819.80","5,775.35","1,187.42B","0.68%"
"03-01-2018","5,776.30","5,788.90","5,805.35","5,767.65","932.53B","0.17%"
"02-01-2018","5,766.70","5,796.00","5,804.65","5,741.65","1,135.78B","-0.11%"
"01-01-2018","5,772.85","5,817.90","5,825.30","5,765.25","1,161.37B","-0.71%"
"29-12-2017","5,814.10","5,792.80","5,817.90","5,791.30","1,471.91B","0.56%"
"28-12-2017","5,781.60","5,791.35","5,810.50","5,774.70","1,727.92B","-0.06%"
"27-12-2017","5,785.30","5,808.15","5,819.05","5,770.60","1,442.86B","-0.34%"
"26-12-2017","5,805.05","5,793.75","5,810.05","5,779.20","1,104.87B","0.39%"
"22-12-2017","5,782.30","5,767.65","5,786.35","5,763.10","880.19B","0.45%"
"21-12-2017","5,756.15","5,763.20","5,765.45","5,744.75","1,135.92B","0.16%"
"20-12-2017","5,746.80","5,764.85","5,769.20","5,740.00","951.33B","-0.05%"
"19-12-2017","5,749.45","5,715.30","5,753.85","5,712.00","615.30B","0.90%"
"18-12-2017","5,698.35","5,628.25","5,727.70","5,527.40","741.75B","0.61%"
"15-12-2017","5,663.60","5,667.60","5,682.85","5,657.65","626.59B","0.84%"
"14-12-2017","5,616.30","5,611.95","5,627.60","5,558.85","583.42B","0.44%"
"13-12-2017","5,591.55","5,623.80","5,650.75","5,577.60","570.86B","-0.59%"
"12-12-2017","5,624.95","5,673.40","5,673.75","5,620.10","535.84B","-0.82%"
"11-12-2017","5,671.40","5,668.15","5,674.45","5,652.05","465.96B","0.50%"
"08-12-2017","5,643.45","5,610.15","5,647.40","5,609.30","651.04B","0.95%"
"07-12-2017","5,590.40","5,529.30","5,597.80","5,529.20","571.74B","1.29%"
"06-12-2017","5,519.10","5,548.45","5,556.80","5,515.00","586.98B","-0.79%"
"05-12-2017","5,562.85","5,559.60","5,575.05","5,526.60","590.28B","-0.02%"
"04-12-2017","5,564.20","5,590.50","5,593.20","5,541.00","574.57B","0.04%"
"01-12-2017","5,561.80","5,640.95","5,650.20","5,553.15","662.95B","-1.02%"
"30-11-2017","5,618.85","5,667.20","5,667.35","5,611.55","1,118.88B","-1.13%"
"29-11-2017","5,682.80","5,694.30","5,703.65","5,674.50","617.69B","-0.10%"
"28-11-2017","5,688.70","5,696.15","5,708.80","5,677.40","761.13B","-0.18%"
"27-11-2017","5,699.20","5,675.50","5,702.75","5,666.20","711.53B","0.19%"
"24-11-2017","5,688.30","5,674.70","5,692.70","5,670.95","622.84B","0.44%"
"23-11-2017","5,663.40","5,668.90","5,675.40","5,637.35","595.41B","0.07%"
"22-11-2017","5,659.45","5,668.70","5,674.20","5,638.80","639.89B","0.10%"
"21-11-2017","5,653.75","5,657.90","5,671.75","5,642.70","830.08B","0.24%"
"20-11-2017","5,640.35","5,630.70","5,645.25","5,617.35","624.93B","0.22%"
"17-11-2017","5,628.05","5,644.05","5,657.70","5,620.15","767.10B","0.80%"
"16-11-2017","5,583.65","5,547.10","5,592.50","5,539.75","823.44B","1.01%"
"15-11-2017","5,528.05","5,564.55","5,566.90","5,513.05","842.71B","-0.79%"
"14-11-2017","5,572.25","5,592.45","5,605.35","5,566.20","767.78B","-0.34%"
"13-11-2017","5,591.00","5,640.55","5,645.45","5,586.60","731.96B","-0.82%"
"10-11-2017","5,637.15","5,630.05","5,650.20","5,602.15","755.25B","0.08%"
"09-11-2017","5,632.70","5,648.40","5,656.45","5,597.90","703.27B","0.29%"
"08-11-2017","5,616.25","5,655.45","5,666.05","5,604.20","758.65B","-0.55%"
"07-11-2017","5,647.50","5,727.05","5,730.90","5,637.85","889.32B","-1.09%"
"06-11-2017","5,709.85","5,697.40","5,730.65","5,690.65","737.21B","0.12%"
"03-11-2017","5,702.95","5,710.20","5,710.20","5,677.35","879.16B","0.23%"
"02-11-2017","5,690.00","5,695.10","5,706.35","5,679.35","736.96B","-0.03%"
"01-11-2017","5,691.45","5,670.35","5,699.70","5,667.95","902.95B","0.93%"
"31-10-2017","5,639.15","5,654.20","5,655.30","5,627.05","957.46B","-0.19%"
"30-10-2017","5,649.75","5,634.20","5,658.25","5,630.40","778.80B","0.61%"
"27-10-2017","5,615.30","5,630.75","5,635.25","5,609.15","911.03B","-0.05%"
"26-10-2017","5,618.25","5,593.35","5,623.80","5,581.55","1,410.10B","0.45%"
"25-10-2017","5,593.25","5,604.20","5,613.25","5,561.50","1,609.99B","0.88%"
"24-10-2017","5,544.60","5,552.45","5,560.80","5,531.70","633.38B","0.19%"
"23-10-2017","5,534.15","5,525.80","5,549.20","5,501.65","686.09B","0.42%"
"19-10-2017","5,511.00","5,547.35","5,548.30","5,496.95","119.45B","-0.60%"
"18-10-2017","5,544.15","5,547.95","5,557.05","5,525.30","610.63B","-0.22%"
"17-10-2017","5,556.25","5,549.05","5,562.95","5,539.15","602.77B","0.15%"
"16-10-2017","5,548.00","5,538.15","5,555.85","5,517.50","607.97B","0.58%"
"13-10-2017","5,516.15","5,502.90","5,527.95","5,500.95","615.50B","0.54%"
"12-10-2017","5,486.75","5,440.95","5,490.70","5,419.55","597.25B","1.13%"
"11-10-2017","5,425.55","5,466.95","5,480.15","5,406.35","670.28B","-0.46%"
"10-10-2017","5,450.45","5,444.45","5,458.10","5,439.85","542.18B","0.40%"
"09-10-2017","5,428.90","5,430.55","5,446.25","5,414.95","500.14B","0.10%"
"06-10-2017","5,423.70","5,387.35","5,427.80","5,386.70","549.88B","0.92%"
"05-10-2017","5,374.10","5,387.80","5,400.95","5,369.90","497.34B","-0.09%"
"04-10-2017","5,379.05","5,367.90","5,391.65","5,349.55","486.60B","0.49%"
"03-10-2017","5,352.95","5,368.90","5,370.30","5,339.25","565.16B","0.76%"
"29-09-2017","5,312.70","5,316.95","5,347.95","5,304.50","582.26B","0.39%"
"28-09-2017","5,292.05","5,276.50","5,302.40","5,244.05","927.90B","0.37%"
"27-09-2017","5,272.35","5,381.70","5,381.70","5,260.95","583.05B","-1.53%"
"26-09-2017","5,354.05","5,348.30","5,367.80","5,316.25","530.47B","0.13%"
"25-09-2017","5,346.90","5,403.55","5,403.55","5,313.40","651.03B","-1.06%"
"22-09-2017","5,404.45","5,491.20","5,491.45","5,397.30","654.03B","-1.86%"
"21-09-2017","5,506.75","5,523.30","5,533.10","5,467.55","627.24B","-0.28%"
"20-09-2017","5,522.20","5,539.20","5,543.45","5,518.65","560.75B","-0.13%"
"19-09-2017","5,529.15","5,541.40","5,543.10","5,517.50","541.56B","0.00%"
"18-09-2017","5,529.05","5,521.40","5,539.35","5,520.65","485.04B","0.65%"
"15-09-2017","5,493.60","5,479.55","5,506.80","5,465.10","724.85B","0.02%"
"14-09-2017","5,492.75","5,498.55","5,513.25","5,480.75","651.65B","0.20%"
"13-09-2017","5,481.80","5,499.25","5,518.15","5,473.10","777.86B","-0.22%"
"12-09-2017","5,493.75","5,471.80","5,496.05","5,458.00","587.24B","0.90%"
"11-09-2017","5,444.65","5,428.90","5,457.05","5,424.20","551.78B","0.72%"
"08-09-2017","5,405.55","5,426.95","5,430.10","5,392.95","543.52B","-0.08%"
"07-09-2017","5,409.80","5,416.05","5,427.15","5,402.90","533.02B","0.26%"
"06-09-2017","5,396.00","5,379.45","5,404.70","5,369.75","520.19B","-0.21%"
"05-09-2017","5,407.60","5,394.00","5,412.50","5,377.60","482.17B","0.51%"
"04-09-2017","5,380.30","5,419.35","5,420.80","5,344.45","583.31B","-0.62%"
"01-09-2017","5,413.90","5,390.90","5,418.80","5,379.20","591.34B","0.68%"
"31-08-2017","5,377.60","5,373.00","5,381.00","5,348.50","919.32B","0.30%"
"30-08-2017","5,361.25","5,340.70","5,371.60","5,338.85","515.53B","1.06%"
"29-08-2017","5,305.20","5,354.00","5,354.15","5,298.15","553.18B","-1.15%"
"28-08-2017","5,367.10","5,354.80","5,373.50","5,345.50","553.10B","0.70%"
"24-08-2017","5,329.70","5,335.05","5,340.25","5,319.65","502.64B","0.19%"
"23-08-2017","5,319.70","5,291.15","5,322.55","5,281.00","504.05B","0.98%"
"22-08-2017","5,268.05","5,304.15","5,314.10","5,261.20","602.43B","-0.09%"
"21-08-2017","5,272.55","5,340.75","5,351.10","5,264.65","529.72B","-1.00%"
"18-08-2017","5,325.90","5,333.40","5,333.40","5,293.25","655.15B","-0.57%"
"17-08-2017","5,356.25","5,378.75","5,382.10","5,345.85","669.87B","0.04%"
"16-08-2017","5,354.30","5,316.40","5,357.85","5,286.15","662.48B","1.10%"
"14-08-2017","5,296.25","5,260.35","5,307.80","5,258.95","704.47B","1.26%"
"11-08-2017","5,230.40","5,215.90","5,269.70","5,205.95","802.48B","-0.90%"
"10-08-2017","5,277.90","5,332.80","5,337.25","5,244.05","763.74B","-1.42%"
"09-08-2017","5,353.95","5,396.45","5,399.25","5,344.05","577.22B","-0.98%"
"08-08-2017","5,406.95","5,462.05","5,468.65","5,385.90","636.71B","-0.86%"
"07-08-2017","5,454.05","5,448.15","5,464.70","5,443.30","482.27B","0.25%"
"04-08-2017","5,440.60","5,404.00","5,446.30","5,393.45","605.12B","0.60%"
"03-08-2017","5,408.35","5,442.60","5,442.60","5,399.10","667.46B","-0.61%"
"02-08-2017","5,441.70","5,469.95","5,470.85","5,428.45","518.33B","-0.30%"
"01-08-2017","5,458.10","5,457.05","5,463.75","5,439.70","511.35B","0.26%"
"31-07-2017","5,443.95","5,425.55","5,448.15","5,417.10","653.98B","0.57%"
"28-07-2017","5,413.25","5,394.30","5,418.80","5,377.25","760.89B","0.11%"
"27-07-2017","5,407.55","5,434.60","5,458.60","5,399.75","1,061.00B","-0.10%"
"26-07-2017","5,413.05","5,398.05","5,415.70","5,390.70","728.99B","0.46%"
"25-07-2017","5,388.05","5,404.15","5,404.55","5,377.65","607.69B","0.09%"
"24-07-2017","5,383.30","5,371.35","5,392.55","5,363.25","611.69B","0.42%"
"21-07-2017","5,360.60","5,357.05","5,366.55","5,317.50","668.06B","0.32%"
"20-07-2017","5,343.40","5,367.35","5,368.55","5,338.45","509.18B","-0.27%"
"19-07-2017","5,357.85","5,330.80","5,360.05","5,328.75","586.16B","0.83%"
"18-07-2017","5,313.55","5,321.45","5,346.40","5,304.55","700.30B","-0.82%"
"17-07-2017","5,357.50","5,356.75","5,363.45","5,344.20","487.86B","0.24%"
"14-07-2017","5,344.55","5,357.45","5,357.45","5,319.70","573.90B","-0.03%"
"13-07-2017","5,346.00","5,328.15","5,347.85","5,327.35","544.92B","0.74%"
"12-07-2017","5,306.75","5,294.35","5,310.95","5,286.70","566.01B","0.46%"
"11-07-2017","5,282.65","5,300.95","5,313.05","5,279.10","642.65B","-0.08%"
"10-07-2017","5,286.85","5,261.40","5,291.35","5,225.05","152.57B","0.99%"
"07-07-2017","5,235.20","5,236.45","5,244.25","5,221.80","515.65B","-0.05%"
"06-07-2017","5,238.00","5,230.25","5,252.75","5,225.30","579.31B","0.36%"
"05-07-2017","5,219.15","5,201.30","5,222.50","5,196.30","536.18B","0.43%"
"04-07-2017","5,196.70","5,217.00","5,221.50","5,187.25","514.98B","-0.07%"
"03-07-2017","5,200.30","5,179.50","5,204.80","5,158.75","539.34B","1.01%"
"30-06-2017","5,148.50","5,117.50","5,156.15","5,100.40","586.85B","0.35%"
"29-06-2017","5,130.40","5,138.45","5,165.25","5,125.10","952.44B","0.19%"
"28-06-2017","5,120.90","5,126.75","5,135.05","5,103.50","582.56B","-0.09%"
"27-06-2017","5,125.40","5,173.90","5,180.65","5,102.00","619.80B","-0.74%"
"23-06-2017","5,163.60","5,210.60","5,212.45","5,151.95","603.52B","-0.77%"
"22-06-2017","5,203.60","5,220.60","5,246.65","5,196.25","611.27B","-0.20%"
"21-06-2017","5,213.90","5,219.75","5,221.05","5,201.10","573.26B","-0.15%"
"20-06-2017","5,221.75","5,230.35","5,235.35","5,216.05","494.35B","0.00%"
"19-06-2017","5,221.85","5,214.55","5,231.10","5,204.85","411.73B","0.54%"
"16-06-2017","5,193.60","5,197.70","5,211.90","5,181.75","624.85B","0.11%"
"15-06-2017","5,187.75","5,201.75","5,205.20","5,177.50","608.65B","-0.28%"
"14-06-2017","5,202.35","5,204.40","5,207.00","5,178.35","634.85B","0.11%"
"13-06-2017","5,196.55","5,202.10","5,222.05","5,189.55","591.74B","-0.05%"
"12-06-2017","5,199.05","5,217.30","5,217.40","5,188.25","551.24B","-0.53%"
"09-06-2017","5,226.95","5,210.75","5,230.70","5,193.15","500.62B","0.26%"
"08-06-2017","5,213.35","5,228.40","5,231.70","5,206.70","505.77B","-0.05%"
"07-06-2017","5,216.10","5,211.95","5,223.55","5,196.85","560.82B","0.37%"
"06-06-2017","5,197.10","5,234.80","5,236.90","5,190.00","538.91B","-0.45%"
"05-06-2017","5,220.80","5,210.00","5,229.50","5,201.30","580.37B","0.33%"
"02-06-2017","5,203.75","5,202.70","5,210.90","5,191.55","873.62B","0.45%"
"01-06-2017","5,180.20","5,168.85","5,186.05","5,162.65","633.75B","0.11%"
"31-05-2017","5,174.60","5,175.65","5,187.20","5,164.95","1,173.48B","0.16%"
"30-05-2017","5,166.25","5,138.90","5,170.55","5,126.75","811.11B","0.36%"
"29-05-2017","5,147.95","5,148.95","5,174.40","5,123.60","739.51B","-0.26%"
"26-05-2017","5,161.15","5,105.35","5,164.15","5,099.50","672.87B","1.14%"
"25-05-2017","5,103.05","5,041.70","5,108.10","5,034.35","939.01B","1.52%"
"24-05-2017","5,026.65","5,066.90","5,075.65","5,014.55","782.50B","-0.55%"
"23-05-2017","5,054.50","5,100.50","5,100.85","5,035.60","775.65B","-0.82%"
"22-05-2017","5,096.45","5,134.30","5,145.35","5,090.90","685.22B","-0.16%"
"19-05-2017","5,104.85","5,137.65","5,157.25","5,078.50","731.38B","-0.16%"
"18-05-2017","5,113.25","5,144.50","5,162.50","5,106.70","634.13B","-1.36%"
"17-05-2017","5,183.50","5,185.70","5,188.25","5,167.20","588.30B","-0.01%"
"16-05-2017","5,183.80","5,163.95","5,185.50","5,158.70","622.24B","0.57%"
"15-05-2017","5,154.35","5,142.75","5,156.10","5,137.50","619.67B","0.58%"
"12-05-2017","5,124.45","5,149.35","5,149.65","5,106.80","524.55B","-0.35%"
"11-05-2017","5,142.45","5,155.70","5,158.30","5,137.40","579.83B","0.17%"
"10-05-2017","5,133.90","5,099.25","5,137.65","5,098.00","563.77B","0.96%"
"09-05-2017","5,085.25","5,089.85","5,093.35","5,073.65","562.70B","0.15%"
"08-05-2017","5,077.40","5,073.55","5,088.30","5,066.50","553.76B","0.37%"
"05-05-2017","5,058.80","5,110.30","5,111.20","5,048.10","827.79B","-0.87%"
"04-05-2017","5,103.20","5,102.50","5,105.75","5,084.25","722.12B","0.47%"
"03-05-2017","5,079.30","5,100.75","5,101.70","5,072.40","589.16B","-0.07%"
"02-05-2017","5,083.10","5,091.85","5,100.95","5,054.75","655.95B","0.21%"
"28-04-2017","5,072.60","5,082.70","5,083.65","5,061.30","723.89B","-0.17%"
"27-04-2017","5,081.40","5,093.05","5,096.50","5,073.35","844.06B","-0.12%"
"26-04-2017","5,087.30","5,090.30","5,101.80","5,055.50","770.63B","0.28%"
"25-04-2017","5,073.05","5,051.15","5,074.50","5,040.45","694.49B","1.02%"
"24-04-2017","5,021.95","4,980.95","5,025.10","4,979.30","593.40B","1.02%"
"21-04-2017","4,971.10","5,000.00","5,003.50","4,954.30","605.42B","-0.13%"
"20-04-2017","4,977.40","4,962.50","4,982.60","4,960.00","539.48B","0.45%"
"19-04-2017","4,955.00","4,950.35","4,961.60","4,934.35","583.36B","0.15%"
"18-04-2017","4,947.50","4,983.35","5,015.25","4,942.50","767.45B","-0.45%"
"17-04-2017","4,969.80","4,973.15","4,981.30","4,956.70","503.22B","-0.09%"
"13-04-2017","4,974.15","4,998.65","4,998.65","4,971.10","521.50B","-0.48%"
"12-04-2017","4,998.30","5,018.75","5,023.70","4,968.55","725.16B","-0.33%"
"11-04-2017","5,014.80","4,985.00","5,016.80","4,980.40","769.19B","0.62%"
"10-04-2017","4,983.85","4,997.70","5,000.90","4,975.60","473.29B","0.02%"
"07-04-2017","4,982.70","4,993.65","5,015.30","4,976.20","634.42B","-0.58%"
"06-04-2017","5,011.85","5,003.30","5,014.90","4,988.30","597.65B","-0.01%"
"05-04-2017","5,012.35","5,004.85","5,015.90","4,982.15","590.54B","0.45%"
"03-04-2017","4,989.75","4,976.70","4,992.70","4,966.20","460.17B","0.69%"
"31-03-2017","4,955.80","4,946.90","4,964.05","4,943.95","672.15B","0.12%"
"30-03-2017","4,950.00","4,934.50","4,954.85","4,932.10","947.04B","0.34%"
"29-03-2017","4,933.10","4,927.85","4,937.20","4,915.65","609.68B","0.40%"
"28-03-2017","4,913.45","4,902.35","4,918.50","4,901.65","514.01B","0.61%"
"27-03-2017","4,883.50","4,906.70","4,907.20","4,873.05","536.14B","-0.57%"
"24-03-2017","4,911.30","4,909.75","4,925.00","4,904.65","586.84B","0.23%"
"23-03-2017","4,900.20","4,879.00","4,906.55","4,879.00","584.14B","0.71%"
"22-03-2017","4,865.55","4,876.75","4,885.35","4,857.50","569.64B","-1.01%"
"21-03-2017","4,915.20","4,925.80","4,929.50","4,893.60","580.08B","-0.13%"
"20-03-2017","4,921.45","4,939.10","4,939.20","4,913.60","737.35B","-0.22%"
"17-03-2017","4,932.35","4,954.50","4,959.45","4,920.60","834.81B","0.07%"
"16-03-2017","4,929.05","4,907.85","4,931.05","4,907.25","758.63B","0.93%"
"15-03-2017","4,883.50","4,877.50","4,893.90","4,873.70","615.02B","0.18%"
"14-03-2017","4,874.80","4,877.90","4,891.05","4,856.40","622.51B","1.67%"
"10-03-2017","4,794.90","4,808.75","4,820.50","4,781.25","438.96B","0.00%"
"09-03-2017","4,794.70","4,790.50","4,807.75","4,782.85","532.99B","0.00%"
"08-03-2017","4,794.90","4,812.80","4,815.55","4,774.45","510.17B","-0.31%"
"07-03-2017","4,809.90","4,825.35","4,825.35","4,803.05","487.13B","-0.16%"
"06-03-2017","4,817.50","4,796.80","4,819.85","4,796.30","437.46B","0.67%"
"03-03-2017","4,785.20","4,774.95","4,790.05","4,762.20","505.33B","0.04%"
"02-03-2017","4,783.25","4,841.95","4,846.25","4,773.25","645.32B","-0.79%"
"01-03-2017","4,821.20","4,807.60","4,831.20","4,804.95","559.09B","0.58%"
"28-02-2017","4,793.20","4,798.00","4,807.40","4,784.80","710.94B","-0.03%"
"27-02-2017","4,794.55","4,813.00","4,820.75","4,790.50","583.12B","-0.36%"
"23-02-2017","4,811.85","4,820.05","4,833.50","4,805.75","910.03B","0.10%"
"22-02-2017","4,807.05","4,819.75","4,828.60","4,796.50","651.14B","0.00%"
"21-02-2017","4,807.20","4,794.10","4,813.70","4,784.50","570.33B","0.43%"
"20-02-2017","4,786.70","4,754.40","4,788.75","4,748.75","566.04B","0.69%"
"17-02-2017","4,753.95","4,778.45","4,783.85","4,740.25","638.81B","0.51%"
"16-02-2017","4,729.60","4,695.60","4,731.50","4,682.00","520.85B","0.89%"
"15-02-2017","4,688.10","4,726.20","4,737.95","4,681.05","603.39B","-0.92%"
"14-02-2017","4,731.80","4,752.70","4,752.75","4,722.35","534.13B","-0.25%"
"13-02-2017","4,743.70","4,757.40","4,760.50","4,714.95","610.46B","0.02%"
"10-02-2017","4,742.75","4,755.55","4,758.15","4,730.35","592.87B","0.11%"
"09-02-2017","4,737.60","4,743.70","4,758.35","4,706.90","630.61B","0.14%"
"08-02-2017","4,731.05","4,731.45","4,741.45","4,697.85","586.10B","0.14%"
"07-02-2017","4,724.50","4,745.85","4,746.50","4,707.30","657.71B","-0.35%"
"06-02-2017","4,741.20","4,731.60","4,747.50","4,723.25","603.75B","0.75%"
"03-02-2017","4,706.00","4,700.30","4,712.80","4,690.10","751.74B","0.21%"
"02-02-2017","4,695.95","4,685.30","4,707.65","4,668.20","708.77B","0.35%"
"01-02-2017","4,679.75","4,600.80","4,682.95","4,584.95","781.94B","1.86%"
"31-01-2017","4,594.10","4,640.95","4,641.90","4,589.75","919.13B","-1.00%"
"30-01-2017","4,640.40","4,638.30","4,654.00","4,626.80","654.88B","-0.02%"
"27-01-2017","4,641.10","4,623.65","4,659.20","4,621.85","708.23B","0.48%"
"25-01-2017","4,618.95","4,567.75","4,624.00","4,564.20","787.70B","1.45%"
"24-01-2017","4,553.10","4,517.70","4,556.05","4,514.10","479.16B","1.03%"
"23-01-2017","4,506.90","4,474.65","4,512.55","4,473.45","486.37B","0.54%"
"20-01-2017","4,482.55","4,520.90","4,530.90","4,478.75","627.96B","-1.16%"
"19-01-2017","4,535.05","4,525.35","4,540.20","4,517.55","526.53B","0.25%"
"18-01-2017","4,523.90","4,513.45","4,543.60","4,511.65","466.48B","0.34%"
"17-01-2017","4,508.60","4,517.20","4,529.95","4,498.10","413.46B","-0.10%"
"16-01-2017","4,513.15","4,498.60","4,518.50","4,489.05","387.43B","0.25%"
"13-01-2017","4,501.70","4,529.25","4,530.65","4,486.50","459.81B","-0.08%"
"12-01-2017","4,505.20","4,499.00","4,511.10","4,489.60","545.66B","0.29%"
"11-01-2017","4,492.30","4,460.40","4,496.55","4,457.50","579.85B","1.17%"
"10-01-2017","4,440.25","4,425.05","4,442.85","4,423.20","394.01B","0.67%"
"09-01-2017","4,410.50","4,421.40","4,423.10","4,406.40","312.30B","-0.03%"
"06-01-2017","4,411.65","4,433.30","4,447.20","4,405.60","447.63B","-0.34%"
"05-01-2017","4,426.55","4,398.00","4,430.40","4,397.10","444.33B","1.11%"
"04-01-2017","4,377.85","4,385.70","4,395.20","4,373.05","406.31B","-0.01%"
"03-01-2017","4,378.15","4,374.55","4,390.50","4,353.90","347.61B","0.30%"
"02-01-2017","4,364.85","4,371.90","4,373.75","4,337.05","345.94B","0.17%"
"30-12-2016","4,357.30","4,325.35","4,363.80","4,323.10","381.28B","0.97%"
"29-12-2016","4,315.50","4,272.30","4,319.30","4,267.35","601.49B","0.99%"
"28-12-2016","4,273.15","4,276.20","4,308.40","4,269.25","371.16B","0.16%"
"27-12-2016","4,266.30","4,200.75","4,272.20","4,189.70","381.01B","1.65%"
"26-12-2016","4,196.90","4,240.25","4,241.90","4,192.80","328.09B","-1.26%"
"23-12-2016","4,250.50","4,248.85","4,273.10","4,226.80","366.11B","-0.01%"
"22-12-2016","4,250.75","4,291.60","4,291.95","4,244.40","349.54B","-1.15%"
"21-12-2016","4,300.30","4,321.70","4,324.45","4,296.05","359.44B","-0.19%"
"20-12-2016","4,308.30","4,332.00","4,338.95","4,298.20","334.94B","-0.48%"
"19-12-2016","4,329.00","4,345.95","4,346.55","4,324.35","282.97B","-0.47%"
"16-12-2016","4,349.65","4,369.70","4,369.90","4,341.80","401.27B","-0.18%"
"15-12-2016","4,357.35","4,338.15","4,394.25","4,335.25","415.54B","-0.24%"
"14-12-2016","4,367.90","4,397.45","4,397.45","4,362.40","362.38B","-0.55%"
"13-12-2016","4,392.15","4,387.35","4,395.50","4,366.40","407.46B","0.36%"
"12-12-2016","4,376.45","4,414.40","4,414.40","4,367.25","310.59B","-1.14%"
"09-12-2016","4,426.75","4,433.50","4,433.55","4,416.65","397.86B","0.15%"
"08-12-2016","4,420.10","4,371.95","4,423.50","4,371.10","384.28B","1.75%"
"07-12-2016","4,344.00","4,377.75","4,385.60","4,328.50","462.66B","-0.42%"
"06-12-2016","4,362.40","4,366.15","4,381.00","4,357.45","338.69B","0.24%"
"05-12-2016","4,351.90","4,329.30","4,358.30","4,315.60","354.71B","0.57%"
"02-12-2016","4,327.25","4,363.35","4,365.95","4,318.60","445.91B","-1.34%"
"01-12-2016","4,386.15","4,421.40","4,424.25","4,382.55","420.63B","-0.54%"
"30-11-2016","4,409.95","4,380.15","4,414.25","4,365.55","841.66B","1.06%"
"29-11-2016","4,363.85","4,358.00","4,392.00","4,356.65","470.95B","0.25%"
"28-11-2016","4,352.90","4,325.70","4,363.60","4,318.55","485.86B","0.28%"
"25-11-2016","4,340.55","4,284.85","4,344.35","4,269.05","467.03B","1.84%"
"24-11-2016","4,262.20","4,280.50","4,289.90","4,251.40","650.51B","-0.73%"
"23-11-2016","4,293.50","4,295.10","4,298.85","4,254.80","473.02B","0.61%"
"22-11-2016","4,267.55","4,252.90","4,276.60","4,224.95","524.32B","1.10%"
"21-11-2016","4,221.15","4,324.40","4,324.40","4,214.35","568.01B","-2.02%"
"18-11-2016","4,308.20","4,317.50","4,332.40","4,288.90","476.56B","0.03%"
"17-11-2016","4,306.75","4,319.80","4,344.45","4,294.80","489.91B","-0.32%"
"16-11-2016","4,320.55","4,366.55","4,372.20","4,303.25","657.53B","0.18%"
"15-11-2016","4,312.80","4,430.75","4,431.65","4,305.45","859.59B","-2.74%"
"11-11-2016","4,434.50","4,527.55","4,530.90","4,425.70","695.85B","-2.91%"
"10-11-2016","4,567.45","4,577.75","4,609.00","4,559.40","750.66B","1.29%"
"09-11-2016","4,509.20","4,312.35","4,528.55","4,257.70","899.13B","-1.50%"
"08-11-2016","4,577.70","4,576.85","4,585.30","4,544.25","444.72B","0.50%"
"07-11-2016","4,554.70","4,574.20","4,577.55","4,546.25","426.07B","0.77%"
"04-11-2016","4,519.85","4,567.70","4,567.85","4,501.30","578.98B","-0.84%"
"03-11-2016","4,558.15","4,578.90","4,601.95","4,552.75","467.03B","-0.60%"
"02-11-2016","4,585.65","4,610.10","4,610.10","4,580.50","441.71B","-1.47%"
"01-11-2016","4,654.20","4,667.25","4,677.65","4,647.60","488.85B","0.04%"
"30-10-2016","4,652.50","4,672.55","4,675.50","4,647.70","","0.01%"
"28-10-2016","4,652.25","4,635.55","4,657.60","4,617.95","548.93B","0.53%"
"27-10-2016","4,627.85","4,635.15","4,635.80","4,598.10","749.60B","-0.29%"
"26-10-2016","4,641.50","4,668.85","4,668.85","4,630.25","593.54B","-0.90%"
"25-10-2016","4,683.65","4,695.75","4,695.90","4,664.60","498.33B","-0.14%"
"24-10-2016","4,690.00","4,695.65","4,705.50","4,679.20","415.00B","0.09%"
"21-10-2016","4,685.55","4,690.65","4,690.70","4,662.05","411.85B","0.02%"
"20-10-2016","4,684.50","4,684.95","4,701.45","4,675.25","469.72B","0.41%"
"19-10-2016","4,665.40","4,683.65","4,684.10","4,651.70","512.09B","-0.12%"
"18-10-2016","4,671.00","4,607.70","4,674.55","4,607.60","507.83B","1.80%"
"17-10-2016","4,588.25","4,639.30","4,640.15","4,580.00","500.61B","-0.78%"
"14-10-2016","4,624.50","4,625.30","4,633.40","4,602.60","459.51B","0.25%"
"13-10-2016","4,613.10","4,669.00","4,673.15","4,589.65","575.28B","-1.54%"
"10-10-2016","4,685.25","4,702.25","4,707.55","4,682.10","332.24B","0.07%"
"07-10-2016","4,681.90","4,697.55","4,701.10","4,662.70","443.29B","-0.15%"
"06-10-2016","4,688.70","4,720.35","4,731.20","4,672.25","502.15B","-0.37%"
"05-10-2016","4,705.95","4,731.15","4,731.65","4,694.70","496.50B","-0.12%"
"04-10-2016","4,711.45","4,707.45","4,716.75","4,689.60","529.84B","0.46%"
"03-10-2016","4,690.10","4,639.15","4,692.90","4,627.25","438.75B","1.77%"
"30-09-2016","4,608.35","4,571.10","4,619.20","4,558.85","576.18B","0.68%"
"29-09-2016","4,577.10","4,707.95","4,711.85","4,557.00","1,034.58B","-2.24%"
"28-09-2016","4,682.15","4,660.40","4,691.85","4,655.50","527.62B","0.57%"
"27-09-2016","4,655.65","4,677.80","4,688.35","4,646.85","410.14B","-0.16%"
"26-09-2016","4,663.10","4,702.00","4,702.10","4,658.45","407.55B","-1.04%"
"23-09-2016","4,712.05","4,732.95","4,735.70","4,706.95","497.79B","-0.26%"
"22-09-2016","4,724.40","4,722.35","4,733.20","4,703.60","463.06B","1.12%"
"21-09-2016","4,672.00","4,681.45","4,699.10","4,663.25","383.24B","-0.01%"
"20-09-2016","4,672.65","4,693.15","4,693.85","4,664.85","393.93B","-0.33%"
"19-09-2016","4,688.05","4,678.80","4,695.75","4,669.90","396.00B","0.34%"
"16-09-2016","4,671.95","4,677.60","4,713.15","4,655.75","749.78B","0.37%"
"15-09-2016","4,654.85","4,660.00","4,662.25","4,635.90","503.51B","0.09%"
"14-09-2016","4,650.60","4,633.00","4,655.75","4,623.00","545.08B","0.41%"
"12-09-2016","4,631.55","4,654.25","4,660.95","4,624.00","546.36B","-2.01%"
"09-09-2016","4,726.75","4,764.70","4,764.70","4,721.85","606.35B","-0.92%"
"08-09-2016","4,770.75","4,751.90","4,774.00","4,742.45","637.04B","0.43%"
"07-09-2016","4,750.40","4,771.65","4,772.65","4,746.85","717.95B","-0.15%"
"06-09-2016","4,757.55","4,708.55","4,761.00","4,708.55","472.79B","1.52%"
"02-09-2016","4,686.30","4,678.15","4,693.00","4,665.55","427.88B","0.41%"
"01-09-2016","4,667.15","4,680.95","4,690.55","4,658.20","591.01B","-0.19%"
"31-08-2016","4,676.15","4,664.45","4,695.80","4,664.45","780.23B","0.40%"
"30-08-2016","4,657.40","4,612.25","4,660.00","4,611.60","451.02B","1.43%"
"29-08-2016","4,591.85","4,580.65","4,597.75","4,557.45","404.66B","0.37%"
"26-08-2016","4,574.90","4,592.60","4,599.70","4,561.90","487.35B","-0.12%"
"25-08-2016","4,580.25","4,619.35","4,626.95","4,576.15","753.05B","-0.62%"
"24-08-2016","4,608.85","4,601.40","4,613.85","4,593.80","391.55B","0.35%"
"23-08-2016","4,592.90","4,595.15","4,598.20","4,566.55","457.09B","-0.05%"
"22-08-2016","4,595.35","4,619.25","4,628.15","4,588.40","407.50B","-0.50%"
"19-08-2016","4,618.50","4,626.80","4,628.60","4,606.20","525.29B","0.07%"
"18-08-2016","4,615.40","4,600.80","4,621.45","4,600.80","450.73B","0.60%"
"17-08-2016","4,587.95","4,587.85","4,606.10","4,574.30","464.35B","0.01%"
"16-08-2016","4,587.35","4,595.55","4,604.60","4,563.90","517.26B","-0.15%"
"12-08-2016","4,594.10","4,561.40","4,600.20","4,561.40","573.86B","0.88%"
"11-08-2016","4,554.25","4,544.85","4,559.20","4,521.05","493.21B","0.20%"
"10-08-2016","4,545.25","4,608.25","4,609.05","4,539.75","512.14B","-1.25%"
"09-08-2016","4,602.90","4,630.50","4,630.70","4,583.10","577.67B","-0.40%"
"08-08-2016","4,621.60","4,616.95","4,627.30","4,607.65","465.19B","0.46%"
"05-08-2016","4,600.40","4,553.80","4,603.30","4,552.75","502.65B","1.61%"
"04-08-2016","4,527.65","4,548.95","4,550.05","4,505.25","493.32B","0.20%"
"03-08-2016","4,518.50","4,574.90","4,574.90","4,510.70","485.31B","-1.08%"
"02-08-2016","4,567.90","4,587.30","4,607.10","4,563.55","547.75B","-0.28%"
"01-08-2016","4,580.90","4,589.90","4,619.55","4,552.45","569.95B","0.06%"
"29-07-2016","4,578.00","4,587.75","4,595.40","4,574.25","517.10B","-0.15%"
"28-07-2016","4,584.80","4,569.85","4,589.00","4,565.40","734.07B","0.56%"
"27-07-2016","4,559.15","4,549.65","4,579.55","4,532.90","582.05B","0.37%"
"26-07-2016","4,542.50","4,565.95","4,575.20","4,535.50","598.36B","-0.49%"
"25-07-2016","4,564.70","4,510.25","4,566.30","4,509.90","527.62B","1.09%"
"22-07-2016","4,515.40","4,496.85","4,517.30","4,481.35","530.46B","0.56%"
"21-07-2016","4,490.15","4,527.55","4,528.15","4,487.10","477.78B","-0.56%"
"20-07-2016","4,515.45","4,486.45","4,516.95","4,486.45","447.41B","0.57%"
"19-07-2016","4,490.00","4,483.05","4,495.30","4,461.10","486.49B","0.24%"
"18-07-2016","4,479.25","4,512.60","4,522.70","4,473.00","444.70B","-0.46%"
"15-07-2016","4,499.95","4,515.85","4,530.75","4,490.15","542.22B","-0.25%"
"14-07-2016","4,511.25","4,488.25","4,513.10","4,481.95","504.62B","0.53%"
"13-07-2016","4,487.65","4,506.05","4,508.75","4,477.30","654.35B","-0.17%"
"12-07-2016","4,495.20","4,485.30","4,497.45","4,472.90","587.68B","0.62%"
"11-07-2016","4,467.60","4,440.15","4,470.95","4,438.70","503.81B","1.68%"
"08-07-2016","4,393.90","4,407.00","4,407.05","4,373.80","413.18B","-0.13%"
"07-07-2016","4,399.75","4,404.95","4,412.95","4,392.70","470.84B","-0.02%"
"05-07-2016","4,400.50","4,418.55","4,418.55","4,390.45","513.82B","-0.33%"
"04-07-2016","4,414.90","4,412.75","4,427.95","4,411.60","480.26B","0.61%"
"01-07-2016","4,388.00","4,373.20","4,399.60","4,373.20","493.98B","0.67%"
"30-06-2016","4,358.75","4,341.45","4,366.05","4,334.15","799.46B","1.06%"
"29-06-2016","4,313.05","4,295.20","4,317.30","4,291.55","440.91B","0.96%"
"28-06-2016","4,272.20","4,255.80","4,279.90","4,255.05","433.50B","0.48%"
"27-06-2016","4,251.75","4,217.80","4,263.65","4,217.80","417.21B","0.29%"
"24-06-2016","4,239.45","4,205.95","4,243.45","4,149.10","750.37B","-2.01%"
"23-06-2016","4,326.40","4,298.15","4,333.15","4,287.30","411.90B","0.65%"
"22-06-2016","4,298.40","4,305.80","4,317.35","4,275.20","392.48B","-0.20%"
"21-06-2016","4,307.05","4,321.50","4,321.50","4,299.10","411.04B","-0.12%"
"20-06-2016","4,312.05","4,251.00","4,314.45","4,246.30","472.71B","0.77%"
"17-06-2016","4,279.10","4,286.45","4,294.65","4,261.30","482.61B","0.29%"
"16-06-2016","4,266.65","4,285.50","4,285.50","4,232.35","556.64B","-0.68%"
"15-06-2016","4,295.75","4,266.10","4,299.45","4,258.90","467.19B","1.08%"
"14-06-2016","4,250.00","4,258.25","4,258.25","4,229.45","444.24B","0.10%"
"13-06-2016","4,245.90","4,242.30","4,251.20","4,220.85","401.30B","-0.72%"
"10-06-2016","4,276.70","4,285.90","4,325.10","4,273.55","516.52B","-0.41%"
"09-06-2016","4,294.25","4,327.70","4,327.70","4,284.60","532.75B","-0.71%"
"08-06-2016","4,324.85","4,326.20","4,328.65","4,312.60","505.30B","0.20%"
"07-06-2016","4,316.40","4,301.25","4,329.90","4,292.70","504.93B","0.76%"
"06-06-2016","4,283.95","4,298.75","4,302.30","4,276.50","389.47B","-0.24%"
"03-06-2016","4,294.20","4,310.80","4,319.35","4,289.85","642.59B","-0.04%"
"02-06-2016","4,296.00","4,265.05","4,301.30","4,261.40","450.98B","0.50%"
"01-06-2016","4,274.45","4,278.40","4,297.45","4,270.05","531.49B","0.14%"
"31-05-2016","4,268.40","4,293.45","4,293.45","4,254.95","1,052.34B","-0.24%"
"30-05-2016","4,278.75","4,273.25","4,289.30","4,261.70","533.96B","0.32%"
"27-05-2016","4,265.05","4,225.75","4,269.25","4,225.75","622.80B","1.12%"
"26-05-2016","4,217.70","4,171.20","4,223.20","4,159.15","667.72B","1.56%"
"25-05-2016","4,152.95","4,099.45","4,156.20","4,099.35","452.30B","2.10%"
"24-05-2016","4,067.60","4,067.75","4,073.30","4,050.30","410.34B","0.10%"
"23-05-2016","4,063.65","4,105.10","4,105.55","4,060.60","402.52B","-0.26%"
"20-05-2016","4,074.40","4,099.20","4,108.20","4,067.60","388.05B","-0.46%"
"19-05-2016","4,093.20","4,143.60","4,143.60","4,085.50","439.51B","-1.15%"
"18-05-2016","4,140.95","4,128.10","4,146.50","4,111.20","450.49B","-0.17%"
"17-05-2016","4,147.90","4,153.05","4,172.40","4,142.90","455.62B","0.33%"
"16-05-2016","4,134.10","4,124.35","4,140.50","4,094.15","449.63B","0.44%"
"13-05-2016","4,115.80","4,146.90","4,150.85","4,103.65","470.48B","-0.96%"
"12-05-2016","4,155.85","4,138.40","4,160.55","4,130.15","382.31B","0.71%"
"11-05-2016","4,126.60","4,100.05","4,148.20","4,088.40","510.34B","-0.40%"
"10-05-2016","4,143.30","4,138.85","4,148.90","4,121.95","402.74B","0.21%"
"09-05-2016","4,134.65","4,084.15","4,138.75","4,084.15","405.44B","1.55%"
"06-05-2016","4,071.50","4,061.35","4,074.15","4,042.60","447.10B","0.07%"
"05-05-2016","4,068.80","4,069.40","4,090.60","4,054.10","459.84B","0.28%"
"04-05-2016","4,057.50","4,075.80","4,085.40","4,052.25","535.02B","-0.74%"
"03-05-2016","4,087.55","4,130.60","4,160.75","4,082.90","514.91B","-0.78%"
"02-05-2016","4,119.85","4,114.15","4,126.70","4,098.85","535.25B","-0.17%"
"29-04-2016","4,126.85","4,122.75","4,145.35","4,091.90","655.64B","0.09%"
"28-04-2016","4,123.05","4,185.30","4,196.40","4,117.50","722.21B","-1.57%"
"27-04-2016","4,189.00","4,171.80","4,195.70","4,171.65","507.87B","0.23%"
"26-04-2016","4,179.40","4,116.70","4,184.30","4,112.55","498.09B","1.24%"
"25-04-2016","4,128.30","4,149.50","4,155.95","4,115.05","400.55B","-0.53%"
"22-04-2016","4,150.50","4,145.40","4,162.85","4,136.85","454.69B","-0.09%"
"21-04-2016","4,154.35","4,178.95","4,190.55","4,140.50","541.99B","-0.09%"
"20-04-2016","4,158.15","4,173.05","4,174.95","4,139.20","605.21B","0.07%"
"18-04-2016","4,155.15","4,142.35","4,157.75","4,113.90","470.87B","0.89%"
"13-04-2016","4,118.40","4,085.35","4,126.30","4,085.35","518.23B","1.68%"
"12-04-2016","4,050.35","4,029.30","4,054.95","4,027.10","438.27B","0.55%"
"11-04-2016","4,028.00","3,983.25","4,031.15","3,956.35","455.89B","1.40%"
"08-04-2016","3,972.50","3,962.05","3,977.00","3,954.35","398.05B","0.21%"
"07-04-2016","3,964.10","4,005.10","4,005.10","3,958.55","529.82B","-0.80%"
"06-04-2016","3,996.15","4,001.15","4,002.30","3,980.45","434.64B","0.25%"
"05-04-2016","3,986.00","4,053.15","4,053.15","3,980.05","511.45B","-1.92%"
"04-04-2016","4,064.20","4,055.50","4,066.70","4,038.25","401.22B","0.52%"
"01-04-2016","4,043.20","4,042.10","4,056.05","4,019.85","478.28B","-0.20%"
"31-03-2016","4,051.45","4,040.95","4,061.50","4,029.95","985.30B","0.23%"
"30-03-2016","4,042.15","3,998.25","4,045.10","3,996.55","624.66B","1.81%"
"29-03-2016","3,970.15","3,974.45","3,995.80","3,957.55","537.53B","-0.21%"
"28-03-2016","3,978.45","4,045.20","4,045.50","3,966.00","563.28B","-1.38%"
"23-03-2016","4,033.95","4,034.00","4,038.05","4,012.75","498.05B","0.04%"
"22-03-2016","4,032.45","4,023.15","4,038.00","3,996.70","577.52B","0.20%"
"21-03-2016","4,024.50","3,979.60","4,028.45","3,979.60","513.16B","1.35%"
"18-03-2016","3,970.95","3,937.05","3,973.65","3,926.10","614.20B","1.14%"
"17-03-2016","3,926.10","3,947.10","3,960.55","3,910.75","587.71B","0.26%"
"16-03-2016","3,915.75","3,903.05","3,919.70","3,868.40","565.67B","0.29%"
"15-03-2016","3,904.35","3,942.90","3,942.90","3,899.90","570.11B","-0.98%"
"14-03-2016","3,942.90","3,946.10","3,965.65","3,930.25","516.47B","0.38%"
"11-03-2016","3,928.00","3,916.95","3,946.90","3,904.15","575.15B","0.27%"
"10-03-2016","3,917.40","3,948.80","3,949.40","3,900.85","589.85B","-0.58%"
"09-03-2016","3,940.25","3,896.00","3,943.35","3,887.15","705.45B","0.53%"
"08-03-2016","3,919.65","3,919.05","3,942.80","3,897.55","782.70B","0.04%"
"04-03-2016","3,918.05","3,921.55","3,926.15","3,893.50","732.48B","0.31%"
"03-03-2016","3,905.90","3,885.40","3,909.80","3,870.90","716.83B","1.31%"
"02-03-2016","3,855.50","3,829.05","3,863.95","3,826.35","832.92B","2.00%"
"01-03-2016","3,779.95","3,684.20","3,786.25","3,684.20","664.95B","3.27%"
"29-02-2016","3,660.10","3,686.30","3,710.35","3,579.60","1,006.94B","-0.41%"
"26-02-2016","3,675.25","3,684.15","3,690.90","3,652.00","529.01B","0.74%"
"25-02-2016","3,648.15","3,682.80","3,683.15","3,643.75","871.21B","-0.75%"
"24-02-2016","3,675.75","3,705.60","3,710.50","3,671.45","545.51B","-1.23%"
"23-02-2016","3,721.70","3,788.00","3,788.00","3,716.45","505.52B","-1.63%"
"22-02-2016","3,783.35","3,771.40","3,790.60","3,766.80","414.41B","0.42%"
"19-02-2016","3,767.70","3,749.55","3,774.55","3,737.50","508.36B","0.21%"
"18-02-2016","3,759.65","3,757.15","3,776.65","3,726.10","593.18B","1.04%"
"17-02-2016","3,720.85","3,698.60","3,727.70","3,639.30","676.61B","0.75%"
"16-02-2016","3,693.20","3,780.45","3,780.90","3,688.40","619.53B","-1.83%"
"15-02-2016","3,762.15","3,702.95","3,771.55","3,702.95","749.03B","2.82%"
"12-02-2016","3,658.95","3,684.75","3,684.75","3,591.45","1,018.78B","-0.06%"
"11-02-2016","3,661.20","3,783.35","3,784.15","3,653.10","898.74B","-3.39%"
"10-02-2016","3,789.80","3,818.70","3,821.75","3,769.00","745.63B","-1.19%"
"09-02-2016","3,835.35","3,847.10","3,854.75","3,827.05","534.39B","-1.38%"
"08-02-2016","3,889.05","3,934.65","3,950.25","3,879.10","518.48B","-1.07%"
"05-02-2016","3,931.15","3,886.80","3,937.95","3,880.30","621.45B","1.39%"
"04-02-2016","3,877.25","3,890.70","3,908.55","3,855.25","663.87B","0.41%"
"03-02-2016","3,861.40","3,878.25","3,891.15","3,856.10","848.66B","-1.31%"
"02-02-2016","3,912.55","3,975.80","3,981.25","3,899.10","653.96B","-1.43%"
"01-02-2016","3,969.25","3,986.00","3,990.35","3,961.65","513.93B","0.00%"
"29-01-2016","3,969.20","3,895.80","3,974.35","3,895.60","714.33B","1.82%"
"28-01-2016","3,898.25","3,901.40","3,919.85","3,894.60","779.40B","-0.22%"
"27-01-2016","3,906.90","3,921.35","3,926.15","3,894.35","518.29B","0.09%"
"25-01-2016","3,903.35","3,920.90","3,930.65","3,897.95","453.80B","0.23%"
"22-01-2016","3,894.55","3,858.10","3,900.15","3,844.15","583.97B","2.05%"
"21-01-2016","3,816.50","3,870.05","3,885.50","3,801.05","665.36B","-0.47%"
"20-01-2016","3,834.35","3,861.95","3,861.95","3,795.45","641.70B","-1.73%"
"19-01-2016","3,902.05","3,870.55","3,914.75","3,858.50","582.19B","1.22%"
"18-01-2016","3,855.00","3,907.60","3,926.00","3,848.30","698.99B","-1.57%"
"15-01-2016","3,916.55","3,999.45","4,001.70","3,912.10","625.06B","-1.73%"
"14-01-2016","3,985.35","3,955.15","4,020.90","3,938.30","628.38B","-0.53%"
"13-01-2016","4,006.60","4,017.50","4,031.30","3,931.55","764.50B","0.38%"
"12-01-2016","3,991.55","4,032.80","4,032.80","3,982.35","550.55B","-0.72%"
"11-01-2016","4,020.70","4,008.35","4,044.10","3,985.85","542.56B","-0.61%"
"08-01-2016","4,045.40","4,044.35","4,060.35","4,031.20","505.33B","0.62%"
"07-01-2016","4,020.65","4,084.45","4,084.45","4,014.50","606.67B","-2.44%"
"06-01-2016","4,121.15","4,144.40","4,154.85","4,110.65","545.26B","-0.50%"
"05-01-2016","4,141.80","4,157.05","4,159.30","4,126.65","588.81B","0.09%"
"04-01-2016","4,138.20","4,202.40","4,214.25","4,133.30","587.12B","-1.91%"
"01-01-2016","4,218.95","4,199.90","4,222.70","4,188.30","374.04B","0.41%"
"31-12-2015","4,201.80","4,180.30","4,203.70","4,177.55","666.54B","0.58%"
"30-12-2015","4,177.45","4,198.90","4,199.70","4,174.60","410.81B","-0.36%"
"29-12-2015","4,192.45","4,191.75","4,198.15","4,179.30","397.52B","0.11%"
"28-12-2015","4,187.65","4,162.35","4,192.60","4,162.35","379.91B","0.68%"
"24-12-2015","4,159.35","4,170.70","4,170.70","4,146.40","377.10B","0.03%"
"23-12-2015","4,157.95","4,142.85","4,160.00","4,142.40","368.28B","0.90%"
"22-12-2015","4,120.80","4,142.15","4,152.05","4,116.50","450.14B","-0.52%"
"21-12-2015","4,142.15","4,101.05","4,144.05","4,098.25","411.74B","0.87%"
"18-12-2015","4,106.50","4,133.20","4,139.65","4,102.25","549.44B","-0.82%"
"17-12-2015","4,140.45","4,106.10","4,144.30","4,087.10","552.05B","1.30%"
"16-12-2015","4,087.45","4,078.55","4,103.60","4,073.25","479.01B","0.58%"
"15-12-2015","4,063.70","4,042.70","4,065.60","4,027.60","388.07B","0.67%"
"14-12-2015","4,036.75","3,992.50","4,044.45","3,989.25","453.35B","0.51%"
"11-12-2015","4,016.35","4,064.05","4,064.20","3,999.25","532.55B","-0.94%"
"10-12-2015","4,054.40","4,034.15","4,058.05","4,013.75","495.42B","0.92%"
"09-12-2015","4,017.45","4,067.65","4,069.20","4,014.55","534.03B","-1.32%"
"08-12-2015","4,071.20","4,094.70","4,112.20","4,063.90","509.59B","-0.90%"
"07-12-2015","4,108.30","4,133.15","4,137.55","4,100.35","461.81B","-0.14%"
"04-12-2015","4,113.95","4,132.15","4,135.35","4,111.55","635.27B","-1.02%"
"03-12-2015","4,156.15","4,175.45","4,179.70","4,150.70","556.70B","-0.79%"
"02-12-2015","4,189.20","4,210.60","4,211.20","4,177.60","458.33B","-0.23%"
"01-12-2015","4,198.85","4,195.55","4,204.45","4,186.00","554.61B","0.41%"
"30-11-2015","4,181.85","4,184.30","4,196.85","4,176.70","821.51B","-0.08%"
"27-11-2015","4,185.30","4,173.10","4,192.50","4,158.35","561.93B","0.65%"
"26-11-2015","4,158.35","4,140.15","4,164.55","4,140.15","770.44B","0.57%"
"24-11-2015","4,134.70","4,136.40","4,153.40","4,127.10","453.24B","-0.14%"
"23-11-2015","4,140.50","4,150.35","4,156.60","4,129.85","367.42B","-0.03%"
"20-11-2015","4,141.75","4,131.10","4,164.75","4,122.50","514.91B","0.31%"
"19-11-2015","4,128.90","4,101.25","4,134.25","4,090.55","414.69B","1.38%"
"18-11-2015","4,072.80","4,116.05","4,127.15","4,069.45","498.66B","-1.16%"
"17-11-2015","4,120.70","4,123.95","4,130.10","4,097.80","451.26B","0.47%"
"16-11-2015","4,101.60","4,072.85","4,116.55","4,059.95","466.89B","0.38%"
"13-11-2015","4,086.25","4,093.20","4,095.50","4,069.50","455.50B","-0.24%"
"11-11-2015","4,096.00","4,096.00","4,096.00","4,096.00","","0.00%"
"10-11-2015","4,096.00","4,147.75","4,153.05","4,090.55","540.64B","-1.65%"
"09-11-2015","4,164.65","4,088.30","4,177.00","4,079.85","559.45B","-0.22%"
"06-11-2015","4,173.70","4,179.05","4,200.00","4,158.60","559.13B","-0.11%"
"05-11-2015","4,178.35","4,222.60","4,222.60","4,173.25","482.67B","-1.15%"
"04-11-2015","4,227.15","4,258.40","4,263.10","4,221.50","458.29B","-0.21%"
"03-11-2015","4,235.90","4,247.65","4,253.60","4,220.85","480.57B","0.19%"
"02-11-2015","4,227.85","4,231.05","4,232.40","4,198.20","512.84B","-0.14%"
"30-10-2015","4,233.90","4,261.75","4,274.95","4,223.50","631.26B","-0.49%"
"29-10-2015","4,254.75","4,287.30","4,287.65","4,249.15","708.70B","-0.69%"
"28-10-2015","4,284.40","4,294.15","4,304.70","4,264.10","551.47B","-0.66%"
"27-10-2015","4,312.65","4,308.10","4,315.25","4,303.00","478.71B","-0.19%"
"26-10-2015","4,320.90","4,358.80","4,358.80","4,316.45","439.06B","-0.43%"
"23-10-2015","4,339.50","4,357.85","4,362.90","4,333.60","467.54B","0.30%"
"21-10-2015","4,326.60","4,335.15","4,349.70","4,308.10","533.70B","-0.20%"
"20-10-2015","4,335.10","4,342.65","4,351.05","4,317.60","607.90B","-0.05%"
"19-10-2015","4,337.45","4,328.00","4,340.05","4,317.75","496.31B","0.52%"
"16-10-2015","4,315.20","4,299.55","4,318.20","4,275.35","492.85B","0.60%"
"15-10-2015","4,289.45","4,274.10","4,295.55","4,274.10","532.42B","0.73%"
"14-10-2015","4,258.40","4,255.75","4,273.60","4,253.00","487.78B","-0.20%"
"13-10-2015","4,267.10","4,266.05","4,277.55","4,244.50","495.63B","-0.12%"
"12-10-2015","4,272.25","4,311.25","4,316.70","4,263.30","595.56B","-0.43%"
"09-10-2015","4,290.85","4,296.20","4,315.50","4,267.85","570.40B","0.56%"
"08-10-2015","4,266.90","4,304.35","4,304.35","4,254.85","518.05B","-0.66%"
"07-10-2015","4,295.30","4,283.75","4,301.90","4,276.05","731.08B","0.23%"
"06-10-2015","4,285.45","4,297.55","4,297.75","4,258.50","564.03B","0.43%"
"05-10-2015","4,267.05","4,208.65","4,271.20","4,208.65","526.65B","2.10%"
"01-10-2015","4,179.25","4,198.90","4,205.60","4,169.85","487.48B","0.12%"
"30-09-2015","4,174.05","4,154.80","4,178.40","4,133.95","577.57B","1.45%"
"29-09-2015","4,114.55","4,055.30","4,151.65","4,036.55","736.96B","0.51%"
"28-09-2015","4,093.65","4,140.15","4,140.55","4,090.35","465.89B","-0.80%"
"24-09-2015","4,126.75","4,114.75","4,140.25","4,097.25","662.84B","0.27%"
"23-09-2015","4,115.70","4,061.15","4,133.05","4,052.95","585.12B","0.36%"
"22-09-2015","4,100.85","4,200.45","4,204.15","4,089.50","602.98B","-1.88%"
"21-09-2015","4,179.30","4,140.90","4,185.05","4,139.90","616.60B","0.11%"
"18-09-2015","4,174.60","4,170.95","4,212.85","4,165.35","696.76B","0.97%"
"16-09-2015","4,134.55","4,143.50","4,145.80","4,117.80","415.41B","0.52%"
"15-09-2015","4,113.25","4,138.75","4,145.90","4,099.80","420.68B","-0.61%"
"14-09-2015","4,138.50","4,106.25","4,141.50","4,084.15","460.35B","1.16%"
"11-09-2015","4,091.15","4,114.75","4,128.80","4,077.00","513.20B","0.06%"
"10-09-2015","4,088.85","4,052.30","4,103.75","4,023.85","498.20B","-0.27%"
"09-09-2015","4,100.10","4,089.75","4,115.05","4,072.85","614.30B","1.78%"
"08-09-2015","4,028.40","3,986.05","4,047.25","3,951.25","548.65B","1.42%"
"07-09-2015","3,971.95","4,047.35","4,056.05","3,966.90","444.66B","-1.49%"
"04-09-2015","4,032.00","4,111.05","4,111.05","4,013.80","663.21B","-2.11%"
"03-09-2015","4,118.85","4,095.75","4,132.15","4,088.65","529.25B","1.32%"
"02-09-2015","4,065.30","4,133.85","4,133.85","4,057.65","535.74B","-0.80%"
"01-09-2015","4,097.90","4,157.70","4,174.75","4,076.35","550.82B","-2.24%"
"31-08-2015","4,191.80","4,212.40","4,232.00","4,180.10","609.58B","-0.41%"
"28-08-2015","4,209.25","4,237.30","4,257.30","4,187.05","601.38B","0.58%"
"27-08-2015","4,185.00","4,164.90","4,191.35","4,136.35","889.80B","2.20%"
"26-08-2015","4,095.05","4,127.05","4,164.95","4,081.40","690.46B","-0.95%"
"25-08-2015","4,134.20","4,133.40","4,153.15","4,001.70","1,043.09B","1.20%"
"24-08-2015","4,085.20","4,240.55","4,240.55","4,066.45","937.33B","-6.56%"
"21-08-2015","4,372.05","4,369.70","4,382.35","4,327.95","595.49B","-0.81%"
"20-08-2015","4,407.70","4,464.65","4,479.35","4,402.00","707.06B","-1.49%"
"19-08-2015","4,474.55","4,464.40","4,491.05","4,443.15","528.37B","0.25%"
"18-08-2015","4,463.55","4,480.50","4,491.90","4,444.90","491.83B","0.02%"
"17-08-2015","4,462.85","4,482.40","4,483.40","4,431.20","541.53B","-0.26%"
"14-08-2015","4,474.40","4,412.60","4,480.10","4,401.50","609.69B","1.98%"
"13-08-2015","4,387.45","4,409.55","4,435.15","4,378.90","600.32B","-0.05%"
"12-08-2015","4,389.65","4,450.05","4,450.05","4,384.75","598.60B","-1.57%"
"11-08-2015","4,459.60","4,507.80","4,507.80","4,445.65","488.25B","-0.78%"
"10-08-2015","4,494.50","4,519.85","4,544.00","4,481.80","469.21B","-0.39%"
"07-08-2015","4,511.90","4,522.60","4,530.95","4,505.95","482.98B","-0.28%"
"06-08-2015","4,524.35","4,524.50","4,532.20","4,505.25","560.20B","0.22%"
"05-08-2015","4,514.35","4,503.60","4,527.90","4,503.60","679.32B","0.67%"
"04-08-2015","4,484.20","4,495.85","4,497.85","4,445.70","594.03B","0.03%"
"03-08-2015","4,482.85","4,465.15","4,495.05","4,465.15","685.18B","0.28%"
"31-07-2015","4,470.45","4,432.00","4,478.80","4,431.50","618.97B","1.25%"
"30-07-2015","4,415.10","4,410.00","4,433.55","4,407.50","746.40B","0.62%"
"29-07-2015","4,388.05","4,380.60","4,390.65","4,370.05","466.22B","0.52%"
"28-07-2015","4,365.25","4,385.60","4,396.50","4,360.30","509.47B","-0.30%"
"27-07-2015","4,378.45","4,443.75","4,443.75","4,374.20","430.28B","-1.76%"
"24-07-2015","4,456.80","4,492.95","4,492.95","4,452.50","413.83B","-0.78%"
"23-07-2015","4,492.00","4,517.25","4,523.15","4,484.85","422.88B","-0.36%"
"22-07-2015","4,508.15","4,448.60","4,511.80","4,442.65","418.62B","1.16%"
"21-07-2015","4,456.50","4,505.50","4,516.45","4,449.55","508.67B","-1.05%"
"20-07-2015","4,503.85","4,514.35","4,514.35","4,486.05","373.31B","-0.05%"
"17-07-2015","4,506.10","4,511.90","4,519.60","4,495.45","362.01B","0.11%"
"16-07-2015","4,501.25","4,467.95","4,504.90","4,467.75","371.28B","1.03%"
"15-07-2015","4,455.35","4,431.80","4,459.75","4,431.80","390.90B","0.68%"
"14-07-2015","4,425.45","4,433.00","4,439.25","4,413.50","422.94B","0.00%"
"13-07-2015","4,425.40","4,391.60","4,429.55","4,374.05","365.60B","1.21%"
"10-07-2015","4,372.70","4,380.90","4,386.80","4,352.35","439.79B","0.28%"
"09-07-2015","4,360.40","4,381.20","4,397.50","4,357.00","455.06B","-0.38%"
"08-07-2015","4,376.85","4,411.70","4,427.55","4,363.65","596.57B","-1.62%"
"07-07-2015","4,449.05","4,452.00","4,470.20","4,432.55","486.96B","0.04%"
"06-07-2015","4,447.20","4,371.15","4,451.30","4,371.15","423.27B","0.53%"
"03-07-2015","4,423.70","4,409.05","4,437.70","4,403.65","","0.33%"
"02-07-2015","4,409.10","4,416.50","4,426.60","4,403.10","","0.12%"
"01-07-2015","4,403.75","4,363.85","4,415.05","4,362.35","","1.07%"
"30-06-2015","4,357.05","4,325.80","4,361.00","4,320.95","","0.71%"
"29-06-2015","4,326.30","4,291.10","4,330.35","4,265.70","","-0.89%"
"26-06-2015","4,365.10","4,369.25","4,376.75","4,341.45","","-0.16%"
"25-06-2015","4,372.25","4,340.45","4,381.75","4,338.00","","0.47%"
"24-06-2015","4,351.80","4,376.80","4,383.00","4,341.15","","-0.36%"
"23-06-2015","4,367.55","4,367.65","4,380.35","4,346.65","","0.28%"
"22-06-2015","4,355.15","4,306.65","4,360.80","4,306.65","","1.55%"
"19-06-2015","4,288.65","4,278.10","4,301.50","4,276.10","","0.60%"
"18-06-2015","4,263.00","4,233.75","4,267.80","4,230.65","","0.96%"
"17-06-2015","4,222.40","4,209.70","4,243.70","4,195.30","","0.78%"
"16-06-2015","4,189.75","4,169.35","4,196.45","4,141.95","","0.43%"
"15-06-2015","4,171.70","4,160.40","4,194.35","4,142.10","","0.36%"
"12-06-2015","4,156.90","4,145.10","4,161.65","4,134.25","","0.17%"
"11-06-2015","4,149.80","4,249.10","4,250.90","4,147.05","","-1.88%"
"10-06-2015","4,229.35","4,181.20","4,242.50","4,181.20","","1.21%"
"09-06-2015","4,178.70","4,181.70","4,197.70","4,167.50","","-0.28%"
"08-06-2015","4,190.45","4,239.60","4,240.55","4,184.20","","-1.03%"
"05-06-2015","4,234.05","4,230.45","4,268.75","4,223.50","","-0.09%"
"04-06-2015","4,237.90","4,248.00","4,248.30","4,199.45","","0.01%"
"03-06-2015","4,237.60","4,294.75","4,294.75","4,203.60","","-1.35%"
"02-06-2015","4,295.55","4,403.80","4,403.80","4,290.80","","-2.34%"
"01-06-2015","4,398.30","4,389.70","4,413.30","4,386.35","","-0.03%"
"29-05-2015","4,399.55","4,346.60","4,402.55","4,337.15","","1.38%"
"28-05-2015","4,339.85","4,357.25","4,364.10","4,313.10","","-0.26%"
"27-05-2015","4,350.95","4,334.00","4,354.75","4,324.15","","-0.09%"
"26-05-2015","4,355.00","4,372.65","4,374.15","4,344.75","","-0.29%"
"25-05-2015","4,367.55","4,394.20","4,397.45","4,364.25","","-0.79%"
"22-05-2015","4,402.50","4,394.25","4,418.15","4,386.05","","0.39%"
"21-05-2015","4,385.60","4,396.65","4,401.05","4,366.40","","-0.09%"
"20-05-2015","4,389.55","4,382.40","4,402.95","4,381.20","","0.53%"
"19-05-2015","4,366.55","4,361.40","4,396.25","4,351.15","","-0.04%"
"18-05-2015","4,368.35","4,325.80","4,372.30","4,319.95","","1.27%"
"15-05-2015","4,313.70","4,304.50","4,323.55","4,291.75","","0.46%"
"14-05-2015","4,294.10","4,283.15","4,299.45","4,240.55","","0.21%"
"13-05-2015","4,284.90","4,253.90","4,292.30","4,213.15","","1.43%"
"12-05-2015","4,224.60","4,323.85","4,323.85","4,219.30","","-2.25%"
"11-05-2015","4,321.90","4,275.60","4,325.30","4,269.00","","1.73%"
"08-05-2015","4,248.55","4,214.25","4,264.60","4,214.25","","1.72%"
"07-05-2015","4,176.60","4,205.90","4,221.40","4,144.65","","-0.91%"
"06-05-2015","4,215.05","4,335.70","4,341.40","4,207.75","","-2.92%"
"05-05-2015","4,341.75","4,342.60","4,355.30","4,319.20","","0.08%"
"04-05-2015","4,338.45","4,285.70","4,345.10","4,283.05","","1.85%"
"30-04-2015","4,259.85","4,274.30","4,274.40","4,237.50","","-0.51%"
"29-04-2015","4,281.75","4,293.40","4,310.10","4,266.75","","-0.30%"
"28-04-2015","4,294.75","4,249.70","4,304.15","4,235.40","","1.02%"
"27-04-2015","4,251.25","4,324.30","4,325.20","4,244.85","","-1.40%"
"24-04-2015","4,311.80","4,373.10","4,374.05","4,297.25","","-1.28%"
"23-04-2015","4,367.50","4,404.30","4,419.40","4,352.00","","-0.26%"
"22-04-2015","4,378.85","4,370.55","4,387.75","4,309.40","","0.49%"
"21-04-2015","4,357.30","4,380.45","4,403.45","4,345.10","","-0.77%"
"20-04-2015","4,390.95","4,483.55","4,483.55","4,374.05","","-1.92%"
"17-04-2015","4,476.70","4,531.35","4,531.70","4,471.65","","-1.27%"
"16-04-2015","4,534.10","4,564.30","4,564.95","4,501.70","","-0.55%"
"15-04-2015","4,559.15","4,608.35","4,608.35","4,545.85","","-0.90%"
"13-04-2015","4,600.75","4,585.45","4,604.65","4,570.95","","0.59%"
"10-04-2015","4,573.75","4,567.40","4,577.75","4,552.70","","0.15%"
"09-04-2015","4,567.05","4,562.95","4,570.25","4,522.90","","0.60%"
"08-04-2015","4,539.75","4,530.85","4,548.30","4,522.60","","0.66%"
"07-04-2015","4,510.00","4,513.55","4,520.00","4,470.55","","0.22%"
"06-04-2015","4,500.25","4,475.60","4,503.75","4,456.25","","0.92%"
"01-04-2015","4,459.10","4,406.60","4,466.00","4,398.25","","1.14%"
"31-03-2015","4,409.05","4,425.75","4,437.40","4,389.80","","0.08%"
"30-03-2015","4,405.70","4,357.85","4,410.20","4,354.60","","1.74%"
"27-03-2015","4,330.50","4,358.90","4,363.65","4,284.20","","0.00%"
"26-03-2015","4,330.60","4,389.75","4,398.45","4,323.70","","-1.91%"
"25-03-2015","4,414.90","4,433.45","4,434.75","4,408.30","","-0.13%"
"24-03-2015","4,420.50","4,423.40","4,458.20","4,416.60","","-0.16%"
"23-03-2015","4,427.80","4,455.35","4,462.05","4,422.35","","-0.38%"
"20-03-2015","4,444.85","4,483.95","4,483.95","4,436.55","","-0.89%"
"19-03-2015","4,484.85","4,544.15","4,563.25","4,475.75","","-0.57%"
"18-03-2015","4,510.40","4,535.20","4,535.20","4,498.95","","-0.29%"
"17-03-2015","4,523.65","4,502.40","4,531.95","4,478.75","","1.10%"
"16-03-2015","4,474.40","4,492.35","4,493.80","4,463.85","","-0.25%"
"13-03-2015","4,485.60","4,586.05","4,587.75","4,478.25","","-1.47%"
"12-03-2015","4,552.50","4,525.70","4,557.30","4,524.25","","1.05%"
"11-03-2015","4,505.20","4,523.80","4,532.10","4,496.80","","-0.20%"
"10-03-2015","4,514.45","4,542.05","4,550.85","4,497.05","","-0.43%"
"09-03-2015","4,534.15","4,598.15","4,598.15","4,527.40","","-1.89%"
"05-03-2015","4,621.70","4,612.65","4,630.65","4,576.85","","0.31%"
"04-03-2015","4,607.40","4,702.20","4,706.30","4,594.30","","-0.88%"
"03-03-2015","4,648.30","4,628.70","4,653.75","4,613.55","","0.54%"
"02-03-2015","4,623.20","4,614.35","4,628.70","4,581.55","","0.80%"
"28-02-2015","4,586.50","4,599.05","4,605.10","4,511.05","","0.46%"
"27-02-2015","4,565.30","4,501.20","4,570.60","4,500.35","","1.92%"
"26-02-2015","4,479.30","4,528.90","4,530.90","4,472.10","","-0.96%"
"25-02-2015","4,522.85","4,543.25","4,560.45","4,515.05","","0.00%"
"24-02-2015","4,523.05","4,531.20","4,539.90","4,505.65","","0.03%"
"23-02-2015","4,521.80","4,576.30","4,580.15","4,512.85","","-0.88%"
"20-02-2015","4,561.80","4,589.00","4,589.00","4,550.30","","-0.50%"
"19-02-2015","4,584.80","4,586.25","4,594.85","4,535.05","","0.19%"
"18-02-2015","4,575.90","4,546.55","4,585.70","4,546.55","","0.73%"
"16-02-2015","4,542.65","4,559.95","4,577.70","4,534.30","","-0.03%"
"13-02-2015","4,544.20","4,515.75","4,551.55","4,510.30","","0.99%"
"12-02-2015","4,499.75","4,477.05","4,508.80","4,448.20","","1.09%"
"11-02-2015","4,451.45","4,428.15","4,458.40","4,426.40","","0.97%"
"10-02-2015","4,408.60","4,361.85","4,449.95","4,357.80","","0.56%"
"09-02-2015","4,384.15","4,417.40","4,423.25","4,379.25","","-1.58%"
"06-02-2015","4,454.35","4,477.60","4,491.70","4,447.00","","-0.62%"
"05-02-2015","4,482.25","4,506.05","4,547.35","4,468.70","","-0.42%"
"04-02-2015","4,500.95","4,536.90","4,537.55","4,491.50","","-0.41%"
"03-02-2015","4,519.30","4,559.45","4,565.95","4,509.40","","-0.55%"
"02-02-2015","4,544.40","4,540.60","4,561.35","4,522.50","","0.05%"
"30-01-2015","4,542.00","4,626.50","4,626.50","4,523.70","","-1.33%"
"29-01-2015","4,603.45","4,585.90","4,609.00","4,565.50","","0.26%"
"28-01-2015","4,591.30","4,580.85","4,623.75","4,570.90","","0.16%"
"27-01-2015","4,584.05","4,563.20","4,590.60","4,542.95","","0.85%"
"23-01-2015","4,545.60","4,545.45","4,558.35","4,522.20","","0.77%"
"22-01-2015","4,510.70","4,504.00","4,519.25","4,491.35","","0.31%"
"21-01-2015","4,496.70","4,495.10","4,506.55","4,477.55","","0.32%"
"20-01-2015","4,482.40","4,436.20","4,487.80","4,436.20","","1.34%"
"19-01-2015","4,423.30","4,422.05","4,436.85","4,417.85","","0.42%"
"16-01-2015","4,404.80","4,393.75","4,412.00","4,370.80","","0.37%"
"15-01-2015","4,388.65","4,360.55","4,405.35","4,342.40","","2.34%"
"14-01-2015","4,288.30","4,302.75","4,314.80","4,269.30","","-0.21%"
"13-01-2015","4,297.15","4,319.00","4,325.95","4,280.60","","-0.22%"
"12-01-2015","4,306.70","4,291.05","4,310.25","4,269.85","","0.47%"
"09-01-2015","4,286.45","4,295.00","4,303.25","4,248.60","","0.44%"
"08-01-2015","4,267.75","4,243.60","4,270.30","4,235.00","","1.66%"
"07-01-2015","4,197.95","4,203.00","4,220.65","4,172.15","","-0.18%"
"06-01-2015","4,205.65","4,307.65","4,307.65","4,198.25","","-2.96%"
"05-01-2015","4,333.95","4,348.00","4,369.75","4,327.35","","-0.17%"
"02-01-2015","4,341.25","4,292.05","4,351.15","4,292.05","","1.23%"
"01-01-2015","4,288.40","4,278.60","4,293.55","4,269.25","","0.12%"
"31-12-2014","4,283.30","4,256.85","4,287.05","4,256.85","","0.55%"
"30-12-2014","4,259.75","4,258.80","4,263.45","4,242.80","","0.20%"
"29-12-2014","4,251.35","4,233.45","4,267.05","4,233.45","","0.64%"
"26-12-2014","4,224.35","4,222.15","4,237.80","4,196.60","","0.39%"
"24-12-2014","4,207.90","4,248.10","4,254.75","4,200.30","","-0.88%"
"23-12-2014","4,245.45","4,276.05","4,295.30","4,237.50","","-0.65%"
"22-12-2014","4,273.40","4,238.65","4,276.60","4,228.05","","1.14%"
"19-12-2014","4,225.35","4,234.40","4,249.35","4,219.10","","0.68%"
"18-12-2014","4,196.90","4,169.50","4,202.10","4,153.55","","2.02%"
"17-12-2014","4,113.70","4,117.05","4,141.75","4,062.75","","-0.44%"
"16-12-2014","4,132.00","4,195.40","4,205.15","4,123.45","","-2.08%"
"15-12-2014","4,219.85","4,195.00","4,232.10","4,191.80","","-0.16%"
"12-12-2014","4,226.50","4,272.60","4,284.20","4,222.85","","-0.92%"
"11-12-2014","4,265.80","4,290.85","4,296.95","4,253.70","","-0.77%"
"10-12-2014","4,298.95","4,272.00","4,308.25","4,272.00","","0.39%"
"09-12-2014","4,282.40","4,337.80","4,343.65","4,277.55","","-1.30%"
"08-12-2014","4,338.80","4,392.85","4,396.45","4,335.80","","-1.19%"
"05-12-2014","4,391.05","4,417.85","4,421.15","4,383.45","","-0.38%"
"04-12-2014","4,407.95","4,414.10","4,433.55","4,386.30","","0.34%"
"03-12-2014","4,393.10","4,375.95","4,397.90","4,371.60","","0.49%"
"02-12-2014","4,371.55","4,365.80","4,381.15","4,351.20","","-0.09%"
"01-12-2014","4,375.70","4,397.15","4,404.70","4,372.25","","-0.29%"
"28-11-2014","4,388.35","4,351.90","4,404.00","4,351.90","","1.12%"
"27-11-2014","4,339.90","4,327.10","4,345.15","4,322.50","","0.30%"
"26-11-2014","4,326.75","4,311.50","4,339.45","4,305.80","","0.18%"
"25-11-2014","4,319.00","4,362.90","4,363.85","4,298.50","","-0.98%"
"24-11-2014","4,361.80","4,347.65","4,365.65","4,345.20","","0.54%"
"21-11-2014","4,338.20","4,312.55","4,346.65","4,308.75","","0.69%"
"20-11-2014","4,308.55","4,314.15","4,315.90","4,282.85","","0.14%"
"19-11-2014","4,302.35","4,335.70","4,343.25","4,289.10","","-0.58%"
"18-11-2014","4,327.45","4,327.35","4,341.10","4,316.75","","0.15%"
"17-11-2014","4,321.05","4,293.85","4,324.35","4,282.95","","0.55%"
"14-11-2014","4,297.30","4,279.90","4,302.35","4,273.40","","0.48%"
"13-11-2014","4,276.60","4,304.00","4,304.25","4,257.65","","-0.35%"
"12-11-2014","4,291.45","4,284.65","4,306.25","4,284.65","","0.38%"
"11-11-2014","4,275.20","4,265.90","4,280.25","4,251.15","","0.38%"
"10-11-2014","4,259.05","4,258.40","4,278.85","4,240.15","","0.10%"
"07-11-2014","4,254.65","4,251.30","4,263.15","4,227.30","","0.09%"
"05-11-2014","4,250.80","4,259.15","4,268.65","4,245.55","","0.13%"
"03-11-2014","4,245.15","4,247.95","4,250.20","4,228.40","","0.23%"
"31-10-2014","4,235.60","4,177.50","4,238.55","4,176.65","","1.82%"
"30-10-2014","4,160.05","4,119.80","4,164.20","4,119.80","","0.91%"
"29-10-2014","4,122.70","4,115.90","4,125.60","4,104.60","","0.75%"
"28-10-2014","4,092.20","4,078.30","4,095.75","4,074.95","","0.43%"
"27-10-2014","4,074.70","4,113.60","4,113.60","4,071.95","","-0.38%"
"23-10-2014","4,090.10","4,095.05","4,097.20","4,086.95","","0.34%"
"22-10-2014","4,076.40","4,074.00","4,080.50","4,064.45","","0.92%"
"21-10-2014","4,039.40","4,024.60","4,042.95","4,013.60","","0.71%"
"20-10-2014","4,010.95","4,018.20","4,023.90","3,997.75","","1.33%"
"17-10-2014","3,958.30","3,934.15","3,976.85","3,925.55","","0.53%"
"16-10-2014","3,937.40","3,992.95","4,020.90","3,926.10","","-1.74%"
"14-10-2014","4,007.20","4,034.45","4,038.40","3,990.25","","-0.22%"
"13-10-2014","4,015.90","3,986.70","4,023.15","3,969.60","","0.36%"
"10-10-2014","4,001.60","4,031.50","4,038.25","3,996.40","","-1.35%"
"09-10-2014","4,056.30","4,014.00","4,061.70","4,014.00","","1.59%"
"08-10-2014","3,992.85","3,986.85","4,008.65","3,978.75","","-0.12%"
"07-10-2014","3,997.70","4,024.85","4,048.50","3,992.80","","-1.17%"
"01-10-2014","4,044.95","4,054.45","4,066.20","4,041.90","","-0.28%"
"30-09-2014","4,056.20","4,047.20","4,091.55","4,035.80","","0.07%"
"29-09-2014","4,053.50","4,056.55","4,071.35","4,040.35","","0.05%"
"26-09-2014","4,051.65","4,001.50","4,059.40","3,980.85","","0.89%"
"25-09-2014","4,015.90","4,072.70","4,079.75","4,000.10","","-1.38%"
"24-09-2014","4,072.15","4,084.70","4,096.95","4,041.00","","-0.34%"
"23-09-2014","4,085.85","4,156.50","4,166.00","4,081.60","","-1.70%"
"22-09-2014","4,156.60","4,127.90","4,163.25","4,119.55","","0.23%"
"19-09-2014","4,146.90","4,157.15","4,174.05","4,140.05","","-0.04%"
"18-09-2014","4,148.70","4,064.10","4,151.55","4,059.20","","1.80%"
"17-09-2014","4,075.40","4,075.15","4,081.25","4,048.50","","0.54%"
"16-09-2014","4,053.70","4,127.35","4,133.60","4,049.25","","-1.83%"
"15-09-2014","4,129.35","4,137.65","4,139.40","4,117.30","","-0.59%"
"12-09-2014","4,153.95","4,145.50","4,158.15","4,137.25","","0.25%"
"11-09-2014","4,143.40","4,149.95","4,157.95","4,125.75","","0.12%"
"10-09-2014","4,138.60","4,155.95","4,155.95","4,132.50","","-0.64%"
"09-09-2014","4,165.40","4,164.35","4,170.50","4,150.95","","-0.05%"
"08-09-2014","4,167.55","4,144.05","4,169.65","4,142.70","","1.12%"
"05-09-2014","4,121.55","4,126.65","4,139.25","4,102.45","","-0.05%"
"04-09-2014","4,123.80","4,132.10","4,132.10","4,102.10","","-0.24%"
"03-09-2014","4,133.55","4,126.95","4,146.05","4,121.90","","0.50%"
"02-09-2014","4,113.05","4,090.00","4,122.95","4,090.00","","0.70%"
"01-09-2014","4,084.55","4,053.05","4,087.70","4,053.05","","1.20%"
"28-08-2014","4,036.05","4,037.55","4,047.70","4,028.50","","0.09%"
"27-08-2014","4,032.45","4,031.90","4,040.55","4,021.75","","0.39%"
"26-08-2014","4,016.60","4,002.95","4,023.40","3,991.70","","-0.01%"
"25-08-2014","4,017.10","4,037.70","4,054.10","4,013.10","","-0.30%"
"22-08-2014","4,029.10","4,027.70","4,038.70","4,022.05","","0.22%"
"21-08-2014","4,020.15","4,011.45","4,037.05","4,002.60","","0.27%"
"20-08-2014","4,009.35","4,024.35","4,025.90","4,003.75","","-0.16%"
"19-08-2014","4,015.80","4,010.35","4,021.60","4,004.55","","0.48%"
"18-08-2014","3,996.45","3,944.70","3,999.25","3,944.70","","1.20%"
"14-08-2014","3,949.20","3,926.45","3,951.10","3,919.85","","0.76%"
"13-08-2014","3,919.25","3,920.30","3,940.10","3,895.50","","-0.17%"
"12-08-2014","3,925.95","3,907.60","3,930.10","3,894.60","","1.18%"
"11-08-2014","3,880.20","3,877.40","3,884.45","3,867.70","","0.77%"
"08-08-2014","3,850.70","3,867.60","3,867.60","3,837.00","","-1.24%"
"07-08-2014","3,898.95","3,901.85","3,926.80","3,889.80","","-0.31%"
"06-08-2014","3,911.25","3,934.90","3,948.10","3,904.75","","-0.88%"
"05-08-2014","3,945.90","3,925.30","3,948.20","3,894.80","","0.80%"
"04-08-2014","3,914.45","3,890.65","3,919.85","3,887.80","","1.06%"
"01-08-2014","3,873.55","3,896.60","3,931.20","3,869.65","","-1.37%"
"31-07-2014","3,927.25","3,950.35","3,959.45","3,923.80","","-0.68%"
"30-07-2014","3,954.20","3,929.10","3,957.75","3,911.80","","0.58%"
"28-07-2014","3,931.30","3,950.90","3,954.35","3,918.90","","-0.47%"
"25-07-2014","3,950.00","3,976.65","3,981.55","3,923.40","","-0.68%"
"24-07-2014","3,977.15","3,966.15","3,980.20","3,952.85","","0.31%"
"23-07-2014","3,965.00","3,970.60","3,978.55","3,941.80","","0.21%"
"22-07-2014","3,956.85","3,934.65","3,959.35","3,932.30","","0.88%"
"21-07-2014","3,922.50","3,932.15","3,945.00","3,917.50","","0.21%"
"18-07-2014","3,914.20","3,902.50","3,924.50","3,881.10","","0.11%"
"17-07-2014","3,910.00","3,887.60","3,915.75","3,887.60","","0.44%"
"16-07-2014","3,892.75","3,861.80","3,899.80","3,848.70","","1.28%"
"15-07-2014","3,843.45","3,816.50","3,847.00","3,803.40","","1.21%"
"14-07-2014","3,797.40","3,798.60","3,809.80","3,776.45","","0.02%"
"11-07-2014","3,796.65","3,871.95","3,895.20","3,789.10","","-1.77%"
"10-07-2014","3,864.90","3,868.15","3,948.00","3,806.80","","-0.04%"
"09-07-2014","3,866.60","3,899.85","3,908.70","3,848.20","","-0.71%"
"08-07-2014","3,894.35","4,006.80","4,008.80","3,879.70","","-2.59%"
"07-07-2014","3,997.80","3,996.55","4,002.25","3,983.20","","0.39%"
"04-07-2014","3,982.20","3,967.10","3,984.85","3,938.85","","0.46%"
"03-07-2014","3,963.85","3,977.00","3,985.65","3,958.85","","-0.14%"
"02-07-2014","3,969.45","3,945.35","3,973.10","3,943.60","","1.27%"
"01-07-2014","3,919.80","3,915.45","3,927.75","3,911.10","","0.38%"
"30-06-2014","3,905.05","3,859.95","3,910.45","3,859.95","","1.50%"
"27-06-2014","3,847.45","3,848.20","3,862.35","3,830.80","","0.26%"
"26-06-2014","3,837.30","3,864.85","3,873.10","3,831.95","","-0.85%"
"25-06-2014","3,870.05","3,876.25","3,878.70","3,864.45","","-0.03%"
"24-06-2014","3,871.25","3,834.65","3,878.20","3,834.65","","1.22%"
"23-06-2014","3,824.50","3,829.50","3,842.70","3,800.55","","-0.05%"
"20-06-2014","3,826.40","3,843.30","3,853.30","3,818.45","","-0.41%"
"19-06-2014","3,842.25","3,865.75","3,881.50","3,825.30","","-0.32%"
"18-06-2014","3,854.65","3,894.20","3,913.65","3,831.70","","-0.93%"
"17-06-2014","3,890.70","3,836.20","3,893.15","3,829.50","","1.32%"
"16-06-2014","3,840.10","3,837.45","3,845.70","3,801.65","","-0.06%"
"13-06-2014","3,842.25","3,918.35","3,921.45","3,831.70","","-1.71%"
"12-06-2014","3,909.00","3,904.50","3,913.90","3,878.95","","0.26%"
"11-06-2014","3,898.70","3,931.00","3,947.40","3,879.30","","-0.60%"
"10-06-2014","3,922.10","3,937.80","3,938.65","3,879.75","","-0.06%"
"09-06-2014","3,924.40","3,907.25","3,933.25","3,905.65","","1.00%"
"06-06-2014","3,885.65","3,852.10","3,889.25","3,843.40","","1.53%"
"05-06-2014","3,827.00","3,789.40","3,831.25","3,769.15","","1.06%"
"04-06-2014","3,786.75","3,783.30","3,794.45","3,777.35","","0.13%"
"03-06-2014","3,781.70","3,762.40","3,786.45","3,746.75","","0.75%"
"02-06-2014","3,753.60","3,702.40","3,756.15","3,693.35","","1.85%"
"30-05-2014","3,685.45","3,693.80","3,704.40","3,675.65","","0.07%"
"29-05-2014","3,683.00","3,721.15","3,725.20","3,677.75","","-1.16%"
"28-05-2014","3,726.15","3,722.50","3,732.70","3,710.05","","0.24%"
"27-05-2014","3,717.20","3,745.45","3,747.55","3,690.55","","-0.68%"
"26-05-2014","3,742.80","3,796.40","3,835.10","3,691.30","","-0.53%"
"23-05-2014","3,762.65","3,730.65","3,768.25","3,726.90","","1.37%"
"22-05-2014","3,711.75","3,709.70","3,732.30","3,697.45","","0.66%"
"21-05-2014","3,687.25","3,695.50","3,703.15","3,660.65","","-0.11%"
"20-05-2014","3,691.30","3,705.60","3,714.90","3,675.00","","0.32%"
"19-05-2014","3,679.65","3,659.25","3,683.15","3,631.90","","1.58%"
"16-05-2014","3,622.25","3,645.80","3,782.45","3,586.80","","1.35%"
"15-05-2014","3,574.10","3,577.20","3,597.65","3,556.15","","-0.01%"
"14-05-2014","3,574.30","3,566.00","3,582.40","3,555.05","","0.34%"
"13-05-2014","3,562.35","3,541.15","3,590.35","3,537.45","","1.50%"
"12-05-2014","3,509.80","3,442.75","3,511.95","3,442.75","","2.03%"
"09-05-2014","3,439.85","3,344.00","3,444.50","3,343.35","","2.78%"
"08-05-2014","3,346.95","3,354.05","3,363.05","3,337.15","","0.04%"
"07-05-2014","3,345.55","3,370.65","3,376.65","3,341.30","","-0.83%"
"06-05-2014","3,373.45","3,375.90","3,388.00","3,366.45","","0.22%"
"05-05-2014","3,365.90","3,359.55","3,385.15","3,359.55","","0.03%"
"02-05-2014","3,364.90","3,371.40","3,384.70","3,361.75","","0.09%"
"30-04-2014","3,361.90","3,384.95","3,411.05","3,339.30","","-0.52%"
"29-04-2014","3,379.60","3,408.75","3,414.00","3,376.70","","-0.70%"
"28-04-2014","3,403.55","3,408.15","3,414.10","3,394.65","","-0.16%"
"25-04-2014","3,409.15","3,438.05","3,439.10","3,402.95","","-0.64%"
"23-04-2014","3,431.10","3,424.85","3,441.00","3,423.30","","0.30%"
"22-04-2014","3,420.80","3,425.95","3,433.10","3,416.65","","-0.03%"
"21-04-2014","3,421.70","3,406.15","3,425.45","3,406.15","","0.64%"
"17-04-2014","3,399.80","3,359.05","3,401.05","3,355.20","","1.54%"
"16-04-2014","3,348.40","3,376.15","3,389.45","3,343.20","","-0.88%"
"15-04-2014","3,378.15","3,412.60","3,420.70","3,370.15","","-0.77%"
"11-04-2014","3,404.30","3,395.95","3,411.05","3,389.85","","-0.27%"
"10-04-2014","3,413.40","3,409.80","3,424.80","3,400.90","","0.23%"
"09-04-2014","3,405.65","3,367.75","3,410.80","3,364.95","","1.53%"
"07-04-2014","3,354.35","3,355.50","3,368.90","3,330.95","","-0.01%"
"04-04-2014","3,354.80","3,372.20","3,372.20","3,351.00","","-0.46%"
"03-04-2014","3,370.15","3,387.95","3,388.45","3,351.95","","-0.34%"
"02-04-2014","3,381.75","3,377.20","3,384.45","3,365.00","","0.70%"
"01-04-2014","3,358.25","3,366.25","3,366.25","3,336.15","","0.13%"
"31-03-2014","3,353.75","3,355.60","3,361.75","3,330.00","","0.37%"
"28-03-2014","3,341.30","3,322.05","3,344.55","3,314.10","","1.06%"
"27-03-2014","3,306.20","3,291.10","3,320.45","3,287.40","","0.61%"
"26-03-2014","3,286.20","3,291.55","3,297.75","3,274.35","","0.22%"
"25-03-2014","3,278.90","3,258.30","3,281.00","3,257.75","","0.21%"
"24-03-2014","3,272.15","3,244.05","3,274.90","3,244.05","","1.12%"
"22-03-2014","3,235.95","3,235.95","3,238.50","3,230.85","","0.10%"
"21-03-2014","3,232.75","3,238.90","3,243.20","3,229.00","","0.28%"
"20-03-2014","3,223.75","3,236.85","3,244.10","3,219.55","","-0.63%"
"19-03-2014","3,244.20","3,246.70","3,252.30","3,235.60","","0.16%"
"18-03-2014","3,239.05","3,238.20","3,259.50","3,229.05","","0.44%"
"14-03-2014","3,224.80","3,200.60","3,230.80","3,191.95","","0.13%"
"13-03-2014","3,220.55","3,225.40","3,257.60","3,212.20","","-0.42%"
"12-03-2014","3,234.00","3,226.10","3,248.20","3,221.30","","0.04%"
"11-03-2014","3,232.60","3,247.50","3,260.65","3,224.80","","-0.42%"
"10-03-2014","3,246.35","3,222.60","3,256.35","3,222.60","","0.25%"
"07-03-2014","3,238.40","3,193.85","3,242.95","3,193.85","","1.64%"
"06-03-2014","3,186.20","3,157.60","3,188.60","3,156.30","","1.18%"
"05-03-2014","3,149.10","3,146.80","3,152.65","3,129.65","","0.56%"
"04-03-2014","3,131.55","3,093.85","3,133.20","3,093.85","","1.18%"
"03-03-2014","3,095.15","3,112.60","3,122.00","3,090.10","","-0.73%"
"28-02-2014","3,117.85","3,093.55","3,120.55","3,093.55","","0.72%"
"26-02-2014","3,095.45","3,081.70","3,097.90","3,081.70","","0.50%"
"25-02-2014","3,079.95","3,082.55","3,089.15","3,070.05","","0.23%"
"24-02-2014","3,072.90","3,055.00","3,075.15","3,051.45","","0.42%"
"21-02-2014","3,060.20","3,038.00","3,061.65","3,038.00","","0.99%"
"20-02-2014","3,030.15","3,041.85","3,046.15","3,028.05","","-0.82%"
"19-02-2014","3,055.05","3,044.40","3,057.90","3,043.05","","0.43%"
"18-02-2014","3,042.10","3,015.35","3,048.60","3,013.75","","0.87%"
"17-02-2014","3,015.80","3,011.00","3,019.60","3,001.20","","0.32%"
"14-02-2014","3,006.20","2,996.70","3,009.50","2,976.10","","0.65%"
"13-02-2014","2,986.70","3,029.40","3,031.95","2,981.90","","-1.34%"
"12-02-2014","3,027.25","3,030.60","3,039.20","3,023.70","","0.27%"
"11-02-2014","3,019.05","3,023.25","3,028.65","3,015.25","","0.14%"
"10-02-2014","3,014.75","3,025.85","3,030.50","3,011.75","","-0.21%"
"07-02-2014","3,021.10","3,027.55","3,028.55","3,005.80","","0.45%"
"06-02-2014","3,007.65","3,005.85","3,015.75","2,977.30","","0.23%"
"05-02-2014","3,000.60","2,990.80","3,003.55","2,973.75","","0.41%"
"04-02-2014","2,988.35","2,960.40","2,996.00","2,952.05","","0.07%"
"03-02-2014","2,986.35","3,014.35","3,021.60","2,982.95","","-1.36%"
"31-01-2014","3,027.40","3,012.90","3,031.30","3,008.45","","0.69%"
"30-01-2014","3,006.60","3,009.40","3,010.40","2,986.65","","-0.96%"
"29-01-2014","3,035.80","3,052.90","3,058.95","3,031.05","","-0.01%"
"28-01-2014","3,036.00","3,038.40","3,054.55","3,018.25","","-0.13%"
"27-01-2014","3,039.90","3,074.15","3,074.15","3,037.05","","-2.29%"
"24-01-2014","3,111.00","3,134.15","3,146.70","3,109.90","","-1.34%"
"23-01-2014","3,153.25","3,146.45","3,157.45","3,142.60","","0.02%"
"22-01-2014","3,152.70","3,139.95","3,157.55","3,131.30","","0.34%"
"21-01-2014","3,141.95","3,144.25","3,151.10","3,134.90","","0.16%"
"20-01-2014","3,137.00","3,112.80","3,138.70","3,106.35","","0.76%"
"17-01-2014","3,113.20","3,139.05","3,148.15","3,106.35","","-1.00%"
"16-01-2014","3,144.65","3,159.05","3,161.70","3,137.65","","-0.17%"
"15-01-2014","3,150.15","3,128.05","3,151.90","3,128.05","","1.06%"
"14-01-2014","3,117.05","3,124.00","3,134.25","3,113.50","","-0.41%"
"13-01-2014","3,129.85","3,099.25","3,136.05","3,099.25","","1.22%"
"10-01-2014","3,092.00","3,100.25","3,127.00","3,080.20","","-0.10%"
"09-01-2014","3,094.95","3,106.40","3,110.00","3,085.65","","-0.26%"
"08-01-2014","3,103.00","3,102.75","3,112.60","3,094.70","","0.27%"
"07-01-2014","3,094.65","3,117.80","3,126.90","3,088.45","","-0.56%"
"06-01-2014","3,112.00","3,122.70","3,122.70","3,101.25","","-0.18%"
"03-01-2014","3,117.70","3,105.15","3,121.90","3,094.95","","0.00%"
"02-01-2014","3,117.85","3,163.15","3,189.10","3,113.20","","-1.42%"
"01-01-2014","3,162.90","3,169.60","3,171.40","3,160.45","","0.08%"
